
INSERT INTO USER_ACCOUNT VALUES (2,now(),'apeironsol',1,0,0,1,0,'/x/2nTS83P0nTK8Eio/mXB701NbgYbvw',NULL,'pradeep');
INSERT INTO USER_ROLE VALUES (2,now(),'apeironsol',0,'ROLE_APEIRONSOL',2);

INSERT INTO USER_ACCOUNT VALUES (3,now(),'apeironsol',1,0,0,1,0,'/x/2nTS83P0nTK8Eio/mXB701NbgYbvw',NULL,'sandeep');
INSERT INTO USER_ROLE VALUES (3,now(),'apeironsol',0,'ROLE_APEIRONSOL',3);

INSERT INTO USER_ACCOUNT VALUES (4,now(),'apeironsol',1,0,0,1,0,'/x/2nTS83P0nTK8Eio/mXB701NbgYbvw',NULL,'chandra');
INSERT INTO USER_ROLE VALUES (4,now(),'apeironsol',0,'ROLE_APEIRONSOL',4);


INSERT INTO COUNTRY (`ISO3_CODE`,`ISO2_CODE`,`NAME`,`NUM_CODE`) VALUES ('IND','IN','India',356);

commit;
/**
Users
Bizcapps
**/
insert into USER_ACCOUNT (ID, VERSION, ACC_EXPIRED, ACC_LOCKED, ACTIVE, CRDTLS_EXPIRED, PASSWORD, USERNAME, AUDIT_TIMESTAMP, AUDIT_USER_NAME) values(1, 1, 0, 0, 1, 0, '/x/2nTS83P0nTK8Eio/mXB701NbgYbvw', 'bizcapps',now(),'bizcapps');
insert into USER_GROUP (ID, VERSION, AUDIT_TIMESTAMP, AUDIT_USER_NAME,NAME) values(1, 0, now(), 'bizcapps', 'Bizcapps');
insert into USER_ACCOUNT_USER_GROUP (userAccounts_ID,userGroups_ID) values (1,1);
insert into USER_GROUP_AUTHORITY(ID,VERSION,AUDIT_USER_NAME,AUDIT_TIMESTAMP,AUTHORITY,GROUP_ID) values (1,0,'bizcapps',now(),'ROLE_BIZCAPPS',1);
insert into USER_ROLE(ID,AUDIT_TIMESTAMP,AUDIT_USER_NAME,VERSION,USER_ROLE,USER_ACCOUNT_ID) values(1,now(),'bizcapps',0,'ROLE_BIZCAPPS',1);

/**
Organization Admin
**/
insert into USER_ACCOUNT (ID, VERSION, ACC_EXPIRED, ACC_LOCKED, ACTIVE, CRDTLS_EXPIRED, PASSWORD, USERNAME, AUDIT_TIMESTAMP, AUDIT_USER_NAME) values(2, 0, 0, 0, 1, 0, '/x/2nTS83P0nTK8Eio/mXB701NbgYbvw', 'admin',now(),'bizcapps');
insert into USER_GROUP (ID, VERSION, AUDIT_TIMESTAMP, AUDIT_USER_NAME,NAME) values(2, 0, now(), 'bizcapps', 'Organization Management');
insert into USER_ACCOUNT_USER_GROUP (userAccounts_ID,userGroups_ID) values (2,2);
insert into USER_GROUP_AUTHORITY(ID,VERSION,AUDIT_USER_NAME,AUDIT_TIMESTAMP,AUTHORITY,GROUP_ID) values (2,0,'bizcapps',now(),'ROLE_ORGANIZATION_ADMIN',2);


/**
Branch Admin
**/
insert into USER_ACCOUNT (ID, VERSION, ACC_EXPIRED, ACC_LOCKED, ACTIVE, CRDTLS_EXPIRED, PASSWORD, USERNAME, AUDIT_TIMESTAMP, AUDIT_USER_NAME,PASSWORD_CHANGED_DATE) values(3, 0, 0, 0, 1, 0, '/x/2nTS83P0nTK8Eio/mXB701NbgYbvw', 'branch',now(),'bizcapps',now());
insert into USER_GROUP (ID, VERSION, AUDIT_TIMESTAMP, AUDIT_USER_NAME,NAME) values(3, 0, now(), 'bizcapps', 'Branch Management');
insert into USER_ACCOUNT_USER_GROUP (userAccounts_ID,userGroups_ID) values (3,3);
insert into USER_GROUP_AUTHORITY(ID,VERSION,AUDIT_USER_NAME,AUDIT_TIMESTAMP,AUTHORITY,GROUP_ID) values (3,0,'bizcapps',now(),'ROLE_BRANCH_ADMIN',3);


/**Organization**/
INSERT INTO ORGANIZATION (ID,VERSION,NAME,REGISTRATION_TYPE,AUDIT_TIMESTAMP,AUDIT_USER_NAME) VALUES (1,0,'My Organization','PRIVATE',now(),'bizcapps');
/**
Organization Units
Branch1
**/
INSERT INTO BRANCH (ID,VERSION,NAME,ORGANIZATION_ID,AUDIT_TIMESTAMP,AUDIT_USER_NAME) VALUES (1,0,'Branch1',1,now(),'bizcapps');


/**Access controls**/
insert into  ACCESS_CONTROL (ID,AUDIT_TIMESTAMP,AUDIT_USER_NAME,VERSION,ACCESS_CONTROL_TYPE,REF_ID,USER_ACCOUNT_ID) values (1,now(),'bizcapps',0,'ORGANIZATION',1,2);
insert into ACCESS_CONTROL (ID,VERSION,ACCESS_CONTROL_TYPE,REF_ID,USER_ACCOUNT_ID,AUDIT_TIMESTAMP,AUDIT_USER_NAME)  VALUES(2,0,'BRANCH',1,2,now(),'bizcapps');
insert into ACCESS_CONTROL (ID,VERSION,ACCESS_CONTROL_TYPE,REF_ID,USER_ACCOUNT_ID,AUDIT_TIMESTAMP,AUDIT_USER_NAME)  VALUES(3,0,'BRANCH',1,1,now(),'bizcapps');

/**Branch2**/
INSERT INTO BRANCH (ID,VERSION,NAME,ORGANIZATION_ID,AUDIT_TIMESTAMP,AUDIT_USER_NAME) VALUES (2,0,'Branch2',1,now(),'bizcapps');


/**Classes**/
INSERT INTO CLASS (ID,VERSION,CODE,NAME,ORGANIZATION_UNIT_ID) VALUES (1,0,'LKG','Lower Kindergarten',1);
INSERT INTO CLASS (ID,VERSION,CODE,NAME,ORGANIZATION_UNIT_ID) VALUES (2,0,'UKG','Upper Kindergarten',1);
INSERT INTO CLASS (ID,VERSION,CODE,NAME,ORGANIZATION_UNIT_ID) VALUES (3,2,'I','First',1);
INSERT INTO CLASS (ID,VERSION,CODE,NAME,ORGANIZATION_UNIT_ID) VALUES (4,2,'II','Second',1);
INSERT INTO CLASS (ID,VERSION,CODE,NAME,ORGANIZATION_UNIT_ID) VALUES (5,0,'III','Third',1);
INSERT INTO CLASS (ID,VERSION,CODE,NAME,ORGANIZATION_UNIT_ID) VALUES (6,0,'IV','Fourth',1);
INSERT INTO CLASS (ID,VERSION,CODE,NAME,ORGANIZATION_UNIT_ID) VALUES (7,0,'V','Fifth',1);
INSERT INTO CLASS (ID,VERSION,CODE,NAME,ORGANIZATION_UNIT_ID) VALUES (8,0,'VI','Sixth',1);
INSERT INTO CLASS (ID,VERSION,CODE,NAME,ORGANIZATION_UNIT_ID) VALUES (9,0,'VII','Seventh',1);
INSERT INTO CLASS (ID,VERSION,CODE,NAME,ORGANIZATION_UNIT_ID) VALUES (10,0,'VIII','Eighth',1);
INSERT INTO CLASS (ID,VERSION,CODE,NAME,ORGANIZATION_UNIT_ID) VALUES (11,0,'IX','Ninth',1);
INSERT INTO CLASS (ID,VERSION,CODE,NAME,ORGANIZATION_UNIT_ID) VALUES (12,0,'X','Tenth',1);

/**Subjects**/
INSERT INTO SUBJECT (ID,VERSION,CODE,NAME,OPTIONAL_IND,CLASS_ID) VALUES (1,0,'ENG','English',1,1);
INSERT INTO SUBJECT (ID,VERSION,CODE,NAME,OPTIONAL_IND,CLASS_ID) VALUES (2,0,'TEL','Telugu',1,1);
INSERT INTO SUBJECT (ID,VERSION,CODE,NAME,OPTIONAL_IND,CLASS_ID) VALUES (3,0,'HIN','Hindi',0,1);
INSERT INTO SUBJECT (ID,VERSION,CODE,NAME,OPTIONAL_IND,CLASS_ID) VALUES (4,0,'MAT','Maths',0,1);
INSERT INTO SUBJECT (ID,VERSION,CODE,NAME,OPTIONAL_IND,CLASS_ID) VALUES (5,0,'SCN','Science',0,1);
INSERT INTO SUBJECT (ID,VERSION,CODE,NAME,OPTIONAL_IND,CLASS_ID) VALUES (6,0,'SOC','Social',0,1);
INSERT INTO SUBJECT (ID,VERSION,CODE,NAME,OPTIONAL_IND,CLASS_ID) VALUES (7,0,'ENG','English',0,2);
INSERT INTO SUBJECT (ID,VERSION,CODE,NAME,OPTIONAL_IND,CLASS_ID) VALUES (8,0,'HIN','Hindi',0,2);
INSERT INTO SUBJECT (ID,VERSION,CODE,NAME,OPTIONAL_IND,CLASS_ID) VALUES (9,0,'MAT','Maths',0,2);
INSERT INTO SUBJECT (ID,VERSION,CODE,NAME,OPTIONAL_IND,CLASS_ID) VALUES (10,0,'SCN','Science',0,2);
INSERT INTO SUBJECT (ID,VERSION,CODE,NAME,OPTIONAL_IND,CLASS_ID) VALUES (11,0,'SOC','Social',0,2);
INSERT INTO SUBJECT (ID,VERSION,CODE,NAME,OPTIONAL_IND,CLASS_ID) VALUES (12,0,'TEL','Telugu',0,2);
INSERT INTO SUBJECT (ID,VERSION,CODE,NAME,OPTIONAL_IND,CLASS_ID) VALUES (13,0,'ENG','English',0,3);
INSERT INTO SUBJECT (ID,VERSION,CODE,NAME,OPTIONAL_IND,CLASS_ID) VALUES (14,0,'HIN','Hindi',0,3);
INSERT INTO SUBJECT (ID,VERSION,CODE,NAME,OPTIONAL_IND,CLASS_ID) VALUES (15,0,'MAT','Maths',0,3);
INSERT INTO SUBJECT (ID,VERSION,CODE,NAME,OPTIONAL_IND,CLASS_ID) VALUES (16,0,'SCN','Science',0,3);
INSERT INTO SUBJECT (ID,VERSION,CODE,NAME,OPTIONAL_IND,CLASS_ID) VALUES (17,0,'SOC','Social',0,3);
INSERT INTO SUBJECT (ID,VERSION,CODE,NAME,OPTIONAL_IND,CLASS_ID) VALUES (18,0,'TEL','Telugu',0,3);
INSERT INTO SUBJECT (ID,VERSION,CODE,NAME,OPTIONAL_IND,CLASS_ID) VALUES (19,0,'ENG','English',0,4);
INSERT INTO SUBJECT (ID,VERSION,CODE,NAME,OPTIONAL_IND,CLASS_ID) VALUES (20,0,'HIN','Hindi',0,4);
INSERT INTO SUBJECT (ID,VERSION,CODE,NAME,OPTIONAL_IND,CLASS_ID) VALUES (21,0,'MAT','Maths',0,4);
INSERT INTO SUBJECT (ID,VERSION,CODE,NAME,OPTIONAL_IND,CLASS_ID) VALUES (22,0,'SCN','Science',0,4);
INSERT INTO SUBJECT (ID,VERSION,CODE,NAME,OPTIONAL_IND,CLASS_ID) VALUES (23,0,'SOC','Social',0,4);
INSERT INTO SUBJECT (ID,VERSION,CODE,NAME,OPTIONAL_IND,CLASS_ID) VALUES (24,0,'TEL','Telugu',0,4);
INSERT INTO SUBJECT (ID,VERSION,CODE,NAME,OPTIONAL_IND,CLASS_ID) VALUES (25,1,'ENG','English',0,5);
INSERT INTO SUBJECT (ID,VERSION,CODE,NAME,OPTIONAL_IND,CLASS_ID) VALUES (26,0,'HIN','Hindi',0,5);
INSERT INTO SUBJECT (ID,VERSION,CODE,NAME,OPTIONAL_IND,CLASS_ID) VALUES (27,0,'MAT','Maths',0,5);
INSERT INTO SUBJECT (ID,VERSION,CODE,NAME,OPTIONAL_IND,CLASS_ID) VALUES (28,0,'SCN','Science',0,5);
INSERT INTO SUBJECT (ID,VERSION,CODE,NAME,OPTIONAL_IND,CLASS_ID) VALUES (29,0,'SOC','Social',0,5);
INSERT INTO SUBJECT (ID,VERSION,CODE,NAME,OPTIONAL_IND,CLASS_ID) VALUES (30,0,'TEL','Telugu',0,5);
INSERT INTO SUBJECT (ID,VERSION,CODE,NAME,OPTIONAL_IND,CLASS_ID) VALUES (31,0,'ENG','English',0,6);
INSERT INTO SUBJECT (ID,VERSION,CODE,NAME,OPTIONAL_IND,CLASS_ID) VALUES (32,0,'HIN','Maths',0,6);
INSERT INTO SUBJECT (ID,VERSION,CODE,NAME,OPTIONAL_IND,CLASS_ID) VALUES (33,0,'MAT','Maths',0,6);
INSERT INTO SUBJECT (ID,VERSION,CODE,NAME,OPTIONAL_IND,CLASS_ID) VALUES (34,0,'SCN','Science',0,6);
INSERT INTO SUBJECT (ID,VERSION,CODE,NAME,OPTIONAL_IND,CLASS_ID) VALUES (35,0,'SOC','Social',0,6);
INSERT INTO SUBJECT (ID,VERSION,CODE,NAME,OPTIONAL_IND,CLASS_ID) VALUES (36,0,'TEL','Telugu',0,6);
INSERT INTO SUBJECT (ID,VERSION,CODE,NAME,OPTIONAL_IND,CLASS_ID) VALUES (37,0,'ENG','English',0,7);
INSERT INTO SUBJECT (ID,VERSION,CODE,NAME,OPTIONAL_IND,CLASS_ID) VALUES (38,0,'HIN','Hindi',0,7);
INSERT INTO SUBJECT (ID,VERSION,CODE,NAME,OPTIONAL_IND,CLASS_ID) VALUES (39,0,'MAT','Maths',0,7);
INSERT INTO SUBJECT (ID,VERSION,CODE,NAME,OPTIONAL_IND,CLASS_ID) VALUES (40,0,'SCN','Science',0,7);
INSERT INTO SUBJECT (ID,VERSION,CODE,NAME,OPTIONAL_IND,CLASS_ID) VALUES (41,0,'SOC','Social',0,7);
INSERT INTO SUBJECT (ID,VERSION,CODE,NAME,OPTIONAL_IND,CLASS_ID) VALUES (42,0,'TEL','Telugu',0,7);
INSERT INTO SUBJECT (ID,VERSION,CODE,NAME,OPTIONAL_IND,CLASS_ID) VALUES (43,0,'ENG','English',0,8);
INSERT INTO SUBJECT (ID,VERSION,CODE,NAME,OPTIONAL_IND,CLASS_ID) VALUES (44,0,'HIN','Hindi',0,8);
INSERT INTO SUBJECT (ID,VERSION,CODE,NAME,OPTIONAL_IND,CLASS_ID) VALUES (45,0,'MAT','Maths',0,8);
INSERT INTO SUBJECT (ID,VERSION,CODE,NAME,OPTIONAL_IND,CLASS_ID) VALUES (46,0,'SCN','Science',0,8);
INSERT INTO SUBJECT (ID,VERSION,CODE,NAME,OPTIONAL_IND,CLASS_ID) VALUES (47,0,'SOC','Social',0,8);
INSERT INTO SUBJECT (ID,VERSION,CODE,NAME,OPTIONAL_IND,CLASS_ID) VALUES (48,0,'TEL','Social',0,8);
INSERT INTO SUBJECT (ID,VERSION,CODE,NAME,OPTIONAL_IND,CLASS_ID) VALUES (49,0,'ENG','English',0,9);
INSERT INTO SUBJECT (ID,VERSION,CODE,NAME,OPTIONAL_IND,CLASS_ID) VALUES (50,0,'HIN','Hindi',0,9);
INSERT INTO SUBJECT (ID,VERSION,CODE,NAME,OPTIONAL_IND,CLASS_ID) VALUES (51,0,'MAT','Maths',0,9);
INSERT INTO SUBJECT (ID,VERSION,CODE,NAME,OPTIONAL_IND,CLASS_ID) VALUES (52,0,'SCN','Science',0,9);
INSERT INTO SUBJECT (ID,VERSION,CODE,NAME,OPTIONAL_IND,CLASS_ID) VALUES (53,0,'SOC','Social',0,9);
INSERT INTO SUBJECT (ID,VERSION,CODE,NAME,OPTIONAL_IND,CLASS_ID) VALUES (54,0,'TEL','Telugu',0,9);
INSERT INTO SUBJECT (ID,VERSION,CODE,NAME,OPTIONAL_IND,CLASS_ID) VALUES (55,0,'ENG','English',0,10);
INSERT INTO SUBJECT (ID,VERSION,CODE,NAME,OPTIONAL_IND,CLASS_ID) VALUES (56,0,'HIN','Hindi',0,10);
INSERT INTO SUBJECT (ID,VERSION,CODE,NAME,OPTIONAL_IND,CLASS_ID) VALUES (57,0,'MAT','Maths',0,10);
INSERT INTO SUBJECT (ID,VERSION,CODE,NAME,OPTIONAL_IND,CLASS_ID) VALUES (58,0,'SCN','Science',0,10);
INSERT INTO SUBJECT (ID,VERSION,CODE,NAME,OPTIONAL_IND,CLASS_ID) VALUES (59,0,'SOC','Social',0,10);
INSERT INTO SUBJECT (ID,VERSION,CODE,NAME,OPTIONAL_IND,CLASS_ID) VALUES (60,0,'TEL','Telugu',0,10);
INSERT INTO SUBJECT (ID,VERSION,CODE,NAME,OPTIONAL_IND,CLASS_ID) VALUES (61,0,'ENG','English',0,11);
INSERT INTO SUBJECT (ID,VERSION,CODE,NAME,OPTIONAL_IND,CLASS_ID) VALUES (62,0,'HIN','Hindi',0,11);
INSERT INTO SUBJECT (ID,VERSION,CODE,NAME,OPTIONAL_IND,CLASS_ID) VALUES (63,0,'MAT','Maths',0,11);
INSERT INTO SUBJECT (ID,VERSION,CODE,NAME,OPTIONAL_IND,CLASS_ID) VALUES (64,0,'SCN','Science',0,11);
INSERT INTO SUBJECT (ID,VERSION,CODE,NAME,OPTIONAL_IND,CLASS_ID) VALUES (65,0,'SOC','Social',0,11);
INSERT INTO SUBJECT (ID,VERSION,CODE,NAME,OPTIONAL_IND,CLASS_ID) VALUES (66,0,'TEL','Telugu',0,11);
INSERT INTO SUBJECT (ID,VERSION,CODE,NAME,OPTIONAL_IND,CLASS_ID) VALUES (67,0,'ENG','English',0,12);
INSERT INTO SUBJECT (ID,VERSION,CODE,NAME,OPTIONAL_IND,CLASS_ID) VALUES (68,0,'HIN','Hindi',0,12);
INSERT INTO SUBJECT (ID,VERSION,CODE,NAME,OPTIONAL_IND,CLASS_ID) VALUES (69,0,'MAT','Maths',0,12);
INSERT INTO SUBJECT (ID,VERSION,CODE,NAME,OPTIONAL_IND,CLASS_ID) VALUES (70,0,'SCN','Science',0,12);
INSERT INTO SUBJECT (ID,VERSION,CODE,NAME,OPTIONAL_IND,CLASS_ID) VALUES (71,0,'SOC','Social',0,12);
INSERT INTO SUBJECT (ID,VERSION,CODE,NAME,OPTIONAL_IND,CLASS_ID) VALUES (72,0,'TEL','Telugu',0,12);

/**Countries**/
INSERT INTO `COUNTRY` (`ISO3_CODE`,`ISO2_CODE`,`NAME`,`NUM_CODE`) VALUES ('IND','IN','India',356);
INSERT INTO `COUNTRY` (`ISO3_CODE`,`ISO2_CODE`,`NAME`,`NUM_CODE`) VALUES ('USA','US','United States',840);

/**States India**/
INSERT INTO state (ISO2_CODE,NAME,PRINTABLE_NAME,COUNTRY_ID,ID) VALUES ('AP','ANDHRA PRADESH','Andhra Pradesh','IND',1);
INSERT INTO state (ISO2_CODE,NAME,PRINTABLE_NAME,COUNTRY_ID,ID) VALUES ('AR','ARUNACHAL PRADESH','Arunachal Pradesh','IND',2);
INSERT INTO state (ISO2_CODE,NAME,PRINTABLE_NAME,COUNTRY_ID,ID) VALUES ('AS','ASSAM','Assam','IND',3);
INSERT INTO state (ISO2_CODE,NAME,PRINTABLE_NAME,COUNTRY_ID,ID) VALUES ('BR','BIHAR','Bihar','IND',4);
INSERT INTO state (ISO2_CODE,NAME,PRINTABLE_NAME,COUNTRY_ID,ID) VALUES ('CT','CHHATTISGARH','Chhattisgarh','IND',5);
INSERT INTO state (ISO2_CODE,NAME,PRINTABLE_NAME,COUNTRY_ID,ID) VALUES ('GA','GOA','Goa','IND',6);
INSERT INTO state (ISO2_CODE,NAME,PRINTABLE_NAME,COUNTRY_ID,ID) VALUES ('GJ','GUJARAT','Gujarat','IND',7);
INSERT INTO state (ISO2_CODE,NAME,PRINTABLE_NAME,COUNTRY_ID,ID) VALUES ('HR','HARYANA','Haryana','IND', 8);
INSERT INTO state (ISO2_CODE,NAME,PRINTABLE_NAME,COUNTRY_ID,ID) VALUES ('HP','HIMACHAL PRADESH','Himachal Pradesh','IND', 9);
INSERT INTO state (ISO2_CODE,NAME,PRINTABLE_NAME,COUNTRY_ID,ID) VALUES ('JK','JAMMU AND KASHMIR','Jammu and Kashmir','IND',10);
INSERT INTO state (ISO2_CODE,NAME,PRINTABLE_NAME,COUNTRY_ID,ID) VALUES ('JH','JHARKHAND','Jharkhand','IND',11);
INSERT INTO state (ISO2_CODE,NAME,PRINTABLE_NAME,COUNTRY_ID,ID) VALUES ('KA','KARNATAKA','Karnataka','IND',12);
INSERT INTO state (ISO2_CODE,NAME,PRINTABLE_NAME,COUNTRY_ID,ID) VALUES ('KL','KERALA','Kerala','IND',13);
INSERT INTO state (ISO2_CODE,NAME,PRINTABLE_NAME,COUNTRY_ID,ID) VALUES ('MP','MADHYA PRADESH','Madhya Pradesh','IND',14);
INSERT INTO state (ISO2_CODE,NAME,PRINTABLE_NAME,COUNTRY_ID,ID) VALUES ('MH','MAHARASHTRA','Maharashtra','IND',15);
INSERT INTO state (ISO2_CODE,NAME,PRINTABLE_NAME,COUNTRY_ID,ID) VALUES ('MN','MANIPUR','Manipur','IND',16);
INSERT INTO state (ISO2_CODE,NAME,PRINTABLE_NAME,COUNTRY_ID,ID) VALUES ('ML','MEGHALAYA','Meghalaya','IND',17);
INSERT INTO state (ISO2_CODE,NAME,PRINTABLE_NAME,COUNTRY_ID,ID) VALUES ('MZ','MIZORAM','Mizorama','IND',18);
INSERT INTO state (ISO2_CODE,NAME,PRINTABLE_NAME,COUNTRY_ID,ID) VALUES ('NL','NAGALAND','Nagaland','IND',19);
INSERT INTO state (ISO2_CODE,NAME,PRINTABLE_NAME,COUNTRY_ID,ID) VALUES ('OR','ORISSA','Orissa','IND',20);
INSERT INTO state (ISO2_CODE,NAME,PRINTABLE_NAME,COUNTRY_ID,ID) VALUES ('PJ','PUNJAB','Punjab','IND',21);
INSERT INTO state (ISO2_CODE,NAME,PRINTABLE_NAME,COUNTRY_ID,ID) VALUES ('RJ','RAJASTHAN','Rajasthan','IND',22);
INSERT INTO state (ISO2_CODE,NAME,PRINTABLE_NAME,COUNTRY_ID,ID) VALUES ('SK','SIKKIM','Sikkim','IND',23);
INSERT INTO state (ISO2_CODE,NAME,PRINTABLE_NAME,COUNTRY_ID,ID) VALUES ('TN','TAMIL NADU','Tamil Nadu','IND',24);
INSERT INTO state (ISO2_CODE,NAME,PRINTABLE_NAME,COUNTRY_ID,ID) VALUES ('TR','TRIPURA','Tripura','IND',25);
INSERT INTO state (ISO2_CODE,NAME,PRINTABLE_NAME,COUNTRY_ID,ID) VALUES ('UP','UTTAR PRADESH','Uttar Pradesh','IND',26);
INSERT INTO state (ISO2_CODE,NAME,PRINTABLE_NAME,COUNTRY_ID,ID) VALUES ('UL','UTTARAKHAND','Uttarakand','IND',27);
INSERT INTO state (ISO2_CODE,NAME,PRINTABLE_NAME,COUNTRY_ID,ID) VALUES ('WB','WEST BENGAL','West Bengal','IND',28);

commit;