-- phpMyAdmin SQL Dump
-- version 3.5.8
-- http://www.phpmyadmin.net
--
-- Host: 127.10.165.129:3306
-- Generation Time: May 11, 2013 at 03:49 PM
-- Server version: 5.1.69
-- PHP Version: 5.3.3

SET SQL_MODE="NO_AUTO_VALUE_ON_ZERO";
SET time_zone = "+00:00";


/*!40101 SET @OLD_CHARACTER_SET_CLIENT=@@CHARACTER_SET_CLIENT */;
/*!40101 SET @OLD_CHARACTER_SET_RESULTS=@@CHARACTER_SET_RESULTS */;
/*!40101 SET @OLD_COLLATION_CONNECTION=@@COLLATION_CONNECTION */;
/*!40101 SET NAMES utf8 */;

--
-- Database: `srimedha`
--

-- --------------------------------------------------------

--
-- Table structure for table `ACADEMIC_YEAR`
--

CREATE TABLE IF NOT EXISTS `ACADEMIC_YEAR` (
  `ID` bigint(20) NOT NULL,
  `AUDIT_TIMESTAMP` datetime NOT NULL,
  `AUDIT_USER_NAME` varchar(255) NOT NULL,
  `VERSION` bigint(20) NOT NULL,
  `ACTIVE` tinyint(1) DEFAULT NULL,
  `ADMISSION_END_DATE` datetime NOT NULL,
  `ADMISSION_START_DATE` datetime NOT NULL,
  `CLASS_START_DATE` datetime NOT NULL,
  `END_DATE` datetime NOT NULL,
  `START_DATE` datetime NOT NULL,
  `BRANCH_ID` bigint(20) NOT NULL,
  PRIMARY KEY (`ID`),
  KEY `FK6E29875CF26425` (`BRANCH_ID`)
) ENGINE=MyISAM DEFAULT CHARSET=latin1;

--
-- Dumping data for table `ACADEMIC_YEAR`
--

INSERT INTO `ACADEMIC_YEAR` (`ID`, `AUDIT_TIMESTAMP`, `AUDIT_USER_NAME`, `VERSION`, `ACTIVE`, `ADMISSION_END_DATE`, `ADMISSION_START_DATE`, `CLASS_START_DATE`, `END_DATE`, `START_DATE`, `BRANCH_ID`) VALUES
(76, '2013-04-14 02:43:24', 'apeironsol', 1, 1, '2012-07-31 00:00:00', '2012-04-02 00:00:00', '2012-06-12 00:00:00', '2013-03-29 00:00:00', '2012-06-12 00:00:00', 41),
(77, '2013-04-14 02:44:59', 'apeironsol', 2, 1, '2013-07-31 00:00:00', '2013-03-25 00:00:00', '2013-06-03 00:00:00', '2014-03-31 00:00:00', '2013-06-03 00:00:00', 41),
(78, '2013-04-14 02:46:03', 'apeironsol', 0, 0, '2014-07-31 00:00:00', '2014-03-01 00:00:00', '2014-06-02 00:00:00', '2015-03-31 00:00:00', '2014-06-02 00:00:00', 41);

-- --------------------------------------------------------

--
-- Table structure for table `ACADEMIC_YEAR_HOLIDAY`
--

CREATE TABLE IF NOT EXISTS `ACADEMIC_YEAR_HOLIDAY` (
  `ID` bigint(20) NOT NULL,
  `AUDIT_TIMESTAMP` datetime NOT NULL,
  `AUDIT_USER_NAME` varchar(255) NOT NULL,
  `VERSION` bigint(20) NOT NULL,
  `DESCRIPTION` varchar(200) DEFAULT NULL,
  `END_DATE` datetime NOT NULL,
  `START_DATE` datetime NOT NULL,
  `ACADEMIC_YEAR_ID` bigint(20) NOT NULL,
  PRIMARY KEY (`ID`),
  KEY `FK6281AE6E121C3074` (`ACADEMIC_YEAR_ID`)
) ENGINE=MyISAM DEFAULT CHARSET=latin1;

-- --------------------------------------------------------

--
-- Table structure for table `ACADEMIC_YEAR_WEEK_END`
--

CREATE TABLE IF NOT EXISTS `ACADEMIC_YEAR_WEEK_END` (
  `ID` bigint(20) NOT NULL,
  `AUDIT_TIMESTAMP` datetime NOT NULL,
  `AUDIT_USER_NAME` varchar(255) NOT NULL,
  `VERSION` bigint(20) NOT NULL,
  `WEEK_END_DATE` date NOT NULL,
  `ACADEMIC_YEAR_ID` bigint(20) NOT NULL,
  PRIMARY KEY (`ID`),
  UNIQUE KEY `WEEK_END_DATE` (`WEEK_END_DATE`,`ACADEMIC_YEAR_ID`),
  KEY `FKE71E067A121C3074` (`ACADEMIC_YEAR_ID`)
) ENGINE=MyISAM DEFAULT CHARSET=latin1;

-- --------------------------------------------------------

--
-- Table structure for table `ACCESS_CONTROL`
--

CREATE TABLE IF NOT EXISTS `ACCESS_CONTROL` (
  `ID` bigint(20) NOT NULL,
  `AUDIT_TIMESTAMP` datetime NOT NULL,
  `AUDIT_USER_NAME` varchar(255) NOT NULL,
  `VERSION` bigint(20) NOT NULL,
  `ACCESS_CONTROL_TYPE` varchar(255) NOT NULL,
  `REF_ID` bigint(20) NOT NULL,
  `USER_ACCOUNT_ID` bigint(20) NOT NULL,
  PRIMARY KEY (`ID`),
  KEY `FK20CF9D62C9C05F59` (`USER_ACCOUNT_ID`)
) ENGINE=MyISAM DEFAULT CHARSET=latin1;

--
-- Dumping data for table `ACCESS_CONTROL`
--

INSERT INTO `ACCESS_CONTROL` (`ID`, `AUDIT_TIMESTAMP`, `AUDIT_USER_NAME`, `VERSION`, `ACCESS_CONTROL_TYPE`, `REF_ID`, `USER_ACCOUNT_ID`) VALUES
(955, '2013-04-20 01:19:14', 'apeironsol123', 0, 'BRANCH', 41, 212),
(727, '2013-04-16 09:20:59', 'apeironsol123', 0, 'BRANCH', 41, 679),
(827, '2013-04-16 09:32:56', 'apeironsol123', 0, 'BRANCH', 41, 731);

-- --------------------------------------------------------

--
-- Table structure for table `ADDRESS`
--

CREATE TABLE IF NOT EXISTS `ADDRESS` (
  `ID` bigint(20) NOT NULL,
  `AUDIT_TIMESTAMP` datetime NOT NULL,
  `AUDIT_USER_NAME` varchar(255) NOT NULL,
  `VERSION` bigint(20) NOT NULL,
  `ADDRESS` varchar(200) NOT NULL,
  `CITY` varchar(200) NOT NULL,
  `EMAIL` varchar(200) DEFAULT NULL,
  `HOME_PHONE_NR` varchar(20) DEFAULT NULL,
  `MOBILE_NR` varchar(20) DEFAULT NULL,
  `OFFICE_PHONE_NR` varchar(20) DEFAULT NULL,
  `IS_PRIMARY` tinyint(1) NOT NULL,
  `STATE` varchar(200) NOT NULL,
  `ZIPCODE` varchar(200) NOT NULL,
  `COUNTRY_ID` varchar(3) NOT NULL,
  PRIMARY KEY (`ID`),
  KEY `FKE66327D434EA89AF` (`COUNTRY_ID`)
) ENGINE=MyISAM DEFAULT CHARSET=latin1;

--
-- Dumping data for table `ADDRESS`
--

INSERT INTO `ADDRESS` (`ID`, `AUDIT_TIMESTAMP`, `AUDIT_USER_NAME`, `VERSION`, `ADDRESS`, `CITY`, `EMAIL`, `HOME_PHONE_NR`, `MOBILE_NR`, `OFFICE_PHONE_NR`, `IS_PRIMARY`, `STATE`, `ZIPCODE`, `COUNTRY_ID`) VALUES
(40, '2013-04-14 02:38:06', 'apeironsol', 2, '39,40 Bhagya Nagar, Phase 2, KPHB', 'Hyderabad', '', '04064622201', '', NULL, 0, 'Andhra Pradesh', '500072', 'IND'),
(228, '2013-04-15 01:35:52', 'pradeepb', 0, 'LIG:415/6, III PHASE, KPHB COLONY, KUKATPALLY', 'HYDERABAD', '', '', '9912509742', NULL, 1, 'ANDHRA PRADESH', '500072', 'IND'),
(241, '2013-04-15 01:43:40', 'pradeepb', 0, 'BLOCK-C, 601/A, VERTEX PRESTIGE, BRUNDAVAN COLONY, KPHB, KUKATPALLY', 'HYDERABAD', '', '', '8978460677', NULL, 1, 'ANDHRA PRADESH', '500072', 'IND'),
(253, '2013-04-15 01:51:29', 'pradeepb', 0, ' PHASE-II, MIG-90, 201 MAA NIVAS, DHARMAREDDY COLONY', 'HYDERABAD', '', '', '9949383371', NULL, 1, 'ANDHRA PRADESH', '500072', 'IND'),
(265, '2013-04-15 08:53:20', 'pradeepb', 0, '438/A, GULMOHAR PARK, LIGAMPALLY', 'HYDERABAD', '', '', '9949861811', NULL, 1, 'ANDHRA PRADESH', '500072', 'IND'),
(277, '2013-04-15 08:59:32', 'pradeepb', 0, 'PLOT NO;660, III FLOOR, HMT SWARNAPURI, MIYAPUR', 'HYDERABAD', '', '', '9959174637', NULL, 1, 'ANDHRA PRADESH', '500072', 'IND'),
(289, '2013-04-15 09:03:17', 'pradeepb', 0, '332/A, BHEL', 'HYDERABAD', '', '', '9618048551', NULL, 1, 'ANDHRA PRADESH', '500072', 'IND'),
(301, '2013-04-15 09:13:18', 'pradeepb', 0, 'H.NO-876, BHEL TOWN SHIP, BHEL', 'HYDERABAD', '', '9849208687', '9849689931', NULL, 1, 'ANDHRA PRADESH', '500072', 'IND'),
(313, '2013-04-15 09:17:39', 'pradeepb', 0, '6-110/1, JAWAHAR NAGAR, NEAR NSL COLONY', 'HYDERABAD', '', '', '9391004893', NULL, 1, 'ANDHRA PRADESH', '500072', 'IND'),
(325, '2013-04-15 09:23:45', 'pradeepb', 0, '24-72/13/1, KAKATHIYA NAGAR, RC PURAM, BHEL', 'HYDERABAD', '', '9052182852', '8985893165', NULL, 1, 'ANDHRA PRADESH', '500072', 'IND'),
(337, '2013-04-15 09:29:13', 'pradeepb', 0, '1-52/1/193, BAVANIPURAM COLONY, ASHOK NAGAR', 'HYDERABAD', '', '', '9440710809', NULL, 1, 'ANDHRA PRADESH', '500050', 'IND'),
(349, '2013-04-15 22:58:51', 'pradeepb', 0, 'H.NO:25-34/12/26, RAMACHANDRA NAGAR, RC PURAM, BEERAMGUDA', 'HYDERABAD', '', '', '9849793944', NULL, 1, 'ANDHRA PRADESH', '500032', 'IND'),
(361, '2013-04-15 23:07:12', 'pradeepb', 0, '28-158/A, MARUTHI NAGAR, HMT COLONY, GANDHINAGAR, CHINTAL', 'HYDERABAD', '', '', '9951217529', NULL, 1, 'ANDHRA PRADESHQ', '500072', 'IND'),
(373, '2013-04-15 23:13:22', 'pradeepb', 0, 'OLD MIG: 917, BHEL, RC PURAM', 'HYDERABAD', '', '9866195747', '9849984803', NULL, 1, 'ANDHRA PRADESH', '502032', 'IND'),
(385, '2013-04-15 23:32:16', 'pradeepb', 0, 'RAJEEV GRUHAKALPA 75/16, NIZAMPET, KUTBULAPUR', 'HYDERABAD', '', '', '9502759533', NULL, 1, 'ANDHRA PRADESH', '500072', 'IND'),
(397, '2013-04-15 23:37:53', 'pradeepb', 0, 'H.NO: A/13,32-409, I PHASE, KUKATPALLY', 'HYDERABAD', '', '', '9553603301', NULL, 1, 'ANDHRA PRADESH', '500072', 'IND'),
(409, '2013-04-15 23:42:53', 'pradeepb', 0, '10-1-38/I FLOOR, FATHENAGAR MAIN ROAD', 'HYDERABAD', '', '', '9246224099', NULL, 1, 'ANDHRA PRADESH', '500072', 'IND'),
(421, '2013-04-15 23:47:13', 'pradeepb', 0, 'H.NO:1-90, TARANAGAR', 'HYDERABAD', '', '', '9989000655', NULL, 1, 'ANDHRA PRADESH', '500019', 'IND'),
(433, '2013-04-15 23:51:32', 'pradeepb', 0, 'MIG-1268, BHEL', 'HYDERABAD', '', '9912771636', '9246504998', NULL, 1, 'ANDHRA PRADESH', '500072', 'IND'),
(445, '2013-04-15 23:56:47', 'pradeepb', 0, 'Q.NO:701/F, BHEL', 'HYDERABAD', '', '', '9949597054', NULL, 1, 'ANDHRA PRADESH', '500032', 'IND'),
(457, '2013-04-16 00:00:51', 'pradeepb', 0, 'SANGEETHA NAGAR, BALANAGAR', 'HYDERABAD', '', '', '9676868828', NULL, 1, 'ANDHRA PRADESH', '500037', 'IND'),
(469, '2013-04-16 00:06:19', 'pradeepb', 0, 'H.NO: 6-50/A, SN COLONY, RC PURAM', 'HYDERABAD', '', '', '9849743071', NULL, 1, 'ANDHRA PRADESH', '500072', 'IND'),
(481, '2013-04-16 00:09:52', 'pradeepb', 0, 'SHAPUR NAGAR', 'HYDERABAD', '', '', '9000009201', NULL, 1, 'ANDHRA PRADESH', '500055', 'IND'),
(493, '2013-04-16 00:17:36', 'pradeepb', 0, 'H.NO: 8-1/A, JP COLONY, ROAD NO-3, PATANCHERU', 'HYDERABAD', '', '', '9866872101', NULL, 1, 'ANDHRA PRADESH', '502319', 'IND'),
(505, '2013-04-16 00:21:57', 'pradeepb', 0, 'LIG:152/5, IV PHASE, KPHB', 'HYDERABAD', '', '9441174602', '9490994725', NULL, 1, 'ANDHRA PRADESH', '500072', 'IND'),
(517, '2013-04-16 00:26:28', 'pradeepb', 0, 'FLAT NO:208, BLOCK NO-10-B, PRAJAY CITY APTS, MIYAPUR', 'HYDERABAD', '', '', '9948876759', NULL, 1, 'ANDHRA PRADESH', '500049', 'IND'),
(529, '2013-04-16 00:30:06', 'pradeepb', 0, '6-1/A, RAJU COLONY, BALANAGAR', 'HYDERABAD', '', '', '9866283779', NULL, 1, 'ANDHRA PRADESH', '500042', 'IND'),
(541, '2013-04-16 00:35:24', 'pradeepb', 0, 'B-2-B-42, ASBESTOS COLONUY, JAGADGIRI GUTTA', 'HYDERABAD', '', '9396928029', '9666509210', NULL, 1, 'ANDHRA PRADESH', '500037', 'IND'),
(553, '2013-04-16 00:38:54', 'pradeepb', 0, 'H.NO: 1-59/118/4A, MUYAPUR', 'HYDERABAD', '', '', '9347532470', NULL, 1, 'ANDHRA PRADESH', '500049', 'IND'),
(565, '2013-04-16 00:55:21', 'pradeepb', 0, 'BHERAMGUDA, ', 'HYDERABAD', '', '', '8885223062', NULL, 1, 'ANDHRA PRADESH', '500019', 'IND'),
(577, '2013-04-16 01:00:39', 'pradeepb', 0, '4-46/13, RC PURAM', 'HYDERABAD', '', '', '9573603579', NULL, 1, 'ANDHRA PRADESH', '500019', 'IND'),
(589, '2013-04-16 01:05:08', 'pradeepb', 0, '4-205/1, GEETHA NAGARM FEROZGUDA', 'HYDERABAD', '', '', '9985504384', NULL, 1, 'ANDHRA PRADESH', '500011', 'IND'),
(601, '2013-04-16 01:11:12', 'pradeepb', 0, 'LIG:684, ROAD NO-5, KPHB', 'HYDERABAD', '', '8885847610', '8019888103', NULL, 1, 'ANDHRA PRADESH', '500072', 'IND'),
(613, '2013-04-16 01:17:00', 'pradeepb', 0, '42-277, ANJANA NAGAR, JAGADGIRI GUTTA', 'HYDERABAD', '', '8121805451', '8977212895', NULL, 1, 'ANDHRA PRADESH', '500072', 'IND'),
(625, '2013-04-16 01:22:21', 'pradeepb', 0, 'H.NO: 8-116, JP COLONY, PATANCHERU', 'HYDERABAD', '', '', '9705623168', NULL, 1, 'ANDHRA PRADESH', '502319', 'IND'),
(637, '2013-04-16 01:26:13', 'pradeepb', 0, 'H.NO: 2-52, FLAT NO-202, CHANDANAGAR', 'HYDERABAD', '', '', '9866256052', NULL, 1, 'ANDHRA PRADESH', '500050', 'IND'),
(649, '2013-04-16 04:51:46', 'pradeepb', 0, 'PLOT NO. 1040, YELLAMAKONDA,kUKATPALLY,', 'HYDERABAD', '', '', '9866121477', NULL, 1, 'ANDHRAPRADESH', '500072', 'IND'),
(661, '2013-04-16 04:59:33', 'pradeepb', 0, 'NSL COLONY, PHASE LL, BEERAMGUDA,PATANCHERU', 'HYDERABAD', '', '', '9490097367', NULL, 1, 'ANDHRABAD', '500072', 'IND'),
(835, '2013-04-18 23:39:20', 'pradeepb', 0, 'MALLIKARJUNA NAGAR, BEERAMGUDA', 'HYDERABAD', '', '', '9000512582', NULL, 1, 'ANDHRA PRADESH', '500072', 'IND'),
(847, '2013-04-18 23:44:51', 'pradeepb', 0, 'NSL COLONY, PHASE II, BEERAMGUDA, PATANCHERU', 'HYDERABAD', '', '', '9490097367', NULL, 1, 'ANDHRA PRADESH', '500032', 'IND'),
(851, '2013-04-18 23:50:27', 'pradeepb', 0, 'PLOT NO:479, GOKUL PLOTS, BALANAGAR, KUKATPALLY', 'HYDERABAD', '', '', '9177538939', NULL, 1, 'ANDHRA PRADESH', '500072', 'IND'),
(863, '2013-04-18 23:56:49', 'pradeepb', 0, 'H.NO: 8-6, DULLAPALLY, QUTHBULLAPRUR', 'HYDERABAD', '', '', '9866254652', NULL, 1, 'ANDHRA PRADESH', '500014', 'IND'),
(875, '2013-04-19 00:16:04', 'pradeepb', 0, 'H.NO: B2/12, HUDACOLONY, CHANDANAGAR', 'HYDERABAD', '', '', '9177987627', NULL, 1, 'ANDHRA PRADESH', '500049', 'IND'),
(887, '2013-04-19 00:28:03', 'pradeepb', 0, 'H.NO:42-298/1, ANJALINAGAR, JAGADGIRI GUTTA, KUKATPALLY', 'HYDERABAD', '', '', '8885379563', NULL, 1, 'ANDHRA PRADESH', '500072', 'IND'),
(899, '2013-04-19 23:35:45', 'pradeepb', 0, 'FL.NO. 203, LAKE VIEW ENCLAVE, VIVEK NAGAR, KUKATPALLY', 'HYDERABAD', '', '', '9440519076', NULL, 1, 'ANDHRAPRADESH', '500072', 'IND'),
(903, '2013-04-19 23:41:59', 'pradeepb', 0, 'FL.NO.203, LAKE VIEW ENCLAVE, VIVEK NAGAR, KUKATPALLY,', 'HYDERABAD', '', '', '9440519076', NULL, 1, 'ANDHRAPRADESH', '500072', 'IND'),
(907, '2013-04-19 23:42:11', 'pradeepb', 0, 'FL.NO.203, LAKE VIEW ENCLAVE, VIVEK NAGAR, KUKATPALLY,', 'HYDERABAD', '', '', '9440519076', NULL, 1, 'ANDHRAPRADESH', '500072', 'IND'),
(919, '2013-04-19 23:52:32', 'pradeepb', 0, 'FL NO. 203, LAKE VIEW ENCLAVE, VIVEK NAGAR, KUKATPALLY', 'HYDERABAD', '', '', '9440519096', NULL, 1, 'ANDHRAPRADESH', '500072', 'IND'),
(931, '2013-04-19 23:59:39', 'pradeepb', 0, '5-24-754, CHANDRAGIRINAGAR, GAJULARAMARAM', 'HYDERABAD', '', '', '9059619826', NULL, 1, 'ANDHRAPRADESH', '500072', 'IND'),
(943, '2013-04-20 00:14:11', 'pradeepb', 0, 'MIG-BLACK II, F-2, PHASE - V,K.P.H.B.', 'HYDERABAD', '', '', '9989944141', NULL, 1, 'ANDHRAPRADESH', '500072', 'IND'),
(984, '2013-04-20 02:20:43', 'pradeepb', 0, 'FLAT NO:301, ALANKITHA APARTMENTS, BESIDE RAGAVA REDDY FUNCTION HALL, NIZAMPET, KUKATPALLY', 'HYDERABAD', '', '', '9866256096', NULL, 1, 'ANDHRA PRADESH', '500085', 'IND'),
(1162, '2013-04-23 00:43:36', 'pradeepb', 0, 'PLOT NO:12, SREENIVADA COLONY, BEHIND OF ADITYA HOMES, PRAGATHI NAGAR ROAD', 'HYDERABAD', '', '', '9293926896', NULL, 1, 'ANDHRA PRADESH', '500072', 'IND'),
(1175, '2013-04-23 01:02:21', 'pradeepb', 0, 'SRI NAGAR COLONY, PATANCHERU', 'HYDERABAD', '', '', '9032591243', NULL, 1, 'ANDHRA PRADESH', '502319', 'IND'),
(1188, '2013-04-23 02:17:34', 'pradeepb', 0, 'SRINAGAR COLONY, PATANCHERU', 'HYDERABAD', '', '', '9032591243', NULL, 1, 'ANDHRA PRADESH', '502319', 'IND'),
(1192, '2013-04-23 02:42:23', 'pradeepb', 0, '6-52, NEAR POST OFFICE, KOKMPALLY', 'HYDERABAD', '', '', '9866756776', NULL, 1, 'ANDHRA PRADESH', '500014', 'IND'),
(1205, '2013-04-23 02:48:53', 'pradeepb', 0, 'H.NO:4-32-1067/2, ALLWNCOLONY, KUKATPALLY', 'HYDERABAD', '', '', '9866661944', NULL, 1, 'ANDHRA PRADESH', '500072', 'IND'),
(1218, '2013-04-23 07:29:45', 'pradeepb', 0, '2-129/H, GAJULARAMARAM', 'HYDERABAD', '', '', '9394894064', NULL, 1, 'ANDHRA PRADESH', '500072', 'IND'),
(1231, '2013-04-23 07:36:38', 'pradeepb', 0, 'PLOT NO;23, SAPTHAGIRI COLONY, NEAR NEW ERA HIGH SCHOOL, VV NAGAR, KUKATPALLY', 'HYDERABAD', '', '', '9666042536', NULL, 1, 'ANDHRA PRADESH', '500072', 'IND'),
(1244, '2013-04-23 08:01:26', 'pradeepb', 0, '9-2-63/5, HASHMATHPET, BOWNPALLY', 'HYDEYABAD', '', '', '9247380673', NULL, 1, 'ANDHRA PRADESH', '500072', 'IND'),
(2012, '2013-05-03 02:17:19', 'pradeepb', 0, 'H.NO:7-3-91, SHIVALAYAM STREETM, BALANAGAR', 'HYDERABAD', '', '', '9951189661', NULL, 1, 'ANDHRA PRADESH', '500072', 'IND'),
(2041, '2013-05-03 02:40:42', 'pradeepb', 0, 'JALA VAYU VIHAR-319, KPHB', 'HYDERABAD', '', '9000795289', '9849813557', NULL, 1, 'ANDHRA PRADESH', '500072', 'IND'),
(2046, '2013-05-03 02:41:46', 'pradeepb', 0, 'JALA VAYU VIHAR-319, KPHB', 'HYDERABAD', '', '9000795289', '9849813557', NULL, 1, 'ANDHRA PRADESH', '500072', 'IND'),
(2054, '2013-05-03 02:57:49', 'pradeepb', 0, 'H.NO:876, OLD MIG, BHEL', 'HYDERABAD', '', '9848179635', '9912341749', NULL, 1, 'ANDHRA PRADESH', '500050', 'IND'),
(2100, '2013-05-03 05:40:06', 'pradeepb', 0, 'H.NO:41-11&12, PAPJIREDDYNAGAR, JAGADGIRIGUTTA, KUKATPALLY', 'HYDERABAD', '', '9295903967', '9346482229', NULL, 1, 'ANDHRA PRADESH', '500072', 'IND'),
(2117, '2013-05-03 05:50:51', 'pradeepb', 0, 'H.NO:2-22-154, SHUBHODAYA COLONY, BALANAGAR, KUKATPALLY', 'HYDERABAD', '', '', '9246377387', NULL, 1, 'ANDHRA PRADESH', '500072', 'IND'),
(2147, '2013-05-03 06:06:21', 'pradeepb', 0, 'G-1, SHILPA RESIDENCY, HUDA COLONY, GANGARAM, CHADANAGAR', 'HYDERABAD', '', '9440214548', '', NULL, 1, 'ANDHRA PRADESH', '500050', 'IND'),
(2176, '2013-05-03 06:42:12', 'pradeepb', 0, 'F.NO:408, RAVI TEJA APPARTMENT, SERILINGAMPALLY', 'HYDERABAD', '', '', '9985124706', NULL, 1, 'ANDHRA PRADESH', '500019', 'IND'),
(2206, '2013-05-03 07:16:17', 'pradeepb', 0, 'H.NO:1-57-332/A, SRI RAMNAGAR COLONY, KONDAPUR, SERILINGAMPALLY', 'HYDERABAD', '', '9492850108', '9248304123', NULL, 1, 'ANDHRA PRADESH', '500084', 'IND'),
(2233, '2013-05-03 07:25:37', 'pradeepb', 0, 'P.NO:34&35, SVS RESIDENCY, BHAVANI PURAM, ASHOK NAGAR', 'HYEDERABAD', '', '9989706392', '9866232058', NULL, 1, 'ANDHRA PRADESH', '500072', 'IND'),
(2257, '2013-05-03 07:32:18', 'pradeepb', 0, 'OLD MIG:440, BHEL', 'HYDERABAD', '', '9133669470', '9346758109', NULL, 1, 'ANDHRA PRADESH', '500232', 'IND'),
(2287, '2013-05-03 07:41:47', 'pradeepb', 0, 'H.NO:C-107, ALWYN COLONY, KUKATPALLY', 'HYDERABAD', '', '', '9963193006', NULL, 1, 'ANDHRA PRADESH', '500072', 'IND'),
(2315, '2013-05-03 07:54:43', 'pradeepb', 0, 'H.NO:6-8-80, BALANAGARRAJU COLONY, BALANAGAR', 'HYDERABAD', '', '9618880585', '9949500875', NULL, 1, 'ANDHRA PRADESH', '500042', 'IND'),
(2349, '2013-05-04 00:15:55', 'pradeepb', 0, 'H.NO:10-67/2, BEERAMGUDA, PATANCHERAU', 'HYDERABAD', '', '8801413194', '9866196473', NULL, 1, 'ANDHRA PRADESH', '500032', 'IND'),
(2378, '2013-05-04 01:01:11', 'pradeepb', 0, 'H.NO:33-131/5/1, QUTUBULLAPUR', 'HYDERABAD', '', '9948272960', '9246791819', NULL, 1, 'ANDHRA PRADESH', '500855', 'IND'),
(2404, '2013-05-04 01:10:24', 'pradeepb', 0, 'H.NO:3-79, RJC CONOLY, MADINAGUDA', 'HYDERABAD', '', '', '9441833555', NULL, 1, 'ANDHRA PRADESH', '500049', 'IND'),
(2430, '2013-05-04 07:02:50', 'pradeepb', 0, 'H.NO:12-5-142/A, MOOSAPET, KUKATPALLY', 'HYDERABAD', '', '', '9704537001', NULL, 1, 'ANDHRA PRADESH', '500072', 'IND'),
(2461, '2013-05-04 07:25:05', 'pradeepb', 0, 'H.NO:3-18, RTC COLONY, CHANDANAGAR', 'HYDERABAD', '', '9292204319', '9290639426', NULL, 1, 'ANDHRA PRADESH', '500032', 'IND'),
(2485, '2013-05-04 07:32:47', 'pradeepb', 0, 'H.NO:28/B, GACHIBOWLI', 'HYEDRABAD', '', '9912713081', '9912526771', NULL, 1, 'ANDHRA PRADESH', '500032', 'IND'),
(2513, '2013-05-04 08:05:13', 'pradeepb', 0, 'LIG 45/3, KPHB III PHASE, KPHB', 'HYDERABAD', '', '', '9505169489', NULL, 1, 'ANDHRA PRADESH', '500072', 'IND'),
(2545, '2013-05-04 08:20:08', 'pradeepb', 0, 'H.NO:5-126, CHANDANAGAR', 'HYDERABAD', '', '9885495608', '9676533927', NULL, 1, 'ANDHRA PRADESH', '500050', 'IND'),
(2569, '2013-05-04 08:35:37', 'pradeepb', 0, 'H.NO:705D, BHEL', 'HYDERABAD', '', '', '9441022747', NULL, 1, 'ANDHRA PRADESH', '500032', 'IND'),
(2603, '2013-05-06 01:13:46', 'pradeepb', 0, 'P.NO.203, SAI BHAVANA COLONY, PACHENDERCHER, BERRUMDARM, MADAR', 'BERRUMDAR', '', '', '9949172514', NULL, 1, 'ANDHRA PRADESH', '500032', 'IND'),
(2636, '2013-05-06 01:26:46', 'pradeepb', 0, 'SDS RESIDENCY, MADHAVI NAGAR, RANGAREDDY', 'HYDERABAD', '', '', '9291476861', NULL, 1, 'ANDHRA PRADESH', '500072', 'IND'),
(2668, '2013-05-06 06:30:28', 'pradeepb', 0, 'H.NO:9-106/A, INDRANAGAR COLONY, CHANDA NAGAR', 'HYDERABAD', '', '', '9441940048', NULL, 1, 'ANDHRA PRADESH', '500072', 'IND'),
(2700, '2013-05-07 02:42:08', 'pradeepb', 0, 'H.NO:42-572, JAGADGIRIGUTTA, KUKATPALLY', 'HYDERABAD', '', '9177987511', '8106326470', NULL, 1, 'ANDHRA PRADESH', '500072', 'IND'),
(2727, '2013-05-07 02:55:31', 'pradeepb', 0, 'BALANAGAR', 'HYDERABAD', '', '', '0994912703', NULL, 1, 'ANDHRA PRADESH', '500072', 'IND'),
(2735, '2013-05-07 05:14:06', 'pradeepb', 0, 'H.NO:22172, ODF, YEDDUMAILAVARAM, MEDAK', 'HYDERABAD', '', '9010066106', '9494060607', NULL, 1, 'ANDHRA PRADESH', '502205', 'IND'),
(2753, '2013-05-07 05:22:49', 'pradeepb', 0, 'H.NO:455, PJR NAGAR, ELLAMBANDA, KUKATPALLY', 'HYDERABAD', '', '', '9849752989', NULL, 1, 'ANDHRA PRADESH', '500072', 'IND'),
(2786, '2013-05-07 05:40:32', 'pradeepb', 0, 'H.NO:2-1-93/10, ELLAMMABANDA, KUKATPALLY', 'HYDERABAD', '', '', '9703114042', NULL, 1, 'ANDHRA PRADESH', '500072', 'IND'),
(2813, '2013-05-07 06:18:49', 'pradeepb', 0, 'H.NO:1-291, BALAJINAGAR, MIYAPUR', 'HYDERABAD', '', '', '9640110779', NULL, 1, 'ANDHRA PRADESH', '500049', 'IND'),
(2822, '2013-05-07 06:37:07', 'pradeepb', 0, 'H.NO:1-291, BALAJI NAGAR, MIYAPUR', 'HYDERABAD', '', '', '9640110779', NULL, 1, 'ANDHRA PRADESH', '500049', 'IND'),
(2848, '2013-05-07 23:52:48', 'pradeepb', 0, 'H.NO:104/10, LIG FLATS, KPHB COLONY, KUKATPALLY', 'HYDERABAD', '', '', '9000771348', NULL, 1, 'ANDHRA PRADESH', '500072', 'IND'),
(2879, '2013-05-08 00:02:55', 'pradeepb', 0, 'H.NO:125/3, III PHASE, KPHB, KUKATPALLY', 'HYDERABAD', '', '8790765759', '9391807277', NULL, 1, 'ANDHRA PRADESH', '500072', 'IND'),
(2910, '2013-05-08 01:44:39', 'pradeepb', 0, 'H.NO:10-10/1, VINAYAK NAGAR, BALABNAGAR', 'HYDERABAD', '', '9942625797', '9640474455', NULL, 1, 'ANDHRA PRADESH', '500037', 'IND'),
(2940, '2013-05-08 02:03:08', 'pradeepb', 0, 'NA', 'HYDERABAD', '', '', '9912847433', NULL, 1, 'ANDHRA PRADESH', '500072', 'IND'),
(2967, '2013-05-08 02:17:18', 'pradeepb', 0, 'H.NO:37-89, JAGADGIRI GUTTA, KUKATPALLY', 'HYDERABAD', '', '7207286685', '9247865975', NULL, 1, 'ANDHRA PRADESH', '500072', 'IND'),
(2994, '2013-05-08 02:27:25', 'pradeepb', 0, 'H.NO:37-89, JAGADGIRIGUTTA, KUKATPALLY', 'HYDERABAD', '', '', '9247865975', NULL, 1, 'ANDHRA PRADESH', '500072', 'IND'),
(3012, '2013-05-08 02:49:55', 'pradeepb', 0, 'H.NO:2-22-233/2K/1, JAYANAGAR, KUKATPALLY', 'HYDERABAD', '', '9989925909', '9963526268', NULL, 1, 'ANDHRA PRADESH', '500072', 'IND'),
(3042, '2013-05-08 03:29:09', 'pradeepb', 0, 'H.NO:216/B, MYASAMMA NAGAR, JAGADGIRI GUTTA, KUKATPALLY', 'HYDERABAD', '', '9704514005', '9440773426', NULL, 1, 'ANDHRA PRADESH', '500072', 'IND'),
(3073, '2013-05-08 05:11:47', 'pradeepb', 0, 'H.NO:148, BEERAMGUDA, PATACHERU', 'HYDERABAD', '', '', '9506510671', NULL, 1, 'ANDHRA PRADESH', '502010', 'IND'),
(3107, '2013-05-08 05:39:35', 'pradeepb', 0, 'H.NO:14-210, VIVEKANAGAR, GAJULARAMARAM', 'HYDERABAD', '', '9848252602', '9059795914', NULL, 1, 'ANDHRA PRADESH', '500015', 'IND'),
(3133, '2013-05-08 06:54:44', 'pradeepb', 0, 'H.NO:12-4-136/9, PRAGATHI NAGAR, ROAD NO-8, MOOSAPET', 'HYDERABAD', '', '9908205115', '9848122137', NULL, 1, 'ANDHRA PRADESH', '500072', 'IND'),
(3161, '2013-05-08 07:26:51', 'pradeepb', 0, 'H.NO:6-C-75, APURUPA COLONY, IDA, JEEDIMETLA', 'HYDERABAD', '', '9959174979', '9949248376', NULL, 1, 'ANDHRA PRADESH', '500055', 'IND'),
(3190, '2013-05-08 07:37:41', 'pradeepb', 0, 'H.NO:8-67/18, SRINIVAS NAGAR, CHINTAL', 'HYDERABAD', '', '', '9705586253', NULL, 1, 'ANDHRA PRADESH', '500054', 'IND'),
(3214, '2013-05-08 07:47:09', 'pradeepb', 0, 'AMEENPUR, PATANCHERU', 'HYDERABAD', '', '', '9393441520', NULL, 1, 'ANDHRA PRADESH', '502319', 'IND'),
(3238, '2013-05-08 07:54:33', 'pradeepb', 0, 'H.NO:139/A3, V PHASE, JANAPRIYA APARTMENTS, MIYAPUR', 'HYDERABAD', '', '', '9989188814', NULL, 1, 'ANDHRA PRADESH', '500049', 'IND'),
(3266, '2013-05-08 08:02:17', 'pradeepb', 0, 'H.NO:35-450/2, JAGADGIRI GUTTA, KUKATPALLY', 'HYDERABAD', '', '9963636133', '9948895872', NULL, 1, 'ANDHRA PRADESH', '500072', 'IND'),
(3271, '2013-05-08 08:02:33', 'pradeepb', 0, 'H.NO:35-450/2, JAGADGIRI GUTTA, KUKATPALLY', 'HYDERABAD', '', '9963636133', '9948895872', NULL, 1, 'ANDHRA PRADESH', '500072', 'IND'),
(3276, '2013-05-08 08:03:14', 'pradeepb', 0, 'H.NO:35-450/2, JAGADGIRI GUTTA, KUKATPALLY', 'HYDERABAD', '', '9963636133', '9948895872', NULL, 1, 'ANDHRA PRADESH', '500072', 'IND'),
(3303, '2013-05-08 23:35:00', 'pradeepb', 0, 'H.NO:2-34, NEW COLONY, MIYAPUR', 'HYDERABAD', '', '', '9989954594', NULL, 1, 'ANDHRA PRADESH', '500049', 'IND'),
(3330, '2013-05-08 23:44:23', 'pradeepb', 0, 'H.NO:12-2-184, MOOSAPET', 'HYDERABAD', '', '9177374665', '9985488440', NULL, 1, 'ANDHRA PRADESH', '500072', 'IND'),
(3359, '2013-05-08 23:53:26', 'pradeepb', 0, 'H.NO:12-84, BEERAMGUDA, PATANCHERU', 'HYDERABAD', '', '', '9618040335', NULL, 1, 'ANDHRA PRADESH', '500032', 'IND'),
(3386, '2013-05-09 00:02:20', 'pradeepb', 0, 'H.NO:6-14-28, BALANAGAR X ROAD, BALANAGAR', 'HYDERABAD', '', '9032090275', '9849378396', NULL, 1, 'ANDHRA PRADESH', '500037', 'IND'),
(3418, '2013-05-09 00:11:33', 'pradeepb', 0, 'MACHUNOOR', 'HYDERABAD', '', '9440766424', '9490784496', NULL, 1, 'ANDHRA PRADESH', '502296', 'IND'),
(3423, '2013-05-09 00:12:26', 'pradeepb', 0, 'MACHUNOOR', 'HYDERABAD', '', '9440766424', '9490784496', NULL, 1, 'ANDHRA PRADESH', '502296', 'IND'),
(3451, '2013-05-09 00:48:27', 'pradeepb', 0, 'P.NO:987, VASANTH NAGAR, KPHB', 'HYDERABAD', '', '9491635526', '9866665223', NULL, 1, 'ANDHRA PRADESH', '500072', 'IND'),
(3475, '2013-05-09 00:57:14', 'pradeepb', 0, 'H.NO:12-4-93, ROAD NO5, PRAGATHI NAGAR, MOOSAPET', 'HYDERABAD', '', '9246504007', '9391069221', NULL, 1, 'ANDHRA PRADESH', '500018', 'IND'),
(3507, '2013-05-09 01:22:05', 'pradeepb', 0, 'H.NO:11-69, SHANTHINAGAR COLONY, PATANCHERU', 'HYDERABAD', '', '9848183281', '9160091488', NULL, 1, 'ANDHRA PRADESH', '502319', 'IND'),
(3537, '2013-05-09 01:37:40', 'pradeepb', 0, 'H.NO:3-71/1, NEAR HANUMAN TEMPLE, AMEENPUR, PATANCHERU', 'HYDERABAD', '', '', '9849190893', NULL, 1, 'ANDHRA PRADESH', '502319', 'IND'),
(3561, '2013-05-09 01:46:54', 'pradeepb', 0, 'P.NO:G-4, RAGAVENDRA COLONY, BEERAMGUDA', 'HYDERABAD', '', '', '9866571659', NULL, 1, 'ANDHRA PRADESH', '502032', 'IND'),
(3594, '2013-05-09 02:00:04', 'pradeepb', 0, 'P.NO:620, NAVODAYANAGAR COLONY, AMEENPUR', 'HYDERABAD', '', '', '9618176282', NULL, 1, 'ANDHRA PRADESH', '500032', 'IND'),
(3640, '2013-05-09 03:16:43', 'pradeepb', 0, 'H.NO:1-6-97, GIMIGADDA, JANGAON,WARANGAL', 'JANGAON', '', '9550927774', '9390124020', NULL, 1, 'ANDHRA PRADESH', '506167', 'IND'),
(3659, '2013-05-09 05:44:51', 'pradeepb', 0, 'H.NO:5-1-20/4, SHANTINAGAR, ZAHEERABAD', 'ZAHEERABAD', '', '9493460072', '9491329801', NULL, 1, 'ANDHRA PRADESH', '502220', 'IND'),
(3680, '2013-05-09 05:59:05', 'pradeepb', 0, 'H.NO:1-16, VEMPALLY, MANCHIRYAL, ADILABAD', 'MANCHIRYAL', '', '9948690151', '9866966519', NULL, 1, 'ANDHRA PRADESH', '504209', 'IND'),
(3701, '2013-05-09 06:05:54', 'pradeepb', 0, 'F.NO:302, TEJA RESIDENCY, RTC COLONY, HMT SWARNA PRIYA COLONY, MEDAK', 'MEDAK', '', '', '9949970077', NULL, 1, 'ANDHRA PRADESH', '502032', 'IND'),
(3722, '2013-05-09 07:12:17', 'pradeepb', 0, 'NA', 'NA', '', '9502573104', '9866589597', NULL, 1, 'ANDHRA PRADESH', '123456', 'IND'),
(3741, '2013-05-09 07:18:06', 'pradeepb', 0, 'P.NO:44, VANDANA NAGAR, PARTHAPUR, ZAHEERABAD', 'ZAHEERABAD', '', '9494984951', '9652991628', NULL, 1, 'ANDHRA PRADESH', '502220', 'IND'),
(3762, '2013-05-09 07:47:12', 'pradeepb', 0, 'H.NO:9-170/27, AYYAPPA NAGAR, GAJWEL, MEDAK', 'GAJWEL', '', '9533017364', '8121527785', NULL, 1, 'ANDHRA PRADESH', '502238', 'IND'),
(3783, '2013-05-10 00:10:27', 'pradeepb', 0, 'ANANTHAPALLI, GAJWEL', 'GAJWEL', '', '9949740704', '9492652740', NULL, 1, 'ANDHRA PRADESH', '502114', 'IND'),
(3805, '2013-05-10 01:38:36', 'pradeepb', 0, 'H.NO:5-1-133, YADAVMITRA NAGAR, BANDLAGUDA JAGIR, RAJENDRA NAGAR, RR DIST.', 'RAJENDRA NAGAR', '', '9490976977', '9440114516', NULL, 1, 'ANDHRA PRADESH', '500086', 'IND'),
(3824, '2013-05-10 01:55:11', 'pradeepb', 0, 'H.NO:12, BALAKADE POLICE STATION, BALAKADE, NIZAMABAD', 'BALAKADE', '', '', '9848425088', NULL, 1, 'ANDHRA PRADESH', '503214', 'IND'),
(3845, '2013-05-10 02:04:23', 'pradeepb', 0, 'NA', 'NA', '', '9759600232', '9866241478', NULL, 1, 'ANDHRA PRADESH', '500000', 'IND'),
(3868, '2013-05-10 02:11:07', 'pradeepb', 0, 'RAMAGUNDAM, KARIMNAGAR', 'RAMAGUNDAM', '', '9866829675', '9704301209', NULL, 1, 'ANDHRA PRADESH', '505215', 'IND'),
(3889, '2013-05-10 02:52:43', 'pradeepb', 0, 'AYYAPPA NAGAR, DEVARKONDA, NALGONDA', 'DEVARKONDA', '', '9347666512', '9177062991', NULL, 1, 'ANDHRA PRADESH', '508248', 'IND'),
(3910, '2013-05-10 04:32:18', 'pradeepb', 0, 'H.NO:9-49, HANUMANMANDIR ROAD, KANDI, SANGAREDDY, MEDAK', 'SANGAREDDY', '', '8978091080', '9989234922', NULL, 1, 'ANDHRA PRADESH', '502285', 'IND'),
(3931, '2013-05-10 04:44:19', 'pradeepb', 0, 'H.NO:1-17, ARMOOR, NIZAMABAD', 'ARMOOR', '', '9640212399', '9441646703', NULL, 1, 'ANDHRA PRADESH', '503224', 'IND'),
(3952, '2013-05-10 04:50:12', 'pradeepb', 0, 'F.NO:103, SRI BALAJI TOWERS II, ROAD NO:1, GEETHANAGAR', 'HYDERABAD', '', '9247734871', '9247216634', NULL, 1, 'ANDHRA PRADESH', '500056', 'IND'),
(3973, '2013-05-10 05:29:06', 'pradeepb', 0, 'H.NO:1-1, HANUMAN TEMPLE, KONDAKAL, SHNKARPALLY, RR DIST', 'KONDAKAL', '', '9866481169', '9441810340', NULL, 1, 'HYDERABAD', '501203', 'IND'),
(3994, '2013-05-10 05:44:39', 'pradeepb', 0, 'H.No;7-47, GAJWEL, MEDAK', 'GAJWEL', '', '', '9440476384', NULL, 1, 'ANDHRA PRADESH', '502278', 'IND'),
(3999, '2013-05-10 23:56:55', 'pradeepb', 0, 'H.NO:7-47, GAJWEL, MEDAK', 'GAJWEL', '', '', '9440476384', NULL, 1, 'ANDHRA PRADESH', '502278', 'IND'),
(4020, '2013-05-11 00:07:09', 'pradeepb', 0, 'H.NO:1-121, REBBENA, ADILABAD', 'REBBENA', '', '8465834374', '9908288674', NULL, 1, 'ANDHRA PRADESH', '504292', 'IND'),
(4042, '2013-05-11 00:12:10', 'pradeepb', 0, 'H.NO:2-55, KONDAKAL, SHANKARPALLY, RR DIST', 'HYDERABAD', '', '8885383972', '9908125405', NULL, 1, 'ANDHRA PRADESH', '501203', 'IND'),
(4063, '2013-05-11 00:16:57', 'pradeepb', 0, 'F.NO:681, JAYABHARI, KOMPALLY, RR DIST', 'HYDERABAD', '', '9000570034', '9849606013', NULL, 1, 'ANDHRA PRADESH', '500014', 'IND'),
(4084, '2013-05-11 00:22:00', 'pradeepb', 0, 'NEAR SBH MAIN BRANCH, ARMOOR, NIZAMABAD', 'ARMOOR', '', '', '9989728217', NULL, 1, 'ANDHRA PRADESH', '503224', 'IND'),
(4103, '2013-05-11 00:29:14', 'pradeepb', 0, 'RAMAMUTHY MOUNT VIEW ENCLAVE, BANJARA HILLS, ROAD NO.12, HYDERABAD', 'HYDERABAD', '', '9421735121', '9000333767', NULL, 1, 'ANDHRA PRADESH', '500034', 'IND'),
(4135, '2013-05-11 01:29:24', 'pradeepb', 0, 'Balanagar, hyderabad', 'Hyderabad', '', '', '9949127033', NULL, 1, 'Andhra pradesh', '500042', 'IND'),
(4140, '2013-05-11 01:37:13', 'pradeepb', 0, 'H.NO:5-1-178, NGO COLONY, YELLANDU, KHAMMAM', 'YELLANDU', '', '9000169595', '9908092680', NULL, 1, 'ANDHRA PRADESH', '507123', 'IND'),
(4161, '2013-05-11 01:39:11', 'apeironsol123', 0, 'H NO 1-1/1,Sree Ram nagar Village,RR Dist', 'Moinabad Mandal', '', '', '0000000000', NULL, 1, 'Andhra Pradesh', '500000', 'IND'),
(4170, '2013-05-11 01:49:51', 'apeironsol123', 0, 'Q.No.DRM.316, WCL Colony,Chandrapur', 'Durgapur', '', '', '0000000000', NULL, 1, 'Andhra Pradesh', '442401', 'IND'),
(4172, '2013-05-11 01:49:51', 'apeironsol123', 0, 'Wardannapet, Warangal', 'Panthini', '', '', '', NULL, 0, 'Andhra Pradesh', '000000', 'IND'),
(4205, '2013-05-11 01:56:56', 'apeironsol123', 0, 'H NO 5-158, Opp Govt Hospital', 'Adilabad', '', '', '9440441079', NULL, 1, 'Andhra Pradesh', '000000', 'IND'),
(4226, '2013-05-11 02:02:58', 'apeironsol123', 0, 'Ponagandla, Warangal', 'Regonda', '', '9951461087', '9505709281', NULL, 1, 'Andhra Pradesh', '506348', 'IND'),
(4234, '2013-05-11 02:04:48', 'pradeepb', 0, 'KHANAPUR, CHEVELLA', 'CHEVELLA', '', '', '9908779198', NULL, 1, 'ANDHRA PRADESH', '501503', 'IND'),
(4253, '2013-05-11 02:05:19', 'apeironsol123', 0, 'Sri Swami Narayana Gorlul, Near Himyathnagar', 'Hyderabad,RR Dist', '', '', '9550080897', NULL, 1, 'Andhra Pradesh', '000000', 'IND'),
(4279, '2013-05-11 02:09:21', 'pradeepb', 0, 'H.NO:12-10-409/7, BEEDALABASTI, SEETHAPALMANDI, SECUDERABAD', 'SECUNDERABAD', '', '9290434201', '9849242757', NULL, 1, 'ANDHRA PRADESH', '500061', 'IND'),
(4300, '2013-05-11 02:12:27', 'apeironsol123', 0, 'H No 5-1-21/6, Shanti Nagar,Sanga Reddy', 'Sanga Reddy', '', '', '9392466810', NULL, 1, 'Andhra Pradesh', '500000', 'IND'),
(4308, '2013-05-11 02:13:30', 'pradeepb', 0, 'H.NO:111-1, RANIPURAM, KOTHAPALLI, KARIMNAGAR', 'KOTHAPALLI', '', '8801478477', '9502787627', NULL, 1, 'ANDHRA PRADESH', '505451', 'IND'),
(4327, '2013-05-11 02:14:14', 'apeironsol123', 0, 'Dandupally, Medak', 'Toopran', '', '', '9866703683', NULL, 1, 'Andhra Pradesh', '000000', 'IND'),
(4366, '2013-05-11 02:18:37', 'pradeepb', 0, 'H.NO:02-66/8/650, GAJULARAMARAM, RR DIST', 'HYDERABAD', '', '9959168094', '9000817817', NULL, 1, 'ANDHRA PRADESH', '500050', 'IND'),
(4371, '2013-05-11 02:18:44', 'apeironsol123', 0, 'Mangapuram Colony,Raviteja Enclave,Plot no 401,Maulali, HB Colony', 'Hyderabad', '', '', '9948264377', NULL, 1, 'Andhra Pradesh', '500000', 'IND'),
(4410, '2013-05-11 02:23:32', 'pradeepb', 0, 'H.NO:4/55, GARLE METTEPALLE, VEERAPUNEYUNIPELLE, KADAPA', 'KADAPA', '', '', '9441091129', NULL, 1, 'ANDHRA PRADESH', '516001', 'IND'),
(4415, '2013-05-11 02:23:45', 'apeironsol123', 0, '1-23, Akkanapet', 'Husnabad', '', '', '9542391187', NULL, 1, 'Andhra Pradesh', '505466', 'IND'),
(4438, '2013-05-11 02:24:38', 'apeironsol123', 0, '1-9-340/1/A, Ram Nagar Gundu', 'Hyderabad', '', '9848676688', '9848196977', NULL, 1, 'Andhra Pradesh', '500000', 'IND'),
(4475, '2013-05-11 02:29:10', 'pradeepb', 0, 'H.NO:1-3-90/13, GEETHA NAGAR, SIDDIPET ROAD, JANGAON, WARANGAL', 'JANGAON', '', '9849158498', '9866632478', NULL, 1, 'ANDHRA PRADESH', '506167', 'IND'),
(4483, '2013-05-11 02:31:09', 'apeironsol123', 0, 'H No 10-9-342/A, Sai nagar, R No 1, Nizamabad', 'Nizamabad', '', '9912415984', '9666609278', NULL, 1, 'Andhra Pradesh', '503001', 'IND'),
(4507, '2013-05-11 02:32:10', 'apeironsol123', 0, '2-64, Posti Katkoor, Bachammapet', 'Warangal', '', '', '9949468994', NULL, 1, 'Andhra Pradesh', '506224', 'IND'),
(4572, '2013-05-11 02:38:02', 'pradeepb', 0, 'LIG:198, VUDA COLONY, RAJIV NAGAR, RAYAKAPURAM, VIJAYAWADA', 'VIJAYAWADA', '', '9248004157', '9248004156', NULL, 1, 'ANDHRA PRADESH', '520001', 'IND'),
(4577, '2013-05-11 02:38:12', 'apeironsol123', 0, 'H No p-67(6-86/10) Annaram Village,Jinnaram Mandal', 'Medak', '', '', '9948950938', NULL, 1, 'Andhra Pradesh', '500000', 'IND'),
(4616, '2013-05-11 02:39:42', 'apeironsol123', 0, 'H No 2-14, MC Pally,', 'Vikarabad', '', '9866335086', '8179383964', NULL, 1, 'Andhra Pradesh', '501101', 'IND'),
(4638, '2013-05-11 02:43:07', 'pradeepb', 0, 'H.NO:6-B-249, APURUPA COLONY, IDA JEEDIMETLA, RR DIST', 'HYDERABAD', '', '9391374119', '9396611828', NULL, 1, 'ANDHRA PRADESH', '500085', 'IND'),
(4644, '2013-05-11 02:43:41', 'apeironsol123', 0, 'H No 5-1-21/6, Shanti Nagar, Sanga Reddy', 'Sanga Reddy', '', '', '9391921491', NULL, 1, 'Andhra Pradesh', '500001', 'IND'),
(4680, '2013-05-11 02:49:37', 'apeironsol123', 0, 'H No 6-57/1, Bank Colony, Pothireddy Pally,Sanga reddy', 'Mdeak', '', '9490449077', '9440928520', NULL, 1, 'Andhra Pradesh', '500001', 'IND'),
(4685, '2013-05-11 02:49:51', 'apeironsol123', 0, 'H.No 31-D, Pranatha Colony', 'Mandammarg,Adilabad', '', '9695053316', '9963856361', NULL, 1, 'Andhra Pradesh', '504231', 'IND'),
(4694, '2013-05-11 02:49:58', 'apeironsol123', 0, 'H.No 31-D, Pranatha Colony', 'Mandammarg,Adilabad', '', '9695053316', '9963856361', NULL, 1, 'Andhra Pradesh', '504231', 'IND'),
(4732, '2013-05-11 02:52:15', 'pradeepb', 0, 'MANORAMA APARTMENT, STREET NO:8, HUBSIGUDA', 'HUBSIGUDA', '', '', '9885859222', NULL, 1, 'ANDHRA PRADESH', '500079', 'IND'),
(4737, '2013-05-11 02:52:57', 'pradeepb', 0, 'MANORAMA APARTMENT, STREET NO:8, HUBSIGUDA', 'HUBSIGUDA', '', '', '9885859222', NULL, 1, 'ANDHRA PRADESH', '500079', 'IND'),
(4742, '2013-05-11 02:56:04', 'apeironsol123', 0, 'H NO 1-3-80/14/2, Venkateshwara Colony,Medak', 'Medak', '', '', '9247162395', NULL, 1, 'Andhra Pradesh', '502110', 'IND'),
(4747, '2013-05-11 02:56:09', 'apeironsol123', 0, 'H NO 1-3-80/14/2, Venkateshwara Colony,Medak', 'Medak', '', '', '9247162395', NULL, 1, 'Andhra Pradesh', '502110', 'IND'),
(4752, '2013-05-11 02:56:09', 'apeironsol123', 0, 'H.No. 1-123/3, Near Kanyakaparameshwari Temle', 'Amangal, Mahabubnagar', '', '8985204341', '9440138845', NULL, 1, 'Andhra Pradesh', '509321', 'IND'),
(4758, '2013-05-11 02:56:16', 'apeironsol123', 0, 'H NO 1-3-80/14/2, Venkateshwara Colony,Medak', 'Medak', '', '', '9247162395', NULL, 1, 'Andhra Pradesh', '502110', 'IND'),
(4763, '2013-05-11 02:56:25', 'apeironsol123', 0, 'H NO 1-3-80/14/2, Venkateshwara Colony,Medak', 'Medak', '', '', '9247162395', NULL, 1, 'Andhra Pradesh', '502110', 'IND'),
(4768, '2013-05-11 02:56:39', 'apeironsol123', 0, 'H.No. 1-123/3, Near Kanyakaparameshwari Temle', 'Amangal, Mahabubnagar', '', '8985204341', '9440138845', NULL, 1, 'Andhra Pradesh', '509321', 'IND'),
(4774, '2013-05-11 02:56:57', 'apeironsol123', 0, 'H NO 1-3-80/14/2, Venkateshwara Colony,Medak', 'Medak', '', '', '9247162395', NULL, 1, 'Andhra Pradesh', '502110', 'IND'),
(4779, '2013-05-11 02:57:01', 'apeironsol123', 0, 'H.No. 1-123/3, Near Kanyakaparameshwari Temle', 'Amangal, Mahabubnagar', '', '8985204341', '9440138845', NULL, 1, 'Andhra Pradesh', '509321', 'IND'),
(4785, '2013-05-11 02:57:33', 'apeironsol123', 0, 'H.No. 1-123/3, Near Kanyakaparameshwari Temle', 'Amangal, Mahabubnagar', '', '8985204341', '9440138845', NULL, 1, 'Andhra Pradesh', '509321', 'IND'),
(4791, '2013-05-11 02:59:10', 'pradeepb', 0, 'MANASA APARTMENT, ST.NO.8, HABSIGUDA', 'HABSIGUDA', '', '', '9885859222', NULL, 1, 'ANDHRA PRADESH', '500079', 'IND'),
(4796, '2013-05-11 03:00:18', 'pradeepb', 0, 'MANASA APARTMENT, ST.NO.8, HABSIGUDA', 'HABSIGUDA', '', '', '9885859222', NULL, 1, 'ANDHRA PRADESH', '500079', 'IND'),
(4801, '2013-05-11 03:00:47', 'pradeepb', 0, 'MANASA APARTMENT, ST.NO.8, HABSIGUDA', 'HABSIGUDA', '', '', '9885859222', NULL, 1, 'ANDHRA PRADESH', '500079', 'IND'),
(4806, '2013-05-11 03:01:23', 'apeironsol123', 0, 'H No 1-3-80/14/2, Venkateshwara Colony,Medak', 'Medak', '', '', '9247162395', NULL, 1, 'Andhra Pradesh', '500001', 'IND'),
(4812, '2013-05-11 03:02:36', 'apeironsol123', 0, 'H.No- 1-123/3, Near Kanyakaparameshwari Temple.', 'Amangal,Mahabubnagar', '', '8985204341', '9440138845', NULL, 1, 'Andhra Pradesh', '509321', 'IND');

-- --------------------------------------------------------

--
-- Table structure for table `ADMISSION`
--

CREATE TABLE IF NOT EXISTS `ADMISSION` (
  `ID` bigint(20) NOT NULL,
  `AUDIT_TIMESTAMP` datetime NOT NULL,
  `AUDIT_USER_NAME` varchar(255) NOT NULL,
  `VERSION` bigint(20) NOT NULL,
  `FIRST_NAME` varchar(255) NOT NULL,
  `GENDER` varchar(10) NOT NULL,
  `LAST_NAME` varchar(255) NOT NULL,
  `MIDDLE_NAME` varchar(255) DEFAULT NULL,
  `ADMISSION_STATUS` varchar(255) NOT NULL,
  `DATE_OF_BIRTH` date NOT NULL,
  `EXTERNAL_ADMISSION_NR` varchar(20) DEFAULT NULL,
  `MOTHER_TONGUE` varchar(50) NOT NULL,
  `NATIONALITY` varchar(50) NOT NULL,
  `PREVIOUS_QUALIFIED_EDUCATION` varchar(40) DEFAULT NULL,
  `REGISTRATION_NR` varchar(50) DEFAULT NULL,
  `RELIGION` varchar(50) NOT NULL,
  `RESERVATION` varchar(50) NOT NULL,
  `RESIDENCE` varchar(255) NOT NULL,
  `SUBMITTED_DATE` date DEFAULT NULL,
  `USER_ACCOUNT_ID` bigint(20) DEFAULT NULL,
  `ACCEPTED_CLASS_ID` bigint(20) DEFAULT NULL,
  `ADDRESS_ID` bigint(20) DEFAULT NULL,
  `APPLIED_ACADEMIC_YEAR_ID` bigint(20) NOT NULL,
  `APPLIED_BATCH_ID` bigint(20) NOT NULL,
  `APPLIED_CLASS_ID` bigint(20) NOT NULL,
  `BRANCH_ID` bigint(20) NOT NULL,
  `COUNTRY_OF_BIRTH` varchar(3) DEFAULT NULL,
  PRIMARY KEY (`ID`),
  UNIQUE KEY `REGISTRATION_NR` (`REGISTRATION_NR`),
  UNIQUE KEY `BRANCH_ID` (`BRANCH_ID`,`EXTERNAL_ADMISSION_NR`),
  KEY `FKA7BA27E9D0ECBF6` (`APPLIED_ACADEMIC_YEAR_ID`),
  KEY `FKA7BA27E95F385DF1` (`APPLIED_BATCH_ID`),
  KEY `FKA7BA27E9C9C05F59` (`USER_ACCOUNT_ID`),
  KEY `FKA7BA27E966488A2B` (`COUNTRY_OF_BIRTH`),
  KEY `FKA7BA27E943FEC4EF` (`ADDRESS_ID`),
  KEY `FKA7BA27E9EDFC0939` (`APPLIED_CLASS_ID`),
  KEY `FKA7BA27E9CF26425` (`BRANCH_ID`),
  KEY `FKA7BA27E9B7F094F` (`ACCEPTED_CLASS_ID`)
) ENGINE=MyISAM DEFAULT CHARSET=latin1;

-- --------------------------------------------------------

--
-- Table structure for table `ADMISSION_EDUCATION_HISTORY`
--

CREATE TABLE IF NOT EXISTS `ADMISSION_EDUCATION_HISTORY` (
  `ID` bigint(20) NOT NULL,
  `AUDIT_TIMESTAMP` datetime NOT NULL,
  `AUDIT_USER_NAME` varchar(255) NOT NULL,
  `VERSION` bigint(20) NOT NULL,
  `CON_PERSON_NAME` varchar(40) DEFAULT NULL,
  `DATE_OF_RELIVING` date NOT NULL,
  `DATE_OF_JOINING` date NOT NULL,
  `HIGHEST_CLASS` varchar(20) NOT NULL,
  `MEDIAM` varchar(20) NOT NULL,
  `SCHOOL_NAME` varchar(20) NOT NULL,
  `SCHOOL_TYPE` varchar(20) NOT NULL,
  `ADDRESS_ID` bigint(20) NOT NULL,
  `ADMISSION_ID` bigint(20) NOT NULL,
  PRIMARY KEY (`ID`),
  KEY `FKA8A6CFE7B33B78F` (`ADMISSION_ID`),
  KEY `FKA8A6CFE743FEC4EF` (`ADDRESS_ID`)
) ENGINE=MyISAM DEFAULT CHARSET=latin1;

-- --------------------------------------------------------

--
-- Table structure for table `ADMISSION_RELATION`
--

CREATE TABLE IF NOT EXISTS `ADMISSION_RELATION` (
  `ADMISSION_ID` bigint(20) NOT NULL,
  `RELATION` bigint(20) NOT NULL,
  `relations_ID` bigint(20) NOT NULL,
  PRIMARY KEY (`ADMISSION_ID`,`RELATION`),
  KEY `FK398C992B33B78F` (`ADMISSION_ID`),
  KEY `FK398C992A5E8FD4A` (`relations_ID`)
) ENGINE=MyISAM DEFAULT CHARSET=latin1;

-- --------------------------------------------------------

--
-- Table structure for table `ADMISSION_RESERVATION_FEE`
--

CREATE TABLE IF NOT EXISTS `ADMISSION_RESERVATION_FEE` (
  `ID` bigint(20) NOT NULL,
  `AUDIT_TIMESTAMP` datetime NOT NULL,
  `AUDIT_USER_NAME` varchar(255) NOT NULL,
  `VERSION` bigint(20) NOT NULL,
  `APPL_FEE_APPLIED` tinyint(1) DEFAULT NULL,
  `APPL_FEE_EXT_TRAN_DATE` date DEFAULT NULL,
  `APPL_FEE_EXT_TRAN_NR` varchar(255) DEFAULT NULL,
  `APPL_FEE_PAID_DATE` date DEFAULT NULL,
  `APPLICATION_FORM_FEE` double DEFAULT NULL,
  `RESERVATION_FEE` double DEFAULT NULL,
  `RESER_FEE_APPLIED` tinyint(1) DEFAULT NULL,
  `RESER_FEE_EXT_TRAN_DATE` date DEFAULT NULL,
  `RESER_FEE_EXT_TRAN_NR` varchar(255) DEFAULT NULL,
  `RESER_FEE_PAID_DATE` date DEFAULT NULL,
  `STUDENT_ID` bigint(20) NOT NULL,
  PRIMARY KEY (`ID`),
  KEY `FK22D1EBFD8AED4B8F` (`STUDENT_ID`)
) ENGINE=MyISAM DEFAULT CHARSET=latin1;

--
-- Dumping data for table `ADMISSION_RESERVATION_FEE`
--

INSERT INTO `ADMISSION_RESERVATION_FEE` (`ID`, `AUDIT_TIMESTAMP`, `AUDIT_USER_NAME`, `VERSION`, `APPL_FEE_APPLIED`, `APPL_FEE_EXT_TRAN_DATE`, `APPL_FEE_EXT_TRAN_NR`, `APPL_FEE_PAID_DATE`, `APPLICATION_FORM_FEE`, `RESERVATION_FEE`, `RESER_FEE_APPLIED`, `RESER_FEE_EXT_TRAN_DATE`, `RESER_FEE_EXT_TRAN_NR`, `RESER_FEE_PAID_DATE`, `STUDENT_ID`) VALUES
(2015, '2013-05-03 02:17:19', 'pradeepb', 1, 1, '2012-05-30', '77675', '2013-05-03', 100, NULL, NULL, NULL, NULL, NULL, 2013),
(2049, '2013-05-03 02:41:46', 'pradeepb', 3, 1, '2012-05-15', '243', '2013-05-03', 100, 100, 1, '2012-05-15', '243', '2013-05-03', 2047),
(2057, '2013-05-03 02:57:49', 'pradeepb', 3, 1, '2012-05-18', '299', '2013-05-03', 100, 1000, 1, '2012-05-18', '299', '2013-05-03', 2055),
(2120, '2013-05-03 05:50:51', 'pradeepb', 2, 1, '2012-05-25', '280', '2013-05-03', 100, NULL, 1, NULL, NULL, NULL, 2118),
(2150, '2013-05-03 06:06:21', 'pradeepb', 3, 1, '2012-05-27', '292', '2013-05-03', 100, 2000, 1, '2012-05-27', '292', '2013-05-03', 2148),
(2179, '2013-05-03 06:42:12', 'pradeepb', 3, 1, '2012-05-28', '1701', '2013-05-03', 100, 2000, 1, '2012-05-28', '1701', '2013-05-03', 2177),
(2209, '2013-05-03 07:16:17', 'pradeepb', 3, 1, '2012-05-23', '1601', '2013-05-03', 100, 2000, 1, '2012-05-23', '1601', '2013-05-03', 2207),
(2236, '2013-05-03 07:25:37', 'pradeepb', 3, 1, '2012-05-28', '295', '2013-05-03', 100, 2000, 1, '2012-05-28', '295', '2013-05-03', 2234),
(2260, '2013-05-03 07:32:18', 'pradeepb', 3, 1, '2012-05-26', '1604', '2013-05-03', 100, 1000, 1, '2012-05-26', '1604', '2013-05-03', 2258),
(2290, '2013-05-03 07:41:47', 'pradeepb', 3, 1, '2012-05-28', '002', '2013-05-03', 100, 1000, 1, '2012-05-28', '002', '2013-05-03', 2288),
(2318, '2013-05-03 07:54:43', 'pradeepb', 3, 1, '2012-05-29', '1710', '2013-05-03', 100, 2000, 1, '2012-05-29', '1710', '2013-05-03', 2316),
(2352, '2013-05-04 00:15:55', 'pradeepb', 3, 1, '2013-03-03', '1607', '2013-05-04', 100, 1000, 1, '2013-03-03', '1607', '2013-05-04', 2350),
(2381, '2013-05-04 01:01:11', 'pradeepb', 3, 1, '2012-06-01', '1735', '2013-05-04', 100, 1000, 1, '2012-06-01', '1735', '2013-05-04', 2379),
(2407, '2013-05-04 01:10:24', 'pradeepb', 3, 1, '2012-06-02', '1736', '2013-05-04', 100, 2000, 1, '2012-06-02', '1736', '2013-05-04', 2405),
(2433, '2013-05-04 07:02:50', 'pradeepb', 3, 1, '2012-06-04', '1743', '2013-05-04', 100, 1000, 1, '2012-06-04', '1743', '2013-05-04', 2431),
(2464, '2013-05-04 07:25:05', 'pradeepb', 3, 1, '2012-04-16', '601', '2013-05-04', 100, 1000, 1, '2012-04-16', '601', '2013-05-04', 2462),
(2488, '2013-05-04 07:32:47', 'pradeepb', 3, 1, '2012-04-19', '406', '2013-05-04', 100, 1000, 1, '2012-04-19', '406', '2013-05-04', 2486),
(2516, '2013-05-04 08:05:13', 'pradeepb', 3, 1, '2012-04-27', '220', '2013-05-04', 100, 1000, 1, '2012-04-27', '220', '2013-05-04', 2514),
(2548, '2013-05-04 08:20:08', 'pradeepb', 3, 1, '2012-04-27', '409', '2013-05-04', 100, 2000, 1, '2012-04-27', '409', '2013-05-04', 2546),
(2572, '2013-05-04 08:35:37', 'pradeepb', 3, 1, '2012-05-03', '223', '2013-05-04', 100, 1000, 1, '2012-05-03', '223', '2013-05-04', 2570),
(2606, '2013-05-06 01:13:46', 'pradeepb', 3, 1, '2012-05-08', '297', '2013-05-06', 100, 1000, 1, '2012-05-08', '297', '2013-05-06', 2604),
(2639, '2013-05-06 01:26:46', 'pradeepb', 3, 1, '2012-05-06', '100', '2013-05-06', 100, 1000, 1, '2012-05-06', 'NA', '2013-05-06', 2637),
(2671, '2013-05-06 06:30:28', 'pradeepb', 3, 1, '2012-05-08', '606', '2013-05-06', 100, 1000, 1, '2012-05-08', '606', '2013-05-06', 2669),
(2703, '2013-05-07 02:42:08', 'pradeepb', 2, 1, NULL, NULL, '2013-05-07', 100, 10000, 0, '2012-06-11', '1932', '2013-05-07', 2701),
(2730, '2013-05-07 02:55:31', 'pradeepb', 1, 0, '2012-05-23', '276', '2013-05-07', 100, 1000, 0, '2012-05-23', '276', '2013-05-07', 2728),
(2738, '2013-05-07 05:14:06', 'pradeepb', 3, 1, '2012-06-11', '1865', '2013-05-07', 100, 5000, 1, '2012-06-11', '1865', '2013-05-07', 2736),
(2756, '2013-05-07 05:22:49', 'pradeepb', 3, 1, '2012-06-12', '1777', '2013-05-07', 100, 1000, 1, '2012-06-12', '1777', '2013-05-07', 2754),
(2789, '2013-05-07 05:40:32', 'pradeepb', 3, 1, '2012-06-12', '1776', '2013-05-07', 100, 1000, 1, '2012-06-12', '1776', '2013-05-07', 2787),
(2816, '2013-05-07 06:18:49', 'pradeepb', 1, 0, '2012-06-10', '618', '2013-05-07', 100, 100, 0, '2012-06-10', '618', '2013-05-07', 2814),
(2825, '2013-05-07 06:37:07', 'pradeepb', 3, 1, '2012-06-10', '618', '2013-05-07', 100, 1000, 1, '2012-06-10', '618', '2013-05-07', 2823),
(2851, '2013-05-07 23:52:49', 'pradeepb', 3, 1, '2012-06-13', '1791', '2013-05-07', 100, 2000, 1, '2012-06-13', '1791', '2013-05-07', 2849),
(2882, '2013-05-08 00:02:55', 'pradeepb', 3, 1, '2012-06-13', '1790', '2013-05-08', 100, 2000, 1, '2012-06-13', '1790', '2013-05-08', 2880),
(2913, '2013-05-08 01:44:39', 'pradeepb', 3, 1, '2012-06-14', '1940', '2013-05-08', 100, 1000, 1, '2012-06-14', '1940', '2013-05-08', 2911),
(2943, '2013-05-08 02:03:08', 'pradeepb', 3, 1, NULL, NULL, '2013-05-08', 100, 2000, 1, '2012-04-02', 'NA', '2013-05-08', 2941),
(2970, '2013-05-08 02:17:18', 'pradeepb', 3, 1, '2012-06-18', '2445', '2013-05-08', 100, 2000, 1, '2012-06-18', '2445', '2013-05-08', 2968),
(2997, '2013-05-08 02:27:25', 'pradeepb', 3, 1, '2012-06-18', '2446', '2013-05-08', 100, 2000, 1, '2012-06-18', '2446', '2013-05-08', 2995),
(3015, '2013-05-08 02:49:55', 'pradeepb', 1, 1, '2012-06-20', '2461', '2013-05-08', 100, NULL, NULL, NULL, NULL, NULL, 3013),
(3045, '2013-05-08 03:29:09', 'pradeepb', 3, 1, '2012-07-07', '791', '2013-05-08', 100, 5000, 1, '2012-07-07', '791', '2013-05-08', 3043),
(3076, '2013-05-08 05:11:47', 'pradeepb', 3, 1, '2012-06-11', '1616', '2013-05-08', 100, 2000, 1, '2012-06-11', '1616', '2013-05-08', 3074),
(3110, '2013-05-08 05:39:35', 'pradeepb', 3, 1, '2012-06-11', '1934', '2013-05-08', 100, 5000, 1, '2012-06-11', '1934', '2013-05-08', 3108),
(3136, '2013-05-08 06:54:44', 'pradeepb', 3, 1, '2012-06-11', '143', '2013-05-08', 100, 1000, 1, '2012-06-11', '143', '2013-05-08', 3134),
(3164, '2013-05-08 07:26:51', 'pradeepb', 3, 1, '2012-06-11', '1775', '2013-05-08', 100, 5000, 1, '2012-06-11', '1775', '2013-05-08', 3162),
(3193, '2013-05-08 07:37:41', 'pradeepb', 3, 1, '2012-06-11', '1863', '2013-05-08', 100, 1000, 1, '2012-06-11', '1863', '2013-05-08', 3191),
(3217, '2013-05-08 07:47:09', 'pradeepb', 3, 1, '2012-06-04', '136', '2013-05-08', 100, 3000, 1, '2012-06-04', '136', '2013-05-08', 3215),
(3241, '2013-05-08 07:54:33', 'pradeepb', 3, 1, '2012-06-04', 'NA', '2013-05-08', 100, 1000, 1, '2012-06-04', 'NA', '2013-05-08', 3239),
(3279, '2013-05-08 08:03:14', 'pradeepb', 3, 1, '2012-06-06', '1755', '2013-05-08', 100, 1000, 1, '2012-06-06', '1755', '2013-05-08', 3277),
(3306, '2013-05-08 23:35:00', 'pradeepb', 3, 1, '2012-06-06', '1756', '2013-05-08', 100, 1000, 1, '2012-06-06', '1756', '2013-05-08', 3304),
(3333, '2013-05-08 23:44:23', 'pradeepb', 3, 1, '2012-06-06', '1760', '2013-05-08', 100, 1000, 1, '2012-06-06', '1760', '2013-05-08', 3331),
(3362, '2013-05-08 23:53:26', 'pradeepb', 3, 1, '2012-06-01', '1608', '2013-05-08', 100, 1000, 1, '2012-06-01', '1608', '2013-05-08', 3360),
(3389, '2013-05-09 00:02:20', 'pradeepb', 3, 1, '2012-06-08', '1907', '2013-05-09', 100, 1000, 1, '2012-06-08', '1907', '2013-05-09', 3387),
(3426, '2013-05-09 00:12:26', 'pradeepb', 2, 1, '2012-08-25', '183', '2013-05-09', 100, NULL, 1, NULL, NULL, NULL, 3424),
(3454, '2013-05-09 00:48:27', 'pradeepb', 3, 1, '2012-06-08', '1851', '2013-05-09', 100, 5000, 1, '2012-06-08', '1851', '2013-05-09', 3452),
(3478, '2013-05-09 00:57:14', 'pradeepb', 3, 1, '2012-06-09', '145', '2013-05-09', 100, 1000, 1, '2012-06-09', '145', '2013-05-09', 3476),
(3510, '2013-05-09 01:22:05', 'pradeepb', 3, 1, '2012-10-05', 'NA', '2013-05-09', 100, 1000, 1, '2012-05-22', 'NA', '2013-05-09', 3508),
(3540, '2013-05-09 01:37:40', 'pradeepb', 3, 1, '2012-06-08', '1768', '2013-05-09', 100, 5000, 1, '2012-06-08', '1768', '2013-05-09', 3538),
(3564, '2013-05-09 01:46:54', 'pradeepb', 3, 1, '2012-04-15', '701', '2013-05-09', 100, 2000, 1, '2012-04-15', '701', '2013-05-09', 3562),
(3597, '2013-05-09 02:00:04', 'pradeepb', 3, 1, '2012-06-04', '1815', '2013-05-09', 100, 5000, 1, '2012-06-04', '1815', '2013-05-09', 3595),
(3643, '2013-05-09 03:16:43', 'pradeepb', 1, 1, '2012-06-19', '2456', '2013-05-09', 100, NULL, NULL, NULL, NULL, NULL, 3641),
(3662, '2013-05-09 05:44:51', 'pradeepb', 3, 1, '2012-05-30', '1717', '2013-05-09', 100, 5000, 1, '2012-05-30', '1717', '2013-05-09', 3660),
(3683, '2013-05-09 05:59:05', 'pradeepb', 3, 1, '2012-06-12', '1779', '2013-05-09', 100, 5000, 1, '2012-06-12', '1779', '2013-05-09', 3681),
(3704, '2013-05-09 06:05:54', 'pradeepb', 3, 1, '2012-04-24', 'NA', '2013-05-09', 100, 2000, 1, '2012-04-24', 'NA', '2013-05-09', 3702),
(3725, '2013-05-09 07:12:17', 'pradeepb', 1, 1, '2012-06-07', '1849', '2013-05-09', 100, NULL, NULL, NULL, NULL, NULL, 3723),
(3744, '2013-05-09 07:18:06', 'pradeepb', 3, 1, '2012-06-07', '1842', '2013-05-09', 100, 5000, 1, '2012-06-07', '1842', '2013-05-09', 3742),
(3765, '2013-05-09 07:47:12', 'pradeepb', 3, 1, '2012-06-10', 'NA', '2013-05-09', 100, 5000, 1, '2012-06-10', 'NA', '2013-05-09', 3763),
(3786, '2013-05-10 00:10:27', 'pradeepb', 3, 1, '2012-06-11', '5000', '2013-05-10', 100, 5000, 1, '2012-06-11', 'NA', '2013-05-10', 3784),
(3811, '2013-05-10 01:39:34', 'pradeepb', 1, NULL, NULL, NULL, NULL, NULL, 5000, 1, '2012-06-08', '1850', '2013-05-10', 3806),
(3827, '2013-05-10 01:55:11', 'pradeepb', 3, 1, '2012-06-20', '2468', '2013-05-10', 100, 5000, 1, '2012-06-20', '2468', '2013-05-10', 3825),
(3848, '2013-05-10 02:04:24', 'pradeepb', 3, 1, '2012-04-26', '219', '2013-05-10', 100, 1500, 1, '2012-04-26', '219', '2013-05-10', 3846),
(3871, '2013-05-10 02:11:07', 'pradeepb', 3, 1, '2012-06-14', '2344', '2013-05-10', 100, 5000, 1, '2012-06-14', '2344', '2013-05-10', 3869),
(3892, '2013-05-10 02:52:43', 'pradeepb', 3, 1, '2012-06-02', 'NA', '2013-05-10', 100, 5000, 1, '2012-06-02', 'NA', '2013-05-10', 3890),
(3913, '2013-05-10 04:32:18', 'pradeepb', 3, 1, '2012-06-05', '1822', '2013-05-10', 100, 3000, 1, '2012-06-05', '1822', '2013-05-10', 3911),
(3934, '2013-05-10 04:44:19', 'pradeepb', 3, 1, '2012-05-19', '253', '2013-05-10', 100, 5000, 1, '2012-05-19', '253', '2013-05-10', 3932),
(3955, '2013-05-10 04:50:12', 'pradeepb', 3, 1, '2012-06-02', '77699', '2013-05-10', 100, 5000, 1, '2012-06-02', '77699', '2013-05-10', 3953),
(3976, '2013-05-10 05:29:07', 'pradeepb', 3, 1, '2012-06-08', '1915', '2013-05-10', 100, 5000, 1, '2012-06-08', '1915', '2013-05-10', 3974),
(3997, '2013-05-10 05:44:39', 'pradeepb', 3, 1, '2012-04-25', '212', '2013-05-10', 100, 5000, 1, '2012-04-25', '212', '2013-05-10', 3995),
(4023, '2013-05-11 00:07:09', 'pradeepb', 3, 1, '2012-06-13', '1789', '2013-05-11', 100, 5000, 1, '2012-06-13', '1789', '2013-05-11', 4021),
(4045, '2013-05-11 00:12:10', 'pradeepb', 3, 1, '2012-05-30', '1715', '2013-05-11', 100, 5000, 1, '2012-05-30', '1715', '2013-05-11', 4043),
(4066, '2013-05-11 00:16:57', 'pradeepb', 3, 1, '2012-05-25', '283', '2013-05-11', 100, 5000, 1, '2012-05-25', '283', '2013-05-11', 4064),
(4090, '2013-05-11 00:22:52', 'pradeepb', 1, NULL, NULL, NULL, NULL, NULL, 3500, 1, '2012-05-29', '77665', '2013-05-11', 4085),
(4106, '2013-05-11 00:29:14', 'pradeepb', 3, 1, '2012-05-15', 'NA', '2013-05-11', 100, 5000, 1, '2012-05-15', 'NA', '2013-05-11', 4104),
(4143, '2013-05-11 01:37:13', 'pradeepb', 3, 1, '2012-07-04', 'NA', '2013-05-11', 100, 4000, 1, '2012-07-04', 'NA', '2013-05-11', 4141),
(4164, '2013-05-11 01:39:11', 'apeironsol123', 3, 1, '2013-06-13', '1785', '2013-05-11', 100, 5000, 1, '2012-06-13', '1785', '2013-05-11', 4162),
(4174, '2013-05-11 01:49:51', 'apeironsol123', 3, 1, '2012-06-09', '1855', '2013-05-11', 100, 5000, 1, '2012-06-09', '1855', '2013-05-11', 4171),
(4208, '2013-05-11 01:56:56', 'apeironsol123', 3, 1, '2012-06-08', '1916', '2013-05-11', 100, 5000, 1, '2012-06-08', '1916', '2013-05-11', 4206),
(4229, '2013-05-11 02:02:58', 'apeironsol123', 3, 1, '2012-06-06', '1828', '2013-05-11', 100, 3100, 1, '2012-06-06', '1828', '2013-05-11', 4227),
(4237, '2013-05-11 02:04:48', 'pradeepb', 3, 1, '2012-06-20', '2473', '2013-05-11', 100, 4000, 1, '2012-06-20', '2473', '2013-05-11', 4235),
(4257, '2013-05-11 02:05:19', 'apeironsol123', 1, 0, '2012-05-30', '77677', '2013-05-11', 100, 2100, 0, '2012-05-30', '77677', '2013-05-11', 4254),
(4282, '2013-05-11 02:09:21', 'pradeepb', 3, 1, '2012-06-03', '1738', '2013-05-11', 100, 5000, 1, '2012-06-03', '1738', '2013-05-11', 4280),
(4303, '2013-05-11 02:12:27', 'apeironsol123', 3, 1, '2012-05-31', '1722', '2013-05-11', 100, 5000, 1, '2012-05-31', '1722', '2013-05-11', 4301),
(4311, '2013-05-11 02:13:30', 'pradeepb', 3, 1, '2012-06-24', '155', '2013-05-11', 100, 10000, 1, '2012-06-24', '155', '2013-05-11', 4309),
(4331, '2013-05-11 02:14:14', 'apeironsol123', 3, 1, '2012-05-30', '77678', '2013-05-11', 100, 3000, 1, '2012-05-30', '77678', '2013-05-11', 4328),
(4369, '2013-05-11 02:18:37', 'pradeepb', 3, 1, '2012-05-03', '224', '2013-05-11', 100, 3000, 1, '2012-05-03', '224', '2013-05-11', 4367),
(4374, '2013-05-11 02:18:44', 'apeironsol123', 3, 1, '2012-06-14', '2345', '2013-05-11', 100, 10000, 1, '2012-06-14', '2345', '2013-05-11', 4372),
(4413, '2013-05-11 02:23:32', 'pradeepb', 3, 1, '2012-06-13', '1783', '2013-05-11', 100, 5000, 1, '2012-06-13', '1783', '2013-05-11', 4411),
(4419, '2013-05-11 02:23:45', 'apeironsol123', 3, 1, '2012-06-07', '1845', '2013-05-11', 100, 4000, 1, '2012-06-07', '1845', '2013-05-11', 4416),
(4442, '2013-05-11 02:24:38', 'apeironsol123', 3, 1, '2012-06-09', '1854', '2013-05-11', 100, 1000, 1, '2012-06-09', '1854', '2013-05-11', 4439),
(4478, '2013-05-11 02:29:10', 'pradeepb', 3, 1, '2012-08-03', '2215', '2013-05-11', 100, 15000, 1, '2012-08-03', '2215', '2013-05-11', 4476),
(4487, '2013-05-11 02:31:09', 'apeironsol123', 3, 1, '2012-06-29', '721', '2013-05-11', 100, 5000, 1, '0012-06-29', '1806', '2013-05-11', 4484),
(4511, '2013-05-11 02:32:10', 'apeironsol123', 3, 1, '2012-06-04', '1817', '2013-05-11', 100, 5000, 1, '2012-06-04', '1817', '2013-05-11', 4508),
(4575, '2013-05-11 02:38:02', 'pradeepb', 3, 1, '2012-08-07', '2216', '2013-05-11', 100, 10000, 1, '2012-08-07', '2216', '2013-05-11', 4573),
(4580, '2013-05-11 02:38:12', 'apeironsol123', 3, 1, '2012-06-07', '1844', '2013-05-11', 100, 5000, 1, '2012-06-07', '1844', '2013-05-11', 4578),
(4620, '2013-05-11 02:39:42', 'apeironsol123', 3, 1, '2012-05-06', '296', '2013-05-11', 100, 3000, 1, '2012-05-06', '296', '2013-05-11', 4617),
(4641, '2013-05-11 02:43:07', 'pradeepb', 3, 1, '2012-06-11', '1774', '2013-05-11', 100, 5000, 1, '2012-06-11', '1774', '2013-05-11', 4639),
(4647, '2013-05-11 02:43:41', 'apeironsol123', 3, 1, '2012-05-31', '1724', '2013-05-11', 100, 5000, 1, '2012-05-31', '1724', '2013-05-11', 4645),
(4683, '2013-05-11 02:49:37', 'apeironsol123', 3, 1, '2012-05-31', '1723', '2013-05-11', 100, 5000, 1, '2012-05-31', '1723', '2013-05-11', 4681),
(4719, '2013-05-11 02:50:56', 'apeironsol123', 1, NULL, NULL, NULL, NULL, NULL, 5000, 1, '2012-06-03', '1808', '2013-05-11', 4686);

-- --------------------------------------------------------

--
-- Table structure for table `ADMISSION_STATUS_HISTORY`
--

CREATE TABLE IF NOT EXISTS `ADMISSION_STATUS_HISTORY` (
  `ID` bigint(20) NOT NULL,
  `AUDIT_TIMESTAMP` datetime NOT NULL,
  `AUDIT_USER_NAME` varchar(255) NOT NULL,
  `VERSION` bigint(20) NOT NULL,
  `ACTION` varchar(255) DEFAULT NULL,
  `ACTION_TAKEN_BY` varchar(40) DEFAULT NULL,
  `ACTION_TAKEN_TIME` datetime NOT NULL,
  `COMMENTS` longtext,
  `ADMISSION_ID` bigint(20) NOT NULL,
  PRIMARY KEY (`ID`),
  KEY `FKF63C203DB33B78F` (`ADMISSION_ID`)
) ENGINE=MyISAM DEFAULT CHARSET=latin1;

-- --------------------------------------------------------

--
-- Table structure for table `ADMISSION_SUBMITTED_DOCUMENTS`
--

CREATE TABLE IF NOT EXISTS `ADMISSION_SUBMITTED_DOCUMENTS` (
  `ID` bigint(20) NOT NULL,
  `AUDIT_TIMESTAMP` datetime NOT NULL,
  `AUDIT_USER_NAME` varchar(255) NOT NULL,
  `VERSION` bigint(20) NOT NULL,
  `BUILD_BLOCK_ID` bigint(20) NOT NULL,
  `STUDENT_ID` bigint(20) NOT NULL,
  PRIMARY KEY (`ID`),
  KEY `FKFC4C66DEE3074AEC` (`BUILD_BLOCK_ID`),
  KEY `FKFC4C66DE8AED4B8F` (`STUDENT_ID`)
) ENGINE=MyISAM DEFAULT CHARSET=latin1;

-- --------------------------------------------------------

--
-- Table structure for table `ATTENDANCE`
--

CREATE TABLE IF NOT EXISTS `ATTENDANCE` (
  `ID` bigint(20) NOT NULL,
  `AUDIT_TIMESTAMP` datetime NOT NULL,
  `AUDIT_USER_NAME` varchar(255) NOT NULL,
  `VERSION` bigint(20) NOT NULL,
  `ATTENDANCE_DATE` datetime DEFAULT NULL,
  `ATTENDANCE_TYPE` varchar(255) DEFAULT NULL,
  `LOCKED` tinyint(1) DEFAULT NULL,
  `SUBMITTED_BY` varchar(255) DEFAULT NULL,
  `SECTION_ID` bigint(20) NOT NULL,
  `SECTION_SUBJECT_ID` bigint(20) NOT NULL,
  `SUBMITTED_DATE` date NOT NULL,
  PRIMARY KEY (`ID`),
  KEY `FK8E01CEE9597167DA` (`SECTION_SUBJECT_ID`),
  KEY `FK8E01CEE9C7C9134F` (`SECTION_ID`)
) ENGINE=MyISAM DEFAULT CHARSET=latin1;

-- --------------------------------------------------------

--
-- Table structure for table `BATCH`
--

CREATE TABLE IF NOT EXISTS `BATCH` (
  `ID` bigint(20) NOT NULL,
  `AUDIT_TIMESTAMP` datetime NOT NULL,
  `AUDIT_USER_NAME` varchar(255) NOT NULL,
  `VERSION` bigint(20) NOT NULL,
  `LOCKED` tinyint(1) NOT NULL,
  `NAME` varchar(255) NOT NULL,
  `BRANCH_ID` bigint(20) NOT NULL,
  `END_ACADEMIC_YEAR_ID` bigint(20) NOT NULL,
  `START_ACADEMIC_YEAR_ID` bigint(20) NOT NULL,
  PRIMARY KEY (`ID`),
  KEY `FK3C0DF1ACF26425` (`BRANCH_ID`),
  KEY `FK3C0DF1A90D3DEB1` (`START_ACADEMIC_YEAR_ID`),
  KEY `FK3C0DF1A8C317B58` (`END_ACADEMIC_YEAR_ID`)
) ENGINE=MyISAM DEFAULT CHARSET=latin1;

--
-- Dumping data for table `BATCH`
--

INSERT INTO `BATCH` (`ID`, `AUDIT_TIMESTAMP`, `AUDIT_USER_NAME`, `VERSION`, `LOCKED`, `NAME`, `BRANCH_ID`, `END_ACADEMIC_YEAR_ID`, `START_ACADEMIC_YEAR_ID`) VALUES
(79, '2013-04-14 02:46:53', 'apeironsol', 3, 1, '2012-2014', 41, 77, 76),
(80, '2013-04-14 02:47:11', 'apeironsol', 1, 1, '2013-2015', 41, 78, 77);

-- --------------------------------------------------------

--
-- Table structure for table `BATCH_LOG`
--

CREATE TABLE IF NOT EXISTS `BATCH_LOG` (
  `ID` bigint(20) NOT NULL,
  `AUDIT_TIMESTAMP` datetime NOT NULL,
  `AUDIT_USER_NAME` varchar(255) NOT NULL,
  `VERSION` bigint(20) NOT NULL,
  `BATCH_STATUS` varchar(50) NOT NULL,
  `COMPLETED` tinyint(1) DEFAULT NULL,
  `EXECUTION_START_DATE` datetime NOT NULL,
  `EXECUTION_TIME` bigint(20) DEFAULT NULL,
  `BATCH_NOTIFICATION_LEVEL` varchar(50) NOT NULL,
  `NOTIFICATION_LEVEL_ID` bigint(20) NOT NULL,
  `BATCH_NOTIFICATION_SUB_TYPE` varchar(50) NOT NULL,
  `BATCH_NOTIFICATION_TYPE` varchar(50) NOT NULL,
  `NR_ELEMENTS` bigint(20) NOT NULL,
  `NR_ELEMENTS_PROC_SUCCESS` bigint(20) DEFAULT NULL,
  `NR_ELEMENTS_PROC_CANCELED` bigint(20) DEFAULT NULL,
  `NR_ELEMENTS_PROC_ERROR` bigint(20) DEFAULT NULL,
  `BRANCH_ID` bigint(20) DEFAULT NULL,
  PRIMARY KEY (`ID`),
  KEY `FK6BD4187FCF26425` (`BRANCH_ID`)
) ENGINE=MyISAM DEFAULT CHARSET=latin1;

-- --------------------------------------------------------

--
-- Table structure for table `BATCH_LOG_MESSAGE`
--

CREATE TABLE IF NOT EXISTS `BATCH_LOG_MESSAGE` (
  `ID` bigint(20) NOT NULL,
  `AUDIT_TIMESTAMP` datetime NOT NULL,
  `AUDIT_USER_NAME` varchar(255) NOT NULL,
  `VERSION` bigint(20) NOT NULL,
  `MESSAGE_STATUS` varchar(255) DEFAULT NULL,
  `ERROR_MESSAGE` longtext,
  `MESSAGE_SENT` longtext,
  `MESSAGE_SENT_TIME` datetime NOT NULL,
  `SEND_TO` varchar(255) DEFAULT NULL,
  `BATCH_ID` bigint(20) DEFAULT NULL,
  `STUDENT_ACADEMIC_YEAR_ID` bigint(20) DEFAULT NULL,
  PRIMARY KEY (`ID`),
  KEY `FK40755C27346CCF5E` (`BATCH_ID`),
  KEY `FK40755C27AC13E29D` (`STUDENT_ACADEMIC_YEAR_ID`)
) ENGINE=MyISAM DEFAULT CHARSET=latin1;

-- --------------------------------------------------------

--
-- Table structure for table `BRANCH`
--

CREATE TABLE IF NOT EXISTS `BRANCH` (
  `ID` bigint(20) NOT NULL,
  `AUDIT_TIMESTAMP` datetime NOT NULL,
  `AUDIT_USER_NAME` varchar(255) NOT NULL,
  `VERSION` bigint(20) NOT NULL,
  `ACTIVE` tinyint(1) DEFAULT NULL,
  `AFFILIATED_TO` varchar(100) DEFAULT NULL,
  `BRANCH_TYPE` varchar(50) NOT NULL,
  `CODE` varchar(10) NOT NULL,
  `NAME` varchar(100) NOT NULL,
  `RECOGNISED_BY` varchar(100) NOT NULL,
  `REGISTRATION_DATE` date NOT NULL,
  `REGISTRATION_TYPE` varchar(50) NOT NULL,
  `START_DATE` date NOT NULL,
  `ADDRESS_ID` bigint(20) DEFAULT NULL,
  `ORGANIZATION_ID` bigint(20) NOT NULL,
  PRIMARY KEY (`ID`),
  UNIQUE KEY `CODE` (`CODE`),
  UNIQUE KEY `NAME` (`NAME`),
  KEY `FK754219A244CEC245` (`ORGANIZATION_ID`),
  KEY `FK754219A243FEC4EF` (`ADDRESS_ID`)
) ENGINE=MyISAM DEFAULT CHARSET=latin1;

--
-- Dumping data for table `BRANCH`
--

INSERT INTO `BRANCH` (`ID`, `AUDIT_TIMESTAMP`, `AUDIT_USER_NAME`, `VERSION`, `ACTIVE`, `AFFILIATED_TO`, `BRANCH_TYPE`, `CODE`, `NAME`, `RECOGNISED_BY`, `REGISTRATION_DATE`, `REGISTRATION_TYPE`, `START_DATE`, `ADDRESS_ID`, `ORGANIZATION_ID`) VALUES
(41, '2013-04-14 02:38:06', 'apeironsol', 16, 1, NULL, 'INTERMEDIATE', '15128', 'Sri MedhaV KPHB', 'Govt of AP', '2012-06-12', 'PRIVATE', '2012-06-12', 40, 1);

-- --------------------------------------------------------

--
-- Table structure for table `BRANCH_ASSEMBLY`
--

CREATE TABLE IF NOT EXISTS `BRANCH_ASSEMBLY` (
  `ID` bigint(20) NOT NULL,
  `AUDIT_TIMESTAMP` datetime NOT NULL,
  `AUDIT_USER_NAME` varchar(255) NOT NULL,
  `VERSION` bigint(20) NOT NULL,
  `BRANCH_ID` bigint(20) NOT NULL,
  `BUILDING_BLOCK_ID` bigint(20) NOT NULL,
  PRIMARY KEY (`ID`),
  UNIQUE KEY `BRANCH_ID` (`BRANCH_ID`,`BUILDING_BLOCK_ID`),
  KEY `FK354CFBE3B9536D66` (`BUILDING_BLOCK_ID`),
  KEY `FK354CFBE3CF26425` (`BRANCH_ID`)
) ENGINE=MyISAM DEFAULT CHARSET=latin1;

--
-- Dumping data for table `BRANCH_ASSEMBLY`
--

INSERT INTO `BRANCH_ASSEMBLY` (`ID`, `AUDIT_TIMESTAMP`, `AUDIT_USER_NAME`, `VERSION`, `BRANCH_ID`, `BUILDING_BLOCK_ID`) VALUES
(42, '2013-04-14 02:38:16', 'apeironsol', 0, 41, 2),
(43, '2013-04-14 02:38:16', 'apeironsol', 0, 41, 3),
(44, '2013-04-14 02:38:16', 'apeironsol', 0, 41, 5),
(45, '2013-04-14 02:38:16', 'apeironsol', 0, 41, 4),
(46, '2013-04-14 02:38:16', 'apeironsol', 0, 41, 8),
(47, '2013-04-14 02:38:16', 'apeironsol', 0, 41, 6),
(48, '2013-04-14 02:38:16', 'apeironsol', 0, 41, 11),
(49, '2013-04-14 02:38:16', 'apeironsol', 0, 41, 7),
(50, '2013-04-14 02:38:16', 'apeironsol', 0, 41, 9),
(51, '2013-04-14 02:38:16', 'apeironsol', 0, 41, 10),
(52, '2013-04-14 02:38:16', 'apeironsol', 0, 41, 12),
(53, '2013-04-14 02:38:16', 'apeironsol', 0, 41, 14),
(54, '2013-04-14 02:38:16', 'apeironsol', 0, 41, 13),
(55, '2013-04-14 02:38:16', 'apeironsol', 0, 41, 26),
(56, '2013-04-14 02:38:16', 'apeironsol', 0, 41, 25),
(57, '2013-04-14 02:38:16', 'apeironsol', 0, 41, 15),
(58, '2013-04-14 02:38:16', 'apeironsol', 0, 41, 28),
(59, '2013-04-14 02:38:16', 'apeironsol', 0, 41, 21),
(60, '2013-04-14 02:38:16', 'apeironsol', 0, 41, 29),
(61, '2013-04-14 02:38:16', 'apeironsol', 0, 41, 24),
(62, '2013-04-14 02:38:16', 'apeironsol', 0, 41, 23),
(63, '2013-04-14 02:38:16', 'apeironsol', 0, 41, 22),
(64, '2013-04-14 02:38:16', 'apeironsol', 0, 41, 27),
(65, '2013-04-14 02:38:16', 'apeironsol', 0, 41, 17),
(66, '2013-04-14 02:38:16', 'apeironsol', 0, 41, 31),
(67, '2013-04-14 02:38:16', 'apeironsol', 0, 41, 33),
(68, '2013-04-14 02:38:16', 'apeironsol', 0, 41, 34),
(69, '2013-04-14 02:38:16', 'apeironsol', 0, 41, 36),
(70, '2013-04-14 02:38:16', 'apeironsol', 0, 41, 35),
(71, '2013-04-14 02:38:16', 'apeironsol', 0, 41, 32),
(72, '2013-04-14 02:38:16', 'apeironsol', 0, 41, 30),
(73, '2013-04-14 02:38:16', 'apeironsol', 0, 41, 37),
(74, '2013-04-14 02:38:16', 'apeironsol', 0, 41, 39),
(75, '2013-04-14 02:38:16', 'apeironsol', 0, 41, 38),
(207, '2013-04-14 03:53:04', 'apeironsol', 0, 41, 206),
(998, '2013-04-21 01:28:33', 'apeironsol123', 0, 41, 997),
(1366, '2013-04-27 05:27:02', 'apeironsol123', 0, 41, 1365),
(1804, '2013-05-01 03:59:51', 'apeironsol123', 0, 41, 1803);

-- --------------------------------------------------------

--
-- Table structure for table `BRANCH_ASSERT`
--

CREATE TABLE IF NOT EXISTS `BRANCH_ASSERT` (
  `ID` bigint(20) NOT NULL,
  `AUDIT_TIMESTAMP` datetime NOT NULL,
  `AUDIT_USER_NAME` varchar(255) NOT NULL,
  `VERSION` bigint(20) NOT NULL,
  `ASSERT_DATE` date DEFAULT NULL,
  `DESCRIPTION` varchar(200) NOT NULL,
  `NAME` varchar(50) NOT NULL,
  `QUANTITY` int(11) NOT NULL,
  `TOTAL_AMOUNT` double NOT NULL,
  `ASSERT_TYPE_BUILD_BLK_ID` bigint(20) NOT NULL,
  `BRANCH_ID` bigint(20) NOT NULL,
  PRIMARY KEY (`ID`),
  KEY `FK4B71908362732A04` (`ASSERT_TYPE_BUILD_BLK_ID`),
  KEY `FK4B719083CF26425` (`BRANCH_ID`)
) ENGINE=MyISAM DEFAULT CHARSET=latin1;

-- --------------------------------------------------------

--
-- Table structure for table `BRANCH_DEPARTMENT`
--

CREATE TABLE IF NOT EXISTS `BRANCH_DEPARTMENT` (
  `ID` bigint(20) NOT NULL,
  `AUDIT_TIMESTAMP` datetime NOT NULL,
  `AUDIT_USER_NAME` varchar(255) NOT NULL,
  `VERSION` bigint(20) NOT NULL,
  `END_DATE` datetime DEFAULT NULL,
  `START_DATE` datetime NOT NULL,
  `BRANCH_ASSEMBLE_ID` bigint(20) NOT NULL,
  PRIMARY KEY (`ID`),
  KEY `FKD565720F346343DE` (`BRANCH_ASSEMBLE_ID`)
) ENGINE=MyISAM DEFAULT CHARSET=latin1;

-- --------------------------------------------------------

--
-- Table structure for table `BRANCH_EXPENSE`
--

CREATE TABLE IF NOT EXISTS `BRANCH_EXPENSE` (
  `ID` bigint(20) NOT NULL,
  `AUDIT_TIMESTAMP` datetime NOT NULL,
  `AUDIT_USER_NAME` varchar(255) NOT NULL,
  `VERSION` bigint(20) NOT NULL,
  `AMOUNT` double DEFAULT NULL,
  `DESCRIPTION` varchar(200) DEFAULT NULL,
  `EXPENSE_DATE` datetime NOT NULL,
  `NAME` varchar(50) NOT NULL,
  `BRANCH_ID` bigint(20) NOT NULL,
  `EXPENSE_TYPE_BUILD_BLK_ID` bigint(20) NOT NULL,
  PRIMARY KEY (`ID`),
  KEY `FKFEB7529B3FC71E96` (`EXPENSE_TYPE_BUILD_BLK_ID`),
  KEY `FKFEB7529BCF26425` (`BRANCH_ID`)
) ENGINE=MyISAM DEFAULT CHARSET=latin1;

--
-- Dumping data for table `BRANCH_EXPENSE`
--

INSERT INTO `BRANCH_EXPENSE` (`ID`, `AUDIT_TIMESTAMP`, `AUDIT_USER_NAME`, `VERSION`, `AMOUNT`, `DESCRIPTION`, `EXPENSE_DATE`, `NAME`, `BRANCH_ID`, `EXPENSE_TYPE_BUILD_BLK_ID`) VALUES
(1364, '2013-04-27 05:22:35', 'nagender', 0, 4000, 'Paid to Subash for Chilkur trip as Transportation charges.', '2013-04-24 00:00:00', 'Chilkur Trip', 41, 27),
(1367, '2013-04-27 05:29:51', 'apeironsol123', 0, 60, 'Paid Mahender for Tea', '2013-04-24 00:00:00', 'Tea expense', 41, 1365),
(1368, '2013-04-27 05:42:32', 'nagender', 0, 1800, 'Paid to Rajsekhar', '2013-04-24 00:00:00', 'Petrol charges', 41, 28),
(1370, '2013-04-27 05:48:46', 'nagender', 0, 80, 'For cleaning purpose.', '2013-04-25 00:00:00', 'Acid Bottles', 41, 24);

-- --------------------------------------------------------

--
-- Table structure for table `BRANCH_EXPENSE_TYPE_PERIODICAL`
--

CREATE TABLE IF NOT EXISTS `BRANCH_EXPENSE_TYPE_PERIODICAL` (
  `ID` bigint(20) NOT NULL,
  `AUDIT_TIMESTAMP` datetime NOT NULL,
  `AUDIT_USER_NAME` varchar(255) NOT NULL,
  `VERSION` bigint(20) NOT NULL,
  `END_DATE` datetime DEFAULT NULL,
  `MAXIMUM_EXPENSE` double NOT NULL,
  `START_DATE` datetime NOT NULL,
  `BRANCH_ASSEMBLE_ID` bigint(20) NOT NULL,
  PRIMARY KEY (`ID`),
  KEY `FKB875CC87346343DE` (`BRANCH_ASSEMBLE_ID`)
) ENGINE=MyISAM DEFAULT CHARSET=latin1;

-- --------------------------------------------------------

--
-- Table structure for table `BRANCH_FEE_TYPE_PERIODICAL`
--

CREATE TABLE IF NOT EXISTS `BRANCH_FEE_TYPE_PERIODICAL` (
  `ID` bigint(20) NOT NULL,
  `AUDIT_TIMESTAMP` datetime NOT NULL,
  `AUDIT_USER_NAME` varchar(255) NOT NULL,
  `VERSION` bigint(20) NOT NULL,
  `END_DATE` datetime DEFAULT NULL,
  `MAXIMUM_FEE` double NOT NULL,
  `MINIMUM_FEE` double NOT NULL,
  `START_DATE` datetime NOT NULL,
  `BRANCH_ASSEMBLE_ID` bigint(20) NOT NULL,
  PRIMARY KEY (`ID`),
  KEY `FKDB901535346343DE` (`BRANCH_ASSEMBLE_ID`)
) ENGINE=MyISAM DEFAULT CHARSET=latin1;

-- --------------------------------------------------------

--
-- Table structure for table `BRANCH_INVESTMENT`
--

CREATE TABLE IF NOT EXISTS `BRANCH_INVESTMENT` (
  `ID` bigint(20) NOT NULL,
  `AUDIT_TIMESTAMP` datetime NOT NULL,
  `AUDIT_USER_NAME` varchar(255) NOT NULL,
  `VERSION` bigint(20) NOT NULL,
  `AMOUNT` double DEFAULT NULL,
  `DESCRIPTION` varchar(200) DEFAULT NULL,
  `INVESTMENT_DATE` datetime NOT NULL,
  `NAME` varchar(50) NOT NULL,
  `BRANCH_ID` bigint(20) NOT NULL,
  `INVESTMENT_BUILD_BLK_ID` bigint(20) NOT NULL,
  PRIMARY KEY (`ID`),
  KEY `FK15D1619078CA8FC4` (`INVESTMENT_BUILD_BLK_ID`),
  KEY `FK15D16190CF26425` (`BRANCH_ID`)
) ENGINE=MyISAM DEFAULT CHARSET=latin1;

-- --------------------------------------------------------

--
-- Table structure for table `BRANCH_LEVEL_FEE`
--

CREATE TABLE IF NOT EXISTS `BRANCH_LEVEL_FEE` (
  `ID` bigint(20) NOT NULL,
  `AUDIT_TIMESTAMP` datetime NOT NULL,
  `AUDIT_USER_NAME` varchar(255) NOT NULL,
  `VERSION` bigint(20) NOT NULL,
  `AMOUNT` double NOT NULL,
  `PAYMENT_FREQUENCY` varchar(50) NOT NULL,
  `ACADEMIC_YEAR_ID` bigint(20) NOT NULL,
  `BRANCH_ID` bigint(20) NOT NULL,
  `BUILD_BLOCK_ID` bigint(20) NOT NULL,
  PRIMARY KEY (`ID`),
  KEY `FKC3A481AEE3074AEC` (`BUILD_BLOCK_ID`),
  KEY `FKC3A481AECF26425` (`BRANCH_ID`),
  KEY `FKC3A481AE121C3074` (`ACADEMIC_YEAR_ID`)
) ENGINE=MyISAM DEFAULT CHARSET=latin1;

--
-- Dumping data for table `BRANCH_LEVEL_FEE`
--

INSERT INTO `BRANCH_LEVEL_FEE` (`ID`, `AUDIT_TIMESTAMP`, `AUDIT_USER_NAME`, `VERSION`, `AMOUNT`, `PAYMENT_FREQUENCY`, `ACADEMIC_YEAR_ID`, `BRANCH_ID`, `BUILD_BLOCK_ID`) VALUES
(192, '2013-04-14 03:08:08', 'apeironsol', 2, 4000, 'ONCE', 76, 41, 32),
(194, '2013-04-14 03:08:47', 'apeironsol', 1, 1000, 'ONCE', 77, 41, 33),
(196, '2013-04-14 03:09:12', 'apeironsol', 1, 2000, 'ONCE', 77, 41, 34),
(198, '2013-04-14 03:10:25', 'apeironsol', 1, 3000, 'ONCE', 77, 41, 32),
(200, '2013-04-14 03:11:16', 'apeironsol', 1, 1000, 'ONCE', 77, 41, 35),
(202, '2013-04-14 03:11:54', 'apeironsol', 1, 2000, 'ONCE', 76, 41, 34),
(204, '2013-04-14 03:12:13', 'apeironsol', 1, 1000, 'ONCE', 76, 41, 35),
(999, '2013-04-21 01:29:09', 'apeironsol123', 1, 100, 'ONCE', 76, 41, 997);

-- --------------------------------------------------------

--
-- Table structure for table `BRANCH_LEVEL_FEE_CATALOG`
--

CREATE TABLE IF NOT EXISTS `BRANCH_LEVEL_FEE_CATALOG` (
  `ID` bigint(20) NOT NULL,
  `AUDIT_TIMESTAMP` datetime NOT NULL,
  `AUDIT_USER_NAME` varchar(255) NOT NULL,
  `VERSION` bigint(20) NOT NULL,
  `AMOUNT` double NOT NULL,
  `DUE_DATE` datetime NOT NULL,
  `BRANCH_LEVEL_FEE_ID` bigint(20) NOT NULL,
  PRIMARY KEY (`ID`),
  KEY `FKFA918668271B2423` (`BRANCH_LEVEL_FEE_ID`)
) ENGINE=MyISAM DEFAULT CHARSET=latin1;

--
-- Dumping data for table `BRANCH_LEVEL_FEE_CATALOG`
--

INSERT INTO `BRANCH_LEVEL_FEE_CATALOG` (`ID`, `AUDIT_TIMESTAMP`, `AUDIT_USER_NAME`, `VERSION`, `AMOUNT`, `DUE_DATE`, `BRANCH_LEVEL_FEE_ID`) VALUES
(195, '2013-04-14 03:08:47', 'apeironsol', 0, 1000, '2013-06-03 00:00:00', 194),
(197, '2013-04-14 03:09:12', 'apeironsol', 0, 2000, '2013-06-03 00:00:00', 196),
(199, '2013-04-14 03:10:25', 'apeironsol', 0, 3000, '2013-06-03 00:00:00', 198),
(201, '2013-04-14 03:11:16', 'apeironsol', 0, 1000, '2013-06-03 00:00:00', 200),
(203, '2013-04-14 03:11:54', 'apeironsol', 0, 2000, '2012-06-12 00:00:00', 202),
(205, '2013-04-14 03:12:13', 'apeironsol', 0, 1000, '2012-06-12 00:00:00', 204),
(1000, '2013-04-21 01:29:09', 'apeironsol123', 0, 100, '2012-06-12 00:00:00', 999),
(971, '2013-04-20 01:28:22', 'apeironsol123', 0, 4000, '2012-06-12 00:00:00', 192);

-- --------------------------------------------------------

--
-- Table structure for table `BRANCH_LIABILITY`
--

CREATE TABLE IF NOT EXISTS `BRANCH_LIABILITY` (
  `ID` bigint(20) NOT NULL,
  `AUDIT_TIMESTAMP` datetime NOT NULL,
  `AUDIT_USER_NAME` varchar(255) NOT NULL,
  `VERSION` bigint(20) NOT NULL,
  `ASSERT_DATE` date DEFAULT NULL,
  `DESCRIPTION` varchar(200) NOT NULL,
  `NAME` varchar(50) NOT NULL,
  `TOTAL_AMOUNT` double NOT NULL,
  `BRANCH_ID` bigint(20) NOT NULL,
  `LIAB_TYPE_BUILD_BLK_ID` bigint(20) NOT NULL,
  PRIMARY KEY (`ID`),
  KEY `FK6F4F290CF26425` (`BRANCH_ID`),
  KEY `FK6F4F2903E95CF1C` (`LIAB_TYPE_BUILD_BLK_ID`)
) ENGINE=MyISAM DEFAULT CHARSET=latin1;

-- --------------------------------------------------------

--
-- Table structure for table `BRANCH_NOTIFICATION`
--

CREATE TABLE IF NOT EXISTS `BRANCH_NOTIFICATION` (
  `ID` bigint(20) NOT NULL,
  `AUDIT_TIMESTAMP` datetime NOT NULL,
  `AUDIT_USER_NAME` varchar(255) NOT NULL,
  `VERSION` bigint(20) NOT NULL,
  `EMAIL_IND` tinyint(1) DEFAULT NULL,
  `NOTIFI_SUB_TYPE` varchar(50) NOT NULL,
  `SMS_IND` tinyint(1) DEFAULT NULL,
  `BRANCH_ID` bigint(20) NOT NULL,
  PRIMARY KEY (`ID`),
  KEY `FK6D40F868CF26425` (`BRANCH_ID`)
) ENGINE=MyISAM DEFAULT CHARSET=latin1;

-- --------------------------------------------------------

--
-- Table structure for table `BRANCH_RESERVATION_CATEGORY`
--

CREATE TABLE IF NOT EXISTS `BRANCH_RESERVATION_CATEGORY` (
  `ID` bigint(20) NOT NULL,
  `AUDIT_TIMESTAMP` datetime NOT NULL,
  `AUDIT_USER_NAME` varchar(255) NOT NULL,
  `VERSION` bigint(20) NOT NULL,
  `END_DATE` datetime DEFAULT NULL,
  `START_DATE` datetime NOT NULL,
  `BRANCH_ASSEMBLE_ID` bigint(20) NOT NULL,
  PRIMARY KEY (`ID`),
  KEY `FK94D9A2AE346343DE` (`BRANCH_ASSEMBLE_ID`)
) ENGINE=MyISAM DEFAULT CHARSET=latin1;

-- --------------------------------------------------------

--
-- Table structure for table `BRANCH_RULE`
--

CREATE TABLE IF NOT EXISTS `BRANCH_RULE` (
  `ID` bigint(20) NOT NULL,
  `AUDIT_TIMESTAMP` datetime NOT NULL,
  `AUDIT_USER_NAME` varchar(255) NOT NULL,
  `VERSION` bigint(20) NOT NULL,
  `ATTENDANCE_TYPE` varchar(50) NOT NULL,
  `AUTO_INCREASE_ADMISSION_NR` tinyint(1) NOT NULL,
  `AUTO_INCREASE_EMPLOYEE_NR` tinyint(1) NOT NULL,
  `MAXIMUM_CLASS_STRENGTH` int(11) NOT NULL,
  `BRANCH_ID` bigint(20) NOT NULL,
  PRIMARY KEY (`ID`),
  KEY `FK46F7E379CF26425` (`BRANCH_ID`)
) ENGINE=MyISAM DEFAULT CHARSET=latin1;

-- --------------------------------------------------------

--
-- Table structure for table `BUILDING_BLOCK`
--

CREATE TABLE IF NOT EXISTS `BUILDING_BLOCK` (
  `ID` bigint(20) NOT NULL,
  `AUDIT_TIMESTAMP` datetime NOT NULL,
  `AUDIT_USER_NAME` varchar(255) NOT NULL,
  `VERSION` bigint(20) NOT NULL,
  `CODE` varchar(50) NOT NULL,
  `FEE_CLASSFN_LEVEL` varchar(50) DEFAULT NULL,
  `FEE_TYPE` varchar(50) DEFAULT NULL,
  `MANDATORY` tinyint(1) NOT NULL,
  `NAME` varchar(50) NOT NULL,
  `TYPE` varchar(50) NOT NULL,
  `EMP_CTC_DEF_TYPE` varchar(50) DEFAULT NULL,
  PRIMARY KEY (`ID`),
  UNIQUE KEY `NAME` (`NAME`,`CODE`),
  UNIQUE KEY `TYPE` (`TYPE`,`CODE`)
) ENGINE=MyISAM DEFAULT CHARSET=latin1;

--
-- Dumping data for table `BUILDING_BLOCK`
--

INSERT INTO `BUILDING_BLOCK` (`ID`, `AUDIT_TIMESTAMP`, `AUDIT_USER_NAME`, `VERSION`, `CODE`, `FEE_CLASSFN_LEVEL`, `FEE_TYPE`, `MANDATORY`, `NAME`, `TYPE`, `EMP_CTC_DEF_TYPE`) VALUES
(2, '2013-04-14 02:14:14', 'apeironsol', 0, 'DEPT_ACC', NULL, NULL, 0, 'Accounts', 'DEPARTMENT', NULL),
(3, '2013-04-14 02:14:28', 'apeironsol', 0, 'DEPT_MGMT', NULL, NULL, 0, 'Management', 'DEPARTMENT', NULL),
(4, '2013-04-14 02:15:00', 'apeironsol', 0, 'DEPT_TSTF', NULL, NULL, 0, 'Teaching Staff', 'DEPARTMENT', NULL),
(5, '2013-04-14 02:15:35', 'apeironsol', 0, 'DEPT_NSTF', NULL, NULL, 0, 'Non Teaching Staff', 'DEPARTMENT', NULL),
(6, '2013-04-14 02:17:24', 'apeironsol', 0, 'DES_DIR', NULL, NULL, 0, 'Director', 'DESIGNATION', NULL),
(7, '2013-04-14 02:17:54', 'apeironsol', 0, 'DES_PRICPAL', NULL, NULL, 0, 'Principal', 'DESIGNATION', NULL),
(8, '2013-04-14 02:19:30', 'apeironsol', 0, 'DES_ACC', NULL, NULL, 0, 'Accountant', 'DESIGNATION', NULL),
(9, '2013-04-14 02:19:53', 'apeironsol', 0, 'DES_RECPIST', NULL, NULL, 0, 'Receptionist', 'DESIGNATION', NULL),
(10, '2013-04-14 02:20:25', 'apeironsol', 0, 'DES_SLEC', NULL, NULL, 0, 'Senior Lecturer', 'DESIGNATION', NULL),
(11, '2013-04-14 02:20:40', 'apeironsol', 0, 'DES_JLEC', NULL, NULL, 0, 'Junior Lecturer', 'DESIGNATION', NULL),
(12, '2013-04-14 02:21:17', 'apeironsol', 0, 'DES_TELCALLER', NULL, NULL, 0, 'Tele Caller', 'DESIGNATION', NULL),
(13, '2013-04-14 02:22:16', 'apeironsol', 0, 'DOCR_TTC', NULL, NULL, 0, 'Tenth TC', 'DOCUMENTS_REQUIRD_FOR_ADMISSION', NULL),
(14, '2013-04-14 02:22:56', 'apeironsol', 0, 'DOCR_SSCM', NULL, NULL, 0, 'SSC Memo', 'DOCUMENTS_REQUIRD_FOR_ADMISSION', NULL),
(15, '2013-04-14 02:23:54', 'apeironsol', 0, 'ET_ELC', NULL, NULL, 0, 'Electricity Charges', 'EXPENSE_TYPE', NULL),
(21, '2013-04-14 02:26:18', 'apeironsol', 0, 'ET_IC', NULL, NULL, 0, 'Internet Charges', 'EXPENSE_TYPE', NULL),
(17, '2013-04-14 02:24:38', 'apeironsol', 0, 'ET_WC', NULL, NULL, 0, 'Water Charges', 'EXPENSE_TYPE', NULL),
(22, '2013-04-14 02:26:35', 'apeironsol', 0, 'ET_TELC', NULL, NULL, 0, 'Telephone Charges', 'EXPENSE_TYPE', NULL),
(23, '2013-04-14 02:27:01', 'apeironsol', 0, 'ET_STC', NULL, NULL, 0, 'Stationary Charges', 'EXPENSE_TYPE', NULL),
(24, '2013-04-14 02:27:41', 'apeironsol', 0, 'ET_MISC', NULL, NULL, 0, 'Miscellaneous Charges', 'EXPENSE_TYPE', NULL),
(25, '2013-04-14 02:28:03', 'apeironsol', 0, 'ET_DHC', NULL, NULL, 0, 'Dhobi Charges', 'EXPENSE_TYPE', NULL),
(26, '2013-04-14 02:28:22', 'apeironsol', 0, 'ET_CANTC', NULL, NULL, 0, 'Canteen Charges', 'EXPENSE_TYPE', NULL),
(27, '2013-04-14 02:28:55', 'apeironsol', 0, 'ET_TRANC', NULL, NULL, 0, 'Transport Charges', 'EXPENSE_TYPE', NULL),
(28, '2013-04-14 02:29:11', 'apeironsol', 0, 'ET_FUC', NULL, NULL, 0, 'Fuel Charges', 'EXPENSE_TYPE', NULL),
(29, '2013-04-14 02:29:26', 'apeironsol', 0, 'ET_MAINC', NULL, NULL, 0, 'Maintenance Charges', 'EXPENSE_TYPE', NULL),
(30, '2013-04-14 02:30:38', 'apeironsol', 0, 'FT_TUF', 'KLASS_LEVEL', 'TUITION_FEE', 0, 'Tuition Fee', 'FEE_TYPE', NULL),
(31, '2013-04-14 02:31:15', 'apeironsol', 0, 'FT_ADFEE', 'BRANCH_LEVEL', 'TUITION_FEE', 0, 'Admission Fee', 'FEE_TYPE', NULL),
(32, '2013-04-14 02:31:50', 'apeironsol', 0, 'FT_MATFEE', 'BRANCH_LEVEL', 'GENERAL_FEE', 0, 'Material Fee', 'FEE_TYPE', NULL),
(33, '2013-04-14 02:32:16', 'apeironsol', 1, 'FT_CAUFEE', 'BRANCH_LEVEL', 'GENERAL_FEE', 0, 'Caution Deposit', 'FEE_TYPE', NULL),
(34, '2013-04-14 02:33:26', 'apeironsol', 0, 'FT_DHFEE', 'BRANCH_LEVEL', 'HOSTEL_FEE', 0, 'Dhobi Fee', 'FEE_TYPE', NULL),
(35, '2013-04-14 02:33:53', 'apeironsol', 0, 'FT_HOTWFEE', 'BRANCH_LEVEL', 'HOSTEL_FEE', 0, 'Hot Water Fee', 'FEE_TYPE', NULL),
(36, '2013-04-14 02:34:24', 'apeironsol', 0, 'FT_HOSFEE', 'KLASS_LEVEL', 'HOSTEL_FEE', 0, 'Hostel Fee', 'FEE_TYPE', NULL),
(37, '2013-04-14 02:35:36', 'apeironsol', 0, 'SC_DIAMOND', NULL, NULL, 0, 'Diamond', 'STUDENT_CLASSIFICATION', NULL),
(38, '2013-04-14 02:35:52', 'apeironsol', 0, 'SC_PLATINUM', NULL, NULL, 0, 'Platinum', 'STUDENT_CLASSIFICATION', NULL),
(39, '2013-04-14 02:36:05', 'apeironsol', 0, 'SC_GOLD', NULL, NULL, 0, 'Gold', 'STUDENT_CLASSIFICATION', NULL),
(206, '2013-04-14 03:52:44', 'apeironsol', 0, 'DES_COMOPE', NULL, NULL, 0, 'Computer Operator', 'DESIGNATION', NULL),
(997, '2013-04-21 01:28:19', 'apeironsol123', 0, 'FT_APFF', 'BRANCH_LEVEL', 'APPLICATION_FORM_FEE', 0, 'Application Form Fee', 'FEE_TYPE', NULL),
(1365, '2013-04-27 05:26:17', 'apeironsol123', 1, 'ET_STAFFWEL', NULL, NULL, 0, 'Staff welfare charges', 'EXPENSE_TYPE', NULL),
(1803, '2013-05-01 03:59:39', 'apeironsol123', 0, 'FT_PSTDUE', 'STUDENT_LEVEL', 'PAST_DUE', 0, 'Past Due', 'FEE_TYPE', NULL);

-- --------------------------------------------------------

--
-- Table structure for table `CLASS`
--

CREATE TABLE IF NOT EXISTS `CLASS` (
  `ID` bigint(20) NOT NULL,
  `AUDIT_TIMESTAMP` datetime NOT NULL,
  `AUDIT_USER_NAME` varchar(255) NOT NULL,
  `VERSION` bigint(20) NOT NULL,
  `ACTIVE` tinyint(1) NOT NULL,
  `CODE` varchar(30) NOT NULL,
  `NAME` varchar(50) NOT NULL,
  `BRANCH_ID` bigint(20) NOT NULL,
  PRIMARY KEY (`ID`),
  UNIQUE KEY `NAME` (`NAME`,`BRANCH_ID`),
  UNIQUE KEY `CODE` (`CODE`,`BRANCH_ID`),
  KEY `FK3D3B158CF26425` (`BRANCH_ID`)
) ENGINE=MyISAM DEFAULT CHARSET=latin1;

--
-- Dumping data for table `CLASS`
--

INSERT INTO `CLASS` (`ID`, `AUDIT_TIMESTAMP`, `AUDIT_USER_NAME`, `VERSION`, `ACTIVE`, `CODE`, `NAME`, `BRANCH_ID`) VALUES
(81, '2013-04-14 02:47:44', 'apeironsol', 5, 1, 'MEC_FIRST_YEAR', 'MEC First Year', 41),
(103, '2013-04-14 02:53:54', 'apeironsol', 1, 1, 'MEC_SEC_YEAR', 'MEC Second Year', 41);

-- --------------------------------------------------------

--
-- Table structure for table `CLASS_LEVEL_FEE`
--

CREATE TABLE IF NOT EXISTS `CLASS_LEVEL_FEE` (
  `ID` bigint(20) NOT NULL,
  `AUDIT_TIMESTAMP` datetime NOT NULL,
  `AUDIT_USER_NAME` varchar(255) NOT NULL,
  `VERSION` bigint(20) NOT NULL,
  `AMOUNT` double NOT NULL,
  `PAYMENT_FREQUENCY` varchar(50) NOT NULL,
  `ACADEMIC_YEAR_ID` bigint(20) NOT NULL,
  `BUILD_BLOCK_ID` bigint(20) NOT NULL,
  `CLASS_ID` bigint(20) NOT NULL,
  PRIMARY KEY (`ID`),
  KEY `FKD0FC6DE45D3CCBB7` (`CLASS_ID`),
  KEY `FKD0FC6DE4E3074AEC` (`BUILD_BLOCK_ID`),
  KEY `FKD0FC6DE4121C3074` (`ACADEMIC_YEAR_ID`)
) ENGINE=MyISAM DEFAULT CHARSET=latin1;

--
-- Dumping data for table `CLASS_LEVEL_FEE`
--

INSERT INTO `CLASS_LEVEL_FEE` (`ID`, `AUDIT_TIMESTAMP`, `AUDIT_USER_NAME`, `VERSION`, `AMOUNT`, `PAYMENT_FREQUENCY`, `ACADEMIC_YEAR_ID`, `BUILD_BLOCK_ID`, `CLASS_ID`) VALUES
(87, '2013-04-14 02:50:44', 'apeironsol', 2, 30000, 'THRICE', 76, 36, 81),
(91, '2013-04-14 02:51:31', 'apeironsol', 3, 28000, 'THRICE', 76, 30, 81),
(95, '2013-04-14 02:52:31', 'apeironsol', 1, 40000, 'THRICE', 77, 36, 81),
(99, '2013-04-14 02:53:16', 'apeironsol', 1, 36000, 'THRICE', 77, 30, 81),
(109, '2013-04-14 02:56:28', 'apeironsol', 1, 40000, 'THRICE', 77, 36, 103),
(113, '2013-04-14 02:57:34', 'apeironsol', 1, 36000, 'THRICE', 77, 30, 103);

-- --------------------------------------------------------

--
-- Table structure for table `CLASS_LEVEL_FEE_CATALOG`
--

CREATE TABLE IF NOT EXISTS `CLASS_LEVEL_FEE_CATALOG` (
  `ID` bigint(20) NOT NULL,
  `AUDIT_TIMESTAMP` datetime NOT NULL,
  `AUDIT_USER_NAME` varchar(255) NOT NULL,
  `VERSION` bigint(20) NOT NULL,
  `AMOUNT` double NOT NULL,
  `DUE_DATE` datetime NOT NULL,
  `CLASS_LEVEL_FEE_ID` bigint(20) NOT NULL,
  PRIMARY KEY (`ID`),
  KEY `FK1DACDC9EF8539FA5` (`CLASS_LEVEL_FEE_ID`)
) ENGINE=MyISAM DEFAULT CHARSET=latin1;

--
-- Dumping data for table `CLASS_LEVEL_FEE_CATALOG`
--

INSERT INTO `CLASS_LEVEL_FEE_CATALOG` (`ID`, `AUDIT_TIMESTAMP`, `AUDIT_USER_NAME`, `VERSION`, `AMOUNT`, `DUE_DATE`, `CLASS_LEVEL_FEE_ID`) VALUES
(970, '2013-04-20 01:27:33', 'apeironsol123', 0, 7500, '2012-12-01 00:00:00', 87),
(969, '2013-04-20 01:27:33', 'apeironsol123', 0, 7500, '2012-09-01 00:00:00', 87),
(968, '2013-04-20 01:27:33', 'apeironsol123', 0, 15000, '2012-06-12 00:00:00', 87),
(974, '2013-04-20 01:30:46', 'apeironsol123', 0, 7000, '2012-12-01 00:00:00', 91),
(973, '2013-04-20 01:30:46', 'apeironsol123', 0, 7000, '2012-09-01 00:00:00', 91),
(972, '2013-04-20 01:30:46', 'apeironsol123', 0, 14000, '2012-06-12 00:00:00', 91),
(96, '2013-04-14 02:52:31', 'apeironsol', 0, 20000, '2013-06-03 00:00:00', 95),
(97, '2013-04-14 02:52:31', 'apeironsol', 0, 10000, '2013-10-15 00:00:00', 95),
(98, '2013-04-14 02:52:31', 'apeironsol', 0, 10000, '2013-12-20 00:00:00', 95),
(100, '2013-04-14 02:53:16', 'apeironsol', 0, 18000, '2013-06-03 00:00:00', 99),
(101, '2013-04-14 02:53:16', 'apeironsol', 0, 9000, '2013-10-15 00:00:00', 99),
(102, '2013-04-14 02:53:16', 'apeironsol', 0, 9000, '2013-12-20 00:00:00', 99),
(110, '2013-04-14 02:56:28', 'apeironsol', 0, 20000, '2013-06-03 00:00:00', 109),
(111, '2013-04-14 02:56:28', 'apeironsol', 0, 10000, '2013-10-15 00:00:00', 109),
(112, '2013-04-14 02:56:28', 'apeironsol', 0, 10000, '2013-12-20 00:00:00', 109),
(114, '2013-04-14 02:57:34', 'apeironsol', 0, 18000, '2013-06-03 00:00:00', 113),
(115, '2013-04-14 02:57:34', 'apeironsol', 0, 9000, '2013-10-15 00:00:00', 113),
(116, '2013-04-14 02:57:34', 'apeironsol', 0, 9000, '2013-12-20 00:00:00', 113);

-- --------------------------------------------------------

--
-- Table structure for table `COUNTRY`
--

CREATE TABLE IF NOT EXISTS `COUNTRY` (
  `ISO3_CODE` varchar(3) NOT NULL,
  `ISO2_CODE` varchar(2) DEFAULT NULL,
  `NAME` varchar(255) DEFAULT NULL,
  `NUM_CODE` int(11) DEFAULT NULL,
  PRIMARY KEY (`ISO3_CODE`)
) ENGINE=MyISAM DEFAULT CHARSET=latin1;

--
-- Dumping data for table `COUNTRY`
--

INSERT INTO `COUNTRY` (`ISO3_CODE`, `ISO2_CODE`, `NAME`, `NUM_CODE`) VALUES
('IND', 'IN', 'India', 356);

-- --------------------------------------------------------

--
-- Table structure for table `EDUCATION_HISTORY`
--

CREATE TABLE IF NOT EXISTS `EDUCATION_HISTORY` (
  `ID` bigint(20) NOT NULL,
  `AUDIT_TIMESTAMP` datetime NOT NULL,
  `AUDIT_USER_NAME` varchar(255) NOT NULL,
  `VERSION` bigint(20) NOT NULL,
  `CON_PERSON_NAME` varchar(40) DEFAULT NULL,
  `DATE_OF_RELIVING` date NOT NULL,
  `DATE_OF_JOINING` date NOT NULL,
  `HIGHEST_CLASS` varchar(20) NOT NULL,
  `MEDIAM` varchar(20) NOT NULL,
  `SCHOOL_NAME` varchar(20) NOT NULL,
  `SCHOOL_TYPE` varchar(20) NOT NULL,
  `ADDRESS_ID` bigint(20) NOT NULL,
  `STUDENT_ID` bigint(20) NOT NULL,
  PRIMARY KEY (`ID`),
  KEY `FKA45286BD43FEC4EF` (`ADDRESS_ID`),
  KEY `FKA45286BD8AED4B8F` (`STUDENT_ID`)
) ENGINE=MyISAM DEFAULT CHARSET=latin1;

-- --------------------------------------------------------

--
-- Table structure for table `EMPLOYEE`
--

CREATE TABLE IF NOT EXISTS `EMPLOYEE` (
  `ID` bigint(20) NOT NULL,
  `AUDIT_TIMESTAMP` datetime NOT NULL,
  `AUDIT_USER_NAME` varchar(255) NOT NULL,
  `VERSION` bigint(20) NOT NULL,
  `FIRST_NAME` varchar(255) NOT NULL,
  `GENDER` varchar(10) NOT NULL,
  `LAST_NAME` varchar(255) NOT NULL,
  `MIDDLE_NAME` varchar(255) DEFAULT NULL,
  `CURRENT_STATUS` varchar(255) NOT NULL,
  `DATE_OF_BIRTH` date NOT NULL,
  `EMPLOYEE_NUMBER` varchar(20) NOT NULL,
  `USER_ACCOUNT_ID` bigint(20) DEFAULT NULL,
  `BRANCH_ID` bigint(20) NOT NULL,
  PRIMARY KEY (`ID`),
  KEY `FK75C8D6AEC9C05F59` (`USER_ACCOUNT_ID`),
  KEY `FK75C8D6AECF26425` (`BRANCH_ID`)
) ENGINE=MyISAM DEFAULT CHARSET=latin1;

--
-- Dumping data for table `EMPLOYEE`
--

INSERT INTO `EMPLOYEE` (`ID`, `AUDIT_TIMESTAMP`, `AUDIT_USER_NAME`, `VERSION`, `FIRST_NAME`, `GENDER`, `LAST_NAME`, `MIDDLE_NAME`, `CURRENT_STATUS`, `DATE_OF_BIRTH`, `EMPLOYEE_NUMBER`, `USER_ACCOUNT_ID`, `BRANCH_ID`) VALUES
(209, '2013-04-14 03:54:44', 'apeironsol', 1, 'Pradeep', 'MALE', 'Budeti', '', 'ACTIVE', '1991-05-12', 'EMP0000001', 212, 41),
(676, '2013-04-16 09:16:17', 'apeironsol123', 1, 'Nagender', 'MALE', 'T', '', 'ACTIVE', '1951-03-16', 'EMP0000003', 679, 41),
(728, '2013-04-16 09:25:08', 'apeironsol123', 1, 'Srinivas', 'MALE', 'R', 'Goud', 'ACTIVE', '1981-01-01', 'EMP0000004', 731, 41);

-- --------------------------------------------------------

--
-- Table structure for table `EMPLOYEE_CTC`
--

CREATE TABLE IF NOT EXISTS `EMPLOYEE_CTC` (
  `ID` bigint(20) NOT NULL,
  `AUDIT_TIMESTAMP` datetime NOT NULL,
  `AUDIT_USER_NAME` varchar(255) NOT NULL,
  `VERSION` bigint(20) NOT NULL,
  `FIRST_NAME` varchar(255) NOT NULL,
  `GENDER` varchar(10) NOT NULL,
  `LAST_NAME` varchar(255) NOT NULL,
  `MIDDLE_NAME` varchar(255) DEFAULT NULL,
  `END_DATE` date DEFAULT NULL,
  `START_DATE` date NOT NULL,
  `USER_ACCOUNT_ID` bigint(20) DEFAULT NULL,
  `EMPLOYEE_ID` bigint(20) NOT NULL,
  PRIMARY KEY (`ID`),
  KEY `FK232E04E1C9C05F59` (`USER_ACCOUNT_ID`),
  KEY `FK232E04E168E1D534` (`EMPLOYEE_ID`)
) ENGINE=MyISAM DEFAULT CHARSET=latin1;

-- --------------------------------------------------------

--
-- Table structure for table `EMPLOYEE_CTC_DETAILS`
--

CREATE TABLE IF NOT EXISTS `EMPLOYEE_CTC_DETAILS` (
  `ID` bigint(20) NOT NULL,
  `AUDIT_TIMESTAMP` datetime NOT NULL,
  `AUDIT_USER_NAME` varchar(255) NOT NULL,
  `VERSION` bigint(20) NOT NULL,
  `FIRST_NAME` varchar(255) NOT NULL,
  `GENDER` varchar(10) NOT NULL,
  `LAST_NAME` varchar(255) NOT NULL,
  `MIDDLE_NAME` varchar(255) DEFAULT NULL,
  `AMOUNT` double NOT NULL,
  `SALARY_FREQUENCY` varchar(50) DEFAULT NULL,
  `USER_ACCOUNT_ID` bigint(20) DEFAULT NULL,
  `CTC_DEF_BUILD_BLK_ID` bigint(20) NOT NULL,
  `EMPLOYEE_CTC_ID` bigint(20) NOT NULL,
  PRIMARY KEY (`ID`),
  KEY `FK8B43B8C4917E465F` (`CTC_DEF_BUILD_BLK_ID`),
  KEY `FK8B43B8C4C9C05F59` (`USER_ACCOUNT_ID`),
  KEY `FK8B43B8C4EDEA4123` (`EMPLOYEE_CTC_ID`)
) ENGINE=MyISAM DEFAULT CHARSET=latin1;

-- --------------------------------------------------------

--
-- Table structure for table `EMPLOYEE_DESIGNATION`
--

CREATE TABLE IF NOT EXISTS `EMPLOYEE_DESIGNATION` (
  `ID` bigint(20) NOT NULL,
  `AUDIT_TIMESTAMP` datetime NOT NULL,
  `AUDIT_USER_NAME` varchar(255) NOT NULL,
  `VERSION` bigint(20) NOT NULL,
  `COMMENTS` varchar(200) NOT NULL,
  `EMPLOYMENT_TYPE` varchar(50) NOT NULL,
  `END_DATE` date DEFAULT NULL,
  `START_DATE` date NOT NULL,
  `DEPARTMENT_BUILD_BLK_ID` bigint(20) NOT NULL,
  `DESIG_TYPE_BUILD_BLK_ID` bigint(20) NOT NULL,
  `EMPLOYEE_ID` bigint(20) NOT NULL,
  PRIMARY KEY (`ID`),
  KEY `FKD3D313C64BA9C4EE` (`DESIG_TYPE_BUILD_BLK_ID`),
  KEY `FKD3D313C6935785A5` (`DEPARTMENT_BUILD_BLK_ID`),
  KEY `FKD3D313C668E1D534` (`EMPLOYEE_ID`)
) ENGINE=MyISAM DEFAULT CHARSET=latin1;

--
-- Dumping data for table `EMPLOYEE_DESIGNATION`
--

INSERT INTO `EMPLOYEE_DESIGNATION` (`ID`, `AUDIT_TIMESTAMP`, `AUDIT_USER_NAME`, `VERSION`, `COMMENTS`, `EMPLOYMENT_TYPE`, `END_DATE`, `START_DATE`, `DEPARTMENT_BUILD_BLK_ID`, `DESIG_TYPE_BUILD_BLK_ID`, `EMPLOYEE_ID`) VALUES
(210, '2013-04-14 03:54:44', 'apeironsol', 0, 'Newly joined', 'PERMANENT', NULL, '2013-02-18', 5, 206, 209),
(677, '2013-04-16 09:16:17', 'apeironsol123', 0, 'Newly joined', 'PERMANENT', NULL, '2013-03-02', 2, 8, 676),
(729, '2013-04-16 09:25:08', 'apeironsol123', 0, 'Newly joined', 'PERMANENT', NULL, '2012-06-12', 3, 6, 728);

-- --------------------------------------------------------

--
-- Table structure for table `EMPLOYEE_SALARY`
--

CREATE TABLE IF NOT EXISTS `EMPLOYEE_SALARY` (
  `ID` bigint(20) NOT NULL,
  `AUDIT_TIMESTAMP` datetime NOT NULL,
  `AUDIT_USER_NAME` varchar(255) NOT NULL,
  `VERSION` bigint(20) NOT NULL,
  `AMOUNT` double NOT NULL,
  `END_DATE` date DEFAULT NULL,
  `START_DATE` date NOT NULL,
  `EMPLOYEE_ID` bigint(20) NOT NULL,
  PRIMARY KEY (`ID`),
  KEY `FK290A47B68E1D534` (`EMPLOYEE_ID`)
) ENGINE=MyISAM DEFAULT CHARSET=latin1;

--
-- Dumping data for table `EMPLOYEE_SALARY`
--

INSERT INTO `EMPLOYEE_SALARY` (`ID`, `AUDIT_TIMESTAMP`, `AUDIT_USER_NAME`, `VERSION`, `AMOUNT`, `END_DATE`, `START_DATE`, `EMPLOYEE_ID`) VALUES
(211, '2013-04-14 03:54:44', 'apeironsol', 0, 8000, NULL, '2013-02-18', 209),
(678, '2013-04-16 09:16:17', 'apeironsol123', 0, 10000, NULL, '2013-03-02', 676),
(730, '2013-04-16 09:25:08', 'apeironsol123', 0, 100000, NULL, '2012-06-12', 728);

-- --------------------------------------------------------

--
-- Table structure for table `EXAM`
--

CREATE TABLE IF NOT EXISTS `EXAM` (
  `ID` bigint(20) NOT NULL,
  `AUDIT_TIMESTAMP` datetime NOT NULL,
  `AUDIT_USER_NAME` varchar(255) NOT NULL,
  `VERSION` bigint(20) NOT NULL,
  `NAME` varchar(100) NOT NULL,
  `BRANCH_ID` bigint(20) NOT NULL,
  `BUILD_BLOCK_ID` bigint(20) NOT NULL,
  PRIMARY KEY (`ID`),
  UNIQUE KEY `NAME` (`NAME`,`BRANCH_ID`),
  KEY `FK20B01FE3074AEC` (`BUILD_BLOCK_ID`),
  KEY `FK20B01FCF26425` (`BRANCH_ID`)
) ENGINE=MyISAM DEFAULT CHARSET=latin1;

-- --------------------------------------------------------

--
-- Table structure for table `FINANCIAL_ACCOUNT`
--

CREATE TABLE IF NOT EXISTS `FINANCIAL_ACCOUNT` (
  `ID` bigint(20) NOT NULL,
  `AUDIT_TIMESTAMP` datetime NOT NULL,
  `AUDIT_USER_NAME` varchar(255) NOT NULL,
  `VERSION` bigint(20) NOT NULL,
  `ACCOUNT_NUMBER` varchar(255) NOT NULL,
  `ACCOUNT_TYPE` varchar(40) NOT NULL,
  PRIMARY KEY (`ID`)
) ENGINE=MyISAM DEFAULT CHARSET=latin1;

-- --------------------------------------------------------

--
-- Table structure for table `FINANCIAL_YEAR`
--

CREATE TABLE IF NOT EXISTS `FINANCIAL_YEAR` (
  `ID` bigint(20) NOT NULL,
  `AUDIT_TIMESTAMP` datetime NOT NULL,
  `AUDIT_USER_NAME` varchar(255) NOT NULL,
  `VERSION` bigint(20) NOT NULL,
  `END_DATE` datetime NOT NULL,
  `START_DATE` datetime NOT NULL,
  `BRANCH_ID` bigint(20) NOT NULL,
  PRIMARY KEY (`ID`),
  KEY `FKBD3CA653CF26425` (`BRANCH_ID`)
) ENGINE=MyISAM DEFAULT CHARSET=latin1;

-- --------------------------------------------------------

--
-- Table structure for table `hibernate_sequence`
--

CREATE TABLE IF NOT EXISTS `hibernate_sequence` (
  `next_val` bigint(20) DEFAULT NULL
) ENGINE=MyISAM DEFAULT CHARSET=latin1;

--
-- Dumping data for table `hibernate_sequence`
--

INSERT INTO `hibernate_sequence` (`next_val`) VALUES
(4818);

-- --------------------------------------------------------

--
-- Table structure for table `MEDICAL_HISTORY`
--

CREATE TABLE IF NOT EXISTS `MEDICAL_HISTORY` (
  `ID` bigint(20) NOT NULL,
  `AUDIT_TIMESTAMP` datetime NOT NULL,
  `AUDIT_USER_NAME` varchar(255) NOT NULL,
  `VERSION` bigint(20) NOT NULL,
  `CURRENT_MEDICAL_CONDITION` varchar(200) DEFAULT NULL,
  `CURRENTLY_USING_MEDICINES` varchar(200) DEFAULT NULL,
  `KNOWN_ALLERGIES` varchar(200) DEFAULT NULL,
  `PREVIOUS_OPERATATION_DETAILS` varchar(200) DEFAULT NULL,
  `RELATIVES_HEALTH_DETAILS` varchar(200) DEFAULT NULL,
  `STUDENT_ID` bigint(20) NOT NULL,
  PRIMARY KEY (`ID`),
  KEY `FK65A8BCA68AED4B8F` (`STUDENT_ID`)
) ENGINE=MyISAM DEFAULT CHARSET=latin1;

--
-- Dumping data for table `MEDICAL_HISTORY`
--

INSERT INTO `MEDICAL_HISTORY` (`ID`, `AUDIT_TIMESTAMP`, `AUDIT_USER_NAME`, `VERSION`, `CURRENT_MEDICAL_CONDITION`, `CURRENTLY_USING_MEDICINES`, `KNOWN_ALLERGIES`, `PREVIOUS_OPERATATION_DETAILS`, `RELATIVES_HEALTH_DETAILS`, `STUDENT_ID`) VALUES
(239, '2013-04-15 01:37:22', 'pradeepb', 0, '', '', '', '', '', 229),
(251, '2013-04-15 01:45:11', 'pradeepb', 0, '', '', '', '', '', 242),
(263, '2013-04-15 01:52:53', 'pradeepb', 0, '', '', '', '', '', 254),
(275, '2013-04-15 08:54:11', 'pradeepb', 0, '', '', '', '', '', 266),
(287, '2013-04-15 09:00:17', 'pradeepb', 0, '', '', '', '', '', 278),
(299, '2013-04-15 09:04:12', 'pradeepb', 0, '', '', '', '', '', 290),
(311, '2013-04-15 09:14:04', 'pradeepb', 0, '', '', '', '', '', 302),
(323, '2013-04-15 09:18:16', 'pradeepb', 0, '', '', '', '', '', 314),
(335, '2013-04-15 09:24:26', 'pradeepb', 0, '', '', '', '', '', 326),
(347, '2013-04-15 09:29:58', 'pradeepb', 0, '', '', '', '', '', 338),
(359, '2013-04-15 22:59:39', 'pradeepb', 0, '', '', '', '', '', 350),
(371, '2013-04-15 23:08:12', 'pradeepb', 0, '', '', '', '', '', 362),
(383, '2013-04-15 23:15:19', 'pradeepb', 0, '', '', '', '', '', 374),
(395, '2013-04-15 23:34:14', 'pradeepb', 0, '', '', '', '', '', 386),
(407, '2013-04-15 23:38:35', 'pradeepb', 0, '', '', '', '', '', 398),
(419, '2013-04-15 23:43:41', 'pradeepb', 0, '', '', '', '', '', 410),
(431, '2013-04-15 23:47:52', 'pradeepb', 0, '', '', '', '', '', 422),
(443, '2013-04-15 23:52:17', 'pradeepb', 0, '', '', '', '', '', 434),
(455, '2013-04-15 23:57:22', 'pradeepb', 0, '', '', '', '', '', 446),
(467, '2013-04-16 00:01:25', 'pradeepb', 0, '', '', '', '', '', 458),
(479, '2013-04-16 00:06:58', 'pradeepb', 0, '', '', '', '', '', 470),
(491, '2013-04-16 00:10:39', 'pradeepb', 0, '', '', '', '', '', 482),
(503, '2013-04-16 00:18:13', 'pradeepb', 0, '', '', '', '', '', 494),
(515, '2013-04-16 00:22:43', 'pradeepb', 0, '', '', '', '', '', 506),
(527, '2013-04-16 00:27:08', 'pradeepb', 0, '', '', '', '', '', 518),
(539, '2013-04-16 00:31:03', 'pradeepb', 0, '', '', '', '', '', 530),
(551, '2013-04-16 00:36:06', 'pradeepb', 0, '', '', '', '', '', 542),
(563, '2013-04-16 00:39:27', 'pradeepb', 0, '', '', '', '', '', 554),
(575, '2013-04-16 00:56:04', 'pradeepb', 0, '', '', '', '', '', 566),
(587, '2013-04-16 01:01:16', 'pradeepb', 0, '', '', '', '', '', 578),
(599, '2013-04-16 01:06:23', 'pradeepb', 0, '', '', '', '', '', 590),
(611, '2013-04-16 01:12:10', 'pradeepb', 0, '', '', '', '', '', 602),
(623, '2013-04-16 01:18:07', 'pradeepb', 0, '', '', '', '', '', 614),
(635, '2013-04-16 01:23:11', 'pradeepb', 0, '', '', '', '', '', 626),
(647, '2013-04-16 01:26:54', 'pradeepb', 0, '', '', '', '', '', 638),
(659, '2013-04-16 04:53:26', 'pradeepb', 0, '', '', '', '', '', 650),
(671, '2013-04-16 05:01:19', 'pradeepb', 0, '', '', '', '', '', 662),
(845, '2013-04-18 23:40:32', 'pradeepb', 0, '', '', '', '', '', 836),
(861, '2013-04-18 23:52:03', 'pradeepb', 0, '', '', '', '', '', 852),
(873, '2013-04-18 23:57:50', 'pradeepb', 0, '', '', '', '', '', 864),
(885, '2013-04-19 00:16:57', 'pradeepb', 0, '', '', '', '', '', 876),
(897, '2013-04-19 00:28:52', 'pradeepb', 0, '', '', '', '', '', 888),
(917, '2013-04-19 23:46:58', 'pradeepb', 0, '', '', '', '', '', 900),
(929, '2013-04-19 23:55:04', 'pradeepb', 0, '', '', '', '', '', 920),
(941, '2013-04-20 00:05:43', 'pradeepb', 0, '', '', '', '', '', 932),
(953, '2013-04-20 00:15:57', 'pradeepb', 0, '', '', '', '', '', 944),
(995, '2013-04-20 02:21:31', 'pradeepb', 0, '', '', '', '', '', 985),
(1173, '2013-04-23 00:44:54', 'pradeepb', 0, '', '', '', '', '', 1163),
(1186, '2013-04-23 01:03:34', 'pradeepb', 0, '', '', '', '', '', 1176),
(1203, '2013-04-23 02:43:10', 'pradeepb', 0, '', '', '', '', '', 1193),
(1216, '2013-04-23 02:51:28', 'pradeepb', 0, '', '', '', '', '', 1206),
(1229, '2013-04-23 07:30:50', 'pradeepb', 0, '', '', '', '', '', 1219),
(1242, '2013-04-23 07:37:25', 'pradeepb', 0, '', '', '', '', '', 1232),
(1255, '2013-04-23 08:02:29', 'pradeepb', 0, '', '', '', '', '', 1245),
(2026, '2013-05-03 02:18:44', 'pradeepb', 0, '', '', '', '', '', 2013),
(2070, '2013-05-03 05:24:45', 'pradeepb', 0, '', '', '', '', '', 2047),
(2094, '2013-05-03 05:31:59', 'pradeepb', 0, '', '', '', '', '', 2055),
(2133, '2013-05-03 05:51:44', 'pradeepb', 0, '', '', '', '', '', 2118),
(2163, '2013-05-03 06:09:07', 'pradeepb', 0, '', '', '', '', '', 2148),
(2192, '2013-05-03 06:46:06', 'pradeepb', 0, '', '', '', '', '', 2177),
(2222, '2013-05-03 07:17:57', 'pradeepb', 0, '', '', '', '', '', 2207),
(2249, '2013-05-03 07:26:48', 'pradeepb', 0, '', '', '', '', '', 2234),
(2273, '2013-05-03 07:33:40', 'pradeepb', 0, '', '', '', '', '', 2258),
(2303, '2013-05-03 07:43:20', 'pradeepb', 0, '', '', '', '', '', 2288),
(2331, '2013-05-03 07:56:01', 'pradeepb', 0, '', '', '', '', '', 2316),
(2366, '2013-05-04 00:28:45', 'pradeepb', 0, '', '', '', '', '', 2350),
(2394, '2013-05-04 01:02:44', 'pradeepb', 0, '', '', '', '', '', 2379),
(2420, '2013-05-04 01:12:08', 'pradeepb', 0, '', '', '', '', '', 2405),
(2446, '2013-05-04 07:04:36', 'pradeepb', 0, '', '', '', '', '', 2431),
(2477, '2013-05-04 07:27:05', 'pradeepb', 0, '', '', '', '', '', 2462),
(2501, '2013-05-04 07:35:42', 'pradeepb', 0, '', '', '', '', '', 2486),
(2529, '2013-05-04 08:06:50', 'pradeepb', 0, '', '', '', '', '', 2514),
(2561, '2013-05-04 08:25:21', 'pradeepb', 0, '', '', '', '', '', 2546),
(2585, '2013-05-04 08:37:16', 'pradeepb', 0, '', '', '', '', '', 2570),
(2620, '2013-05-06 01:17:46', 'pradeepb', 0, '', '', '', '', '', 2604),
(2652, '2013-05-06 06:07:09', 'pradeepb', 0, '', '', '', '', '', 2637),
(2684, '2013-05-06 06:32:06', 'pradeepb', 0, '', '', '', '', '', 2669),
(2751, '2013-05-07 05:15:44', 'pradeepb', 0, '', '', '', '', '', 2736),
(2769, '2013-05-07 05:23:56', 'pradeepb', 0, '', '', '', '', '', 2754),
(2802, '2013-05-07 05:41:49', 'pradeepb', 0, '', '', '', '', '', 2787),
(2838, '2013-05-07 06:38:52', 'pradeepb', 0, '', '', '', '', '', 2823),
(2864, '2013-05-07 23:54:23', 'pradeepb', 0, '', '', '', '', '', 2849),
(2896, '2013-05-08 00:04:04', 'pradeepb', 0, '', '', '', '', '', 2880),
(2926, '2013-05-08 01:47:14', 'pradeepb', 0, '', '', '', '', '', 2911),
(2956, '2013-05-08 02:04:43', 'pradeepb', 0, '', '', '', '', '', 2941),
(2983, '2013-05-08 02:18:53', 'pradeepb', 0, '', '', '', '', '', 2968),
(3010, '2013-05-08 02:28:35', 'pradeepb', 0, '', '', '', '', '', 2995),
(3026, '2013-05-08 02:50:47', 'pradeepb', 0, '', '', '', '', '', 3013),
(3058, '2013-05-08 03:30:29', 'pradeepb', 0, '', '', '', '', '', 3043),
(3089, '2013-05-08 05:12:54', 'pradeepb', 0, '', '', '', '', '', 3074),
(3123, '2013-05-08 05:43:45', 'pradeepb', 0, '', '', '', '', '', 3108),
(3149, '2013-05-08 06:55:52', 'pradeepb', 0, '', '', '', '', '', 3134),
(3177, '2013-05-08 07:28:00', 'pradeepb', 0, '', '', '', '', '', 3162),
(3206, '2013-05-08 07:38:56', 'pradeepb', 0, '', '', '', '', '', 3191),
(3230, '2013-05-08 07:48:31', 'pradeepb', 0, '', '', '', '', '', 3215),
(3254, '2013-05-08 07:55:31', 'pradeepb', 0, '', '', '', '', '', 3239),
(3292, '2013-05-08 08:04:43', 'pradeepb', 0, '', '', '', '', '', 3277),
(3319, '2013-05-08 23:36:26', 'pradeepb', 0, '', '', '', '', '', 3304),
(3346, '2013-05-08 23:45:48', 'pradeepb', 0, '', '', '', '', '', 3331),
(3375, '2013-05-08 23:55:17', 'pradeepb', 0, '', '', '', '', '', 3360),
(3403, '2013-05-09 00:03:15', 'pradeepb', 0, '', '', '', '', '', 3387),
(3439, '2013-05-09 00:34:55', 'pradeepb', 0, '', '', '', '', '', 3424),
(3467, '2013-05-09 00:50:19', 'pradeepb', 0, '', '', '', '', '', 3452),
(3491, '2013-05-09 01:03:52', 'pradeepb', 0, '', '', '', '', '', 3476),
(3523, '2013-05-09 01:23:15', 'pradeepb', 0, '', '', '', '', '', 3508),
(3553, '2013-05-09 01:38:53', 'pradeepb', 0, '', '', '', '', '', 3538),
(3577, '2013-05-09 01:48:06', 'pradeepb', 0, '', '', '', '', '', 3562),
(3610, '2013-05-09 02:02:56', 'pradeepb', 0, '', '', '', '', '', 3595),
(3657, '2013-05-09 03:17:49', 'pradeepb', 0, '', '', '', '', '', 3641),
(3678, '2013-05-09 05:49:19', 'pradeepb', 0, '', '', '', '', '', 3660),
(3699, '2013-05-09 06:01:41', 'pradeepb', 0, '', '', '', '', '', 3681),
(3720, '2013-05-09 06:07:00', 'pradeepb', 0, '', '', '', '', '', 3702),
(3739, '2013-05-09 07:13:17', 'pradeepb', 0, '', '', '', '', '', 3723),
(3760, '2013-05-09 07:20:48', 'pradeepb', 0, '', '', '', '', '', 3742),
(3781, '2013-05-09 23:51:51', 'pradeepb', 0, '', '', '', '', '', 3763),
(3803, '2013-05-10 00:11:41', 'pradeepb', 0, '', '', '', '', '', 3784),
(3822, '2013-05-10 01:39:53', 'pradeepb', 0, '', '', '', '', '', 3806),
(3843, '2013-05-10 01:56:21', 'pradeepb', 0, '', '', '', '', '', 3825),
(3864, '2013-05-10 02:06:38', 'pradeepb', 0, '', '', '', '', '', 3846),
(3887, '2013-05-10 02:25:45', 'pradeepb', 0, '', '', '', '', '', 3869),
(3908, '2013-05-10 02:56:09', 'pradeepb', 0, '', '', '', '', '', 3890),
(3929, '2013-05-10 04:33:32', 'pradeepb', 0, '', '', '', '', '', 3911),
(3950, '2013-05-10 04:45:30', 'pradeepb', 0, '', '', '', '', '', 3932),
(3971, '2013-05-10 04:52:34', 'pradeepb', 0, '', '', '', '', '', 3953),
(3992, '2013-05-10 05:30:38', 'pradeepb', 0, '', '', '', '', '', 3974),
(4018, '2013-05-10 23:58:09', 'pradeepb', 0, '', '', '', '', '', 3995),
(4040, '2013-05-11 00:08:14', 'pradeepb', 0, '', '', '', '', '', 4021),
(4061, '2013-05-11 00:13:12', 'pradeepb', 0, '', '', '', '', '', 4043),
(4082, '2013-05-11 00:17:58', 'pradeepb', 0, '', '', '', '', '', 4064),
(4101, '2013-05-11 00:23:18', 'pradeepb', 0, '', '', '', '', '', 4085),
(4122, '2013-05-11 00:30:20', 'pradeepb', 0, '', '', '', '', '', 4104),
(4159, '2013-05-11 01:38:25', 'pradeepb', 0, '', '', '', '', '', 4141),
(4190, '2013-05-11 01:52:10', 'apeironsol123', 0, '', '', '', '', '', 4162),
(4203, '2013-05-11 01:52:10', 'apeironsol123', 0, '', '', '', '', '', 4171),
(4224, '2013-05-11 01:58:42', 'apeironsol123', 0, '', '', '', '', '', 4206),
(4251, '2013-05-11 02:05:15', 'apeironsol123', 0, '', '', '', '', '', 4227),
(4273, '2013-05-11 02:05:56', 'pradeepb', 0, '', '', '', '', '', 4235),
(4298, '2013-05-11 02:10:22', 'pradeepb', 0, '', '', '', '', '', 4280),
(4325, '2013-05-11 02:13:48', 'apeironsol123', 0, '', '', '', '', '', 4301),
(4349, '2013-05-11 02:15:05', 'pradeepb', 0, '', '', '', '', '', 4309),
(4364, '2013-05-11 02:15:57', 'apeironsol123', 0, '', '', '', '', '', 4328),
(4393, '2013-05-11 02:19:46', 'pradeepb', 0, '', '', '', '', '', 4367),
(4408, '2013-05-11 02:20:20', 'apeironsol123', 0, '', '', '', '', '', 4372),
(4436, '2013-05-11 02:24:37', 'pradeepb', 0, '', '', '', '', '', 4411),
(4460, '2013-05-11 02:25:20', 'apeironsol123', 0, '', '', '', '', '', 4416),
(4473, '2013-05-11 02:25:34', 'apeironsol123', 0, '', '', '', '', '', 4439),
(4538, '2013-05-11 02:32:25', 'apeironsol123', 0, '', '', '', '', '', 4484),
(4555, '2013-05-11 02:32:59', 'pradeepb', 0, '', '', '', '', '', 4476),
(4570, '2013-05-11 02:33:55', 'apeironsol123', 0, '', '', '', '', '', 4508),
(4599, '2013-05-11 02:39:05', 'apeironsol123', 0, '', '', '', '', '', 4578),
(4614, '2013-05-11 02:39:15', 'pradeepb', 0, '', '', '', '', '', 4573),
(4636, '2013-05-11 02:40:49', 'apeironsol123', 0, '', '', '', '', '', 4617),
(4665, '2013-05-11 02:44:39', 'apeironsol123', 0, '', '', '', '', '', 4645),
(4678, '2013-05-11 02:44:44', 'pradeepb', 0, '', '', '', '', '', 4639),
(4716, '2013-05-11 02:50:30', 'apeironsol123', 0, '', '', '', '', '', 4681),
(4730, '2013-05-11 02:51:17', 'apeironsol123', 0, '', '', '', '', '', 4686);

-- --------------------------------------------------------

--
-- Table structure for table `ORGANIZATION`
--

CREATE TABLE IF NOT EXISTS `ORGANIZATION` (
  `ID` bigint(20) NOT NULL,
  `AUDIT_TIMESTAMP` datetime NOT NULL,
  `AUDIT_USER_NAME` varchar(255) NOT NULL,
  `VERSION` bigint(20) NOT NULL,
  `LOCKED` tinyint(1) NOT NULL,
  `NAME` varchar(100) NOT NULL,
  `REGISTRATION_TYPE` varchar(255) NOT NULL,
  PRIMARY KEY (`ID`),
  UNIQUE KEY `NAME` (`NAME`)
) ENGINE=MyISAM DEFAULT CHARSET=latin1;

--
-- Dumping data for table `ORGANIZATION`
--

INSERT INTO `ORGANIZATION` (`ID`, `AUDIT_TIMESTAMP`, `AUDIT_USER_NAME`, `VERSION`, `LOCKED`, `NAME`, `REGISTRATION_TYPE`) VALUES
(1, '2013-04-14 02:13:55', 'apeironsol', 0, 1, 'Sri MedhaV', 'PRIVATE');

-- --------------------------------------------------------

--
-- Table structure for table `PICK_UP_POINT`
--

CREATE TABLE IF NOT EXISTS `PICK_UP_POINT` (
  `ID` bigint(20) NOT NULL,
  `AUDIT_TIMESTAMP` datetime NOT NULL,
  `AUDIT_USER_NAME` varchar(255) NOT NULL,
  `VERSION` bigint(20) NOT NULL,
  `ACTIVE` tinyint(1) NOT NULL,
  `CODE` varchar(255) NOT NULL,
  `NAME` varchar(100) NOT NULL,
  `BRANCH_ID` bigint(20) NOT NULL,
  PRIMARY KEY (`ID`),
  UNIQUE KEY `NAME` (`NAME`,`BRANCH_ID`),
  UNIQUE KEY `CODE` (`CODE`,`BRANCH_ID`),
  KEY `FKF5BD792ACF26425` (`BRANCH_ID`)
) ENGINE=MyISAM DEFAULT CHARSET=latin1;

-- --------------------------------------------------------

--
-- Table structure for table `PICK_UP_POINT_FEE`
--

CREATE TABLE IF NOT EXISTS `PICK_UP_POINT_FEE` (
  `ID` bigint(20) NOT NULL,
  `AUDIT_TIMESTAMP` datetime NOT NULL,
  `AUDIT_USER_NAME` varchar(255) NOT NULL,
  `VERSION` bigint(20) NOT NULL,
  `AMOUNT` double NOT NULL,
  `PAYMENT_FREQUENCY` varchar(50) NOT NULL,
  `ACADEMIC_YEAR_ID` bigint(20) NOT NULL,
  `PICK_UP_POINT_ID` bigint(20) NOT NULL,
  PRIMARY KEY (`ID`),
  UNIQUE KEY `PICK_UP_POINT_ID` (`PICK_UP_POINT_ID`,`ACADEMIC_YEAR_ID`),
  KEY `FK7AD512D1CFAE1B06` (`PICK_UP_POINT_ID`),
  KEY `FK7AD512D1121C3074` (`ACADEMIC_YEAR_ID`)
) ENGINE=MyISAM DEFAULT CHARSET=latin1;

-- --------------------------------------------------------

--
-- Table structure for table `PICK_UP_POINT_FEE_PAYMENT`
--

CREATE TABLE IF NOT EXISTS `PICK_UP_POINT_FEE_PAYMENT` (
  `ID` bigint(20) NOT NULL,
  `AUDIT_TIMESTAMP` datetime NOT NULL,
  `AUDIT_USER_NAME` varchar(255) NOT NULL,
  `VERSION` bigint(20) NOT NULL,
  `AMOUNT` double NOT NULL,
  `DUE_DATE` datetime NOT NULL,
  `PAYMENT_DATE` datetime NOT NULL,
  `PICK_UP_POINT_FEE_ID` bigint(20) NOT NULL,
  PRIMARY KEY (`ID`),
  KEY `FK39F91678BA8561D9` (`PICK_UP_POINT_FEE_ID`)
) ENGINE=MyISAM DEFAULT CHARSET=latin1;

-- --------------------------------------------------------

--
-- Table structure for table `PROFILE_PICTURE`
--

CREATE TABLE IF NOT EXISTS `PROFILE_PICTURE` (
  `ID` bigint(20) NOT NULL,
  `AUDIT_TIMESTAMP` datetime NOT NULL,
  `AUDIT_USER_NAME` varchar(255) NOT NULL,
  `VERSION` bigint(20) NOT NULL,
  `PROFILE_PICTURE` longblob NOT NULL,
  `REFERENCE_ID` varchar(100) NOT NULL,
  PRIMARY KEY (`ID`),
  UNIQUE KEY `REFERENCE_ID` (`REFERENCE_ID`)
) ENGINE=MyISAM DEFAULT CHARSET=latin1;

-- --------------------------------------------------------

--
-- Table structure for table `PURCHASE_INVOICE`
--

CREATE TABLE IF NOT EXISTS `PURCHASE_INVOICE` (
  `ID` bigint(20) NOT NULL,
  `AUDIT_TIMESTAMP` datetime NOT NULL,
  `AUDIT_USER_NAME` varchar(255) NOT NULL,
  `VERSION` bigint(20) NOT NULL,
  `AMOUNT` double NOT NULL,
  `INVOICE_DATE` date DEFAULT NULL,
  `INVOICE_NUMBER` varchar(50) NOT NULL,
  `REMARKS` varchar(100) NOT NULL,
  `BRANCH_ID` bigint(20) NOT NULL,
  `PURCHASE_ORDER_ID` bigint(20) NOT NULL,
  PRIMARY KEY (`ID`),
  UNIQUE KEY `INVOICE_NUMBER` (`INVOICE_NUMBER`,`BRANCH_ID`),
  KEY `FK673FD9CFB33D3A8B` (`PURCHASE_ORDER_ID`),
  KEY `FK673FD9CFCF26425` (`BRANCH_ID`)
) ENGINE=MyISAM DEFAULT CHARSET=latin1;

-- --------------------------------------------------------

--
-- Table structure for table `PURCHASE_ORDER`
--

CREATE TABLE IF NOT EXISTS `PURCHASE_ORDER` (
  `ID` bigint(20) NOT NULL,
  `AUDIT_TIMESTAMP` datetime NOT NULL,
  `AUDIT_USER_NAME` varchar(255) NOT NULL,
  `VERSION` bigint(20) NOT NULL,
  `DESCRIPTION` varchar(100) NOT NULL,
  `PURCHASE_ORDER_DATE` date DEFAULT NULL,
  `CURRENT_STATUS` varchar(255) NOT NULL,
  `PURCHASE_ORDER_NUMBER` varchar(50) NOT NULL,
  `PURCHASE_ORDER_TYPE` varchar(255) NOT NULL,
  `TOTAL_COST` double NOT NULL,
  `BRANCH_ID` bigint(20) NOT NULL,
  `SUPPLIER_ID` bigint(20) NOT NULL,
  PRIMARY KEY (`ID`),
  UNIQUE KEY `PURCHASE_ORDER_NUMBER` (`PURCHASE_ORDER_NUMBER`,`BRANCH_ID`),
  KEY `FK264562702554CF26` (`SUPPLIER_ID`),
  KEY `FK26456270CF26425` (`BRANCH_ID`)
) ENGINE=MyISAM DEFAULT CHARSET=latin1;

-- --------------------------------------------------------

--
-- Table structure for table `PURCHASE_ORDER_ITEM`
--

CREATE TABLE IF NOT EXISTS `PURCHASE_ORDER_ITEM` (
  `ID` bigint(20) NOT NULL,
  `AUDIT_TIMESTAMP` datetime NOT NULL,
  `AUDIT_USER_NAME` varchar(255) NOT NULL,
  `VERSION` bigint(20) NOT NULL,
  `NAME` varchar(50) NOT NULL,
  `PRICE_PER_ITEM` double NOT NULL,
  `QUANTITY` int(11) NOT NULL,
  `PURCHASE_ORDER_ID` bigint(20) NOT NULL,
  PRIMARY KEY (`ID`),
  KEY `FKFC43CF82B33D3A8B` (`PURCHASE_ORDER_ID`)
) ENGINE=MyISAM DEFAULT CHARSET=latin1;

-- --------------------------------------------------------

--
-- Table structure for table `PURCHASE_ORDER_STATUS`
--

CREATE TABLE IF NOT EXISTS `PURCHASE_ORDER_STATUS` (
  `ID` bigint(20) NOT NULL,
  `AUDIT_TIMESTAMP` datetime NOT NULL,
  `AUDIT_USER_NAME` varchar(255) NOT NULL,
  `VERSION` bigint(20) NOT NULL,
  `STATUS` varchar(255) NOT NULL,
  `REMARKS` varchar(200) NOT NULL,
  `PURCHASE_ORDER_ID` bigint(20) NOT NULL,
  PRIMARY KEY (`ID`),
  KEY `FKB9CC0A1B33D3A8B` (`PURCHASE_ORDER_ID`)
) ENGINE=MyISAM DEFAULT CHARSET=latin1;

-- --------------------------------------------------------

--
-- Table structure for table `RELATION`
--

CREATE TABLE IF NOT EXISTS `RELATION` (
  `ID` bigint(20) NOT NULL,
  `AUDIT_TIMESTAMP` datetime NOT NULL,
  `AUDIT_USER_NAME` varchar(255) NOT NULL,
  `VERSION` bigint(20) NOT NULL,
  `FIRST_NAME` varchar(255) NOT NULL,
  `GENDER` varchar(10) NOT NULL,
  `LAST_NAME` varchar(255) NOT NULL,
  `MIDDLE_NAME` varchar(255) DEFAULT NULL,
  `ANNUAL_SALARY` double DEFAULT NULL,
  `DATE_OF_BIRTH` date DEFAULT NULL,
  `OCCUPATION` varchar(255) DEFAULT NULL,
  `RELATION_TYPE` varchar(20) DEFAULT NULL,
  `USER_ACCOUNT_ID` bigint(20) DEFAULT NULL,
  `ADDRESS_ID` bigint(20) DEFAULT NULL,
  PRIMARY KEY (`ID`),
  KEY `FKD99E9FCC9C05F59` (`USER_ACCOUNT_ID`),
  KEY `FKD99E9FC43FEC4EF` (`ADDRESS_ID`)
) ENGINE=MyISAM DEFAULT CHARSET=latin1;

--
-- Dumping data for table `RELATION`
--

INSERT INTO `RELATION` (`ID`, `AUDIT_TIMESTAMP`, `AUDIT_USER_NAME`, `VERSION`, `FIRST_NAME`, `GENDER`, `LAST_NAME`, `MIDDLE_NAME`, `ANNUAL_SALARY`, `DATE_OF_BIRTH`, `OCCUPATION`, `RELATION_TYPE`, `USER_ACCOUNT_ID`, `ADDRESS_ID`) VALUES
(230, '2013-04-15 01:35:52', 'pradeepb', 0, 'SUNIL ', 'MALE', 'SHUKLA', 'KUMAR', 0, NULL, 'PRIVATE TEACHER', 'FATHER', NULL, 228),
(243, '2013-04-15 01:43:40', 'pradeepb', 0, 'VENKATAPATHI RAJU', 'MALE', 'INDUKURI', '', 0, NULL, '', 'FATHER', NULL, 241),
(255, '2013-04-15 01:51:29', 'pradeepb', 0, 'RANGABABU', 'MALE', 'CHITTURI', '', 0, NULL, '', 'FATHER', NULL, 253),
(267, '2013-04-15 08:53:20', 'pradeepb', 0, 'RAVIKUMAR', 'MALE', 'CH', '', 0, NULL, '', 'FATHER', NULL, 265),
(279, '2013-04-15 08:59:32', 'pradeepb', 0, 'GOKUL', 'MALE', 'MUPPATHIKA', '', 0, NULL, '', 'FATHER', NULL, 277),
(291, '2013-04-15 09:03:17', 'pradeepb', 0, 'BIKSHAPATHI', 'MALE', 'S', '', 0, NULL, '', 'FATHER', NULL, 289),
(303, '2013-04-15 09:13:18', 'pradeepb', 0, 'KRISHNAIAH', 'MALE', 'KOTAPATI', '', 0, NULL, '', 'FATHER', NULL, 301),
(315, '2013-04-15 09:17:39', 'pradeepb', 0, 'SURESH BABU', 'MALE', 'C', '', 0, NULL, '', 'FATHER', NULL, 313),
(327, '2013-04-15 09:23:45', 'pradeepb', 0, 'MURUGU SESHADRI', 'MALE', 'R', '', 0, NULL, '', 'FATHER', NULL, 325),
(339, '2013-04-15 09:29:13', 'pradeepb', 0, 'SRINIVAS REDDY', 'MALE', 'GANGARAM', '', 0, NULL, 'GOVT TEACHER', 'FATHER', NULL, 337),
(351, '2013-04-15 22:58:51', 'pradeepb', 0, 'SRINIVAS', 'MALE', 'KUNCHALA', '', 0, NULL, '', 'FATHER', NULL, 349),
(363, '2013-04-15 23:07:12', 'pradeepb', 0, 'SRINIVAS', 'MALE', 'SANGABATTULA', '', 0, NULL, '', 'FATHER', NULL, 361),
(375, '2013-04-15 23:13:22', 'pradeepb', 0, 'G SAI KUMAR', 'MALE', 'AMANCHERLA', '', 0, NULL, '', 'FATHER', NULL, 373),
(387, '2013-04-15 23:32:16', 'pradeepb', 0, 'GANGADHAR', 'MALE', 'ALAMPALLY', '', 0, NULL, '', 'FATHER', NULL, 385),
(399, '2013-04-15 23:37:53', 'pradeepb', 0, 'ANIL KUMAR', 'MALE', 'MUNDESHWARHARSHA', '', 0, NULL, '', 'FATHER', NULL, 397),
(411, '2013-04-15 23:42:53', 'pradeepb', 0, 'PRAVEEN KUMAR', 'MALE', 'S', '', 0, NULL, '', 'FATHER', NULL, 409),
(423, '2013-04-15 23:47:13', 'pradeepb', 0, 'JANGA REDDY', 'MALE', 'P', '', 0, NULL, '', 'FATHER', NULL, 421),
(435, '2013-04-15 23:51:32', 'pradeepb', 0, 'RAVINDER', 'MALE', 'SEGGOJU', '', 0, NULL, '', 'FATHER', NULL, 433),
(447, '2013-04-15 23:56:47', 'pradeepb', 0, 'NARAYANA', 'MALE', 'KAVELLI', '', 0, NULL, '', 'FATHER', NULL, 445),
(459, '2013-04-16 00:00:51', 'pradeepb', 0, 'KRISHNA', 'MALE', 'G', '', 0, NULL, '', 'FATHER', NULL, 457),
(471, '2013-04-16 00:06:19', 'pradeepb', 0, 'SRINIVAS', 'MALE', 'K', '', 0, NULL, '', 'FATHER', NULL, 469),
(483, '2013-04-16 00:09:52', 'pradeepb', 0, 'KISHORE', 'MALE', 'BAID', '', 0, NULL, '', 'FATHER', NULL, 481),
(495, '2013-04-16 00:17:36', 'pradeepb', 0, 'MANIKYA PRABHU', 'MALE', 'MUDHASANI', '', 0, NULL, '', 'FATHER', NULL, 493),
(507, '2013-04-16 00:21:57', 'pradeepb', 0, 'VENKATESWARLU', 'MALE', 'GIDDALURU', '', 0, NULL, '', 'FATHER', NULL, 505),
(519, '2013-04-16 00:26:28', 'pradeepb', 0, 'BRAMMANANDA REDDY', 'MALE', 'G', '', 0, NULL, '', 'FATHER', NULL, 517),
(531, '2013-04-16 00:30:06', 'pradeepb', 0, 'VEERESHAM', 'MALE', 'TANGEDAPALLI', '', 0, NULL, '', 'FATHER', NULL, 529),
(543, '2013-04-16 00:35:24', 'pradeepb', 0, 'SHIVA KUMAR', 'MALE', 'SRIKANDA', '', 0, NULL, '', 'FATHER', NULL, 541),
(555, '2013-04-16 00:38:54', 'pradeepb', 0, 'CHANDRA RAO', 'MALE', 'N', '', 0, NULL, '', 'FATHER', NULL, 553),
(567, '2013-04-16 00:55:21', 'pradeepb', 0, 'NARESH', 'MALE', 'M', '', 0, NULL, '', 'FATHER', NULL, 565),
(579, '2013-04-16 01:00:39', 'pradeepb', 0, 'PRASAD', 'MALE', 'G', '', 0, NULL, '', 'FATHER', NULL, 577),
(591, '2013-04-16 01:05:08', 'pradeepb', 0, 'GURUBHEJ', 'MALE', 'SINGH', '', 0, NULL, '', 'FATHER', NULL, 589),
(603, '2013-04-16 01:11:12', 'pradeepb', 0, 'JOSEPH REDDY', 'MALE', 'KUNDHURU', '', 0, NULL, '', 'FATHER', NULL, 601),
(615, '2013-04-16 01:17:00', 'pradeepb', 0, 'SREENIVAS RAO', 'MALE', 'DASARI', '', 0, NULL, '', 'FATHER', NULL, 613),
(627, '2013-04-16 01:22:21', 'pradeepb', 0, 'PHANEENDRA', 'MALE', 'O', '', 0, NULL, '', 'FATHER', NULL, 625),
(639, '2013-04-16 01:26:13', 'pradeepb', 0, 'CH.B.S.S.AMMIRAJU', 'MALE', 'M', '', 0, NULL, '', 'FATHER', NULL, 637),
(651, '2013-04-16 04:51:46', 'pradeepb', 0, 'KRISHNA GOUD', 'MALE', 'S', '', 0, NULL, '', 'FATHER', NULL, 649),
(663, '2013-04-16 04:59:33', 'pradeepb', 0, 'VENKATESWARLU', 'MALE', 'R', '', 0, NULL, '', 'FATHER', NULL, 661),
(837, '2013-04-18 23:39:20', 'pradeepb', 0, 'ASHOK', 'MALE', 'NAYAKUVADI', '', 0, NULL, '', 'FATHER', NULL, 835),
(853, '2013-04-18 23:50:27', 'pradeepb', 0, 'SRINIVASARAO', 'MALE', 'CHANDRA', '', 0, NULL, '', 'FATHER', NULL, 851),
(865, '2013-04-18 23:56:49', 'pradeepb', 0, 'NAGESH', 'MALE', 'MALIGE', '', 0, NULL, '', 'FATHER', NULL, 863),
(877, '2013-04-19 00:16:04', 'pradeepb', 0, 'RAVI BABU', 'MALE', 'R', '', 0, NULL, '', 'FATHER', NULL, 875),
(889, '2013-04-19 00:28:03', 'pradeepb', 0, 'SRINIVAS', 'MALE', 'KATTA', '', 0, NULL, '', 'FATHER', NULL, 887),
(901, '2013-04-19 23:35:46', 'pradeepb', 0, 'K.V.R.RATNENDRA', 'MALE', 'K.', '', 0, NULL, '', 'FATHER', NULL, 899),
(921, '2013-04-19 23:52:32', 'pradeepb', 0, 'V.R.RATNENDRA', 'MALE', 'K', '', 0, NULL, '', 'FATHER', NULL, 919),
(933, '2013-04-19 23:59:39', 'pradeepb', 0, 'NANDA REDDY', 'MALE', 'C', '', 0, NULL, '', 'FATHER', NULL, 931),
(945, '2013-04-20 00:14:11', 'pradeepb', 0, 'SRIHARI', 'MALE', 'CH.', '', 0, NULL, '', 'FATHER', NULL, 943),
(986, '2013-04-20 02:20:43', 'pradeepb', 0, 'SRINIVAS', 'MALE', 'V', '', 0, NULL, '', 'FATHER', NULL, 984),
(1164, '2013-04-23 00:43:36', 'pradeepb', 0, 'NARSARAJU', 'MALE', 'L', '', 0, NULL, '', 'FATHER', NULL, 1162),
(1177, '2013-04-23 01:02:21', 'pradeepb', 0, 'VENKANNA', 'MALE', 'BANDIYALA', '', 0, NULL, '', 'FATHER', NULL, 1175),
(1194, '2013-04-23 02:42:23', 'pradeepb', 0, 'SATYANARAYANA', 'MALE', 'MOKA', '', 0, NULL, '', 'FATHER', NULL, 1192),
(1207, '2013-04-23 02:48:53', 'pradeepb', 0, 'VENKATA LAKSHMANRAO', 'MALE', 'JOGI', '', 0, NULL, '', 'FATHER', NULL, 1205),
(1220, '2013-04-23 07:29:45', 'pradeepb', 0, 'SRINIVAS', 'MALE', 'V', '', 0, NULL, '', 'FATHER', NULL, 1218),
(1233, '2013-04-23 07:36:38', 'pradeepb', 0, 'GANESH BABU', 'MALE', 'BITRA', '', 0, NULL, '', 'FATHER', NULL, 1231),
(1246, '2013-04-23 08:01:26', 'pradeepb', 0, 'MD.MOHIN', 'MALE', 'PASHA', '', 0, NULL, '', 'FATHER', NULL, 1244),
(2014, '2013-05-03 02:17:19', 'pradeepb', 0, 'MALLESH', 'MALE', 'A', '', 0, NULL, '', 'FATHER', NULL, 2012),
(2048, '2013-05-03 02:41:46', 'pradeepb', 0, 'V NARASIMHA RAJU', 'MALE', 'CHINTHALAPATI', '', 0, NULL, '', 'FATHER', NULL, 2046),
(2056, '2013-05-03 02:57:49', 'pradeepb', 0, 'MALLESHAM', 'MALE', 'SURYAPETA', '', 0, NULL, '', 'FATHER', NULL, 2054),
(2102, '2013-05-03 05:40:06', 'pradeepb', 0, 'VENKATESWARAO', 'MALE', 'PULIVARTHI', '', 0, NULL, '', 'FATHER', NULL, 2100),
(2119, '2013-05-03 05:50:51', 'pradeepb', 0, 'VENKAT REDDY', 'MALE', 'R', '', 0, NULL, '', 'FATHER', NULL, 2117),
(2149, '2013-05-03 06:06:21', 'pradeepb', 0, 'B.S.VARAPRASAD', 'MALE', 'PEDAPATI', '', 0, NULL, '', 'FATHER', NULL, 2147),
(2178, '2013-05-03 06:42:12', 'pradeepb', 0, 'SAHADEVAN', 'MALE', 'B', '', 0, NULL, '', 'FATHER', NULL, 2176),
(2208, '2013-05-03 07:16:17', 'pradeepb', 0, 'ESWARAIAH', 'MALE', 'PAGIDI', '', 0, NULL, '', 'FATHER', NULL, 2206),
(2235, '2013-05-03 07:25:37', 'pradeepb', 0, 'SEETARAMA BHAT', 'MALE', 'K', '', 0, NULL, '', 'FATHER', NULL, 2233),
(2259, '2013-05-03 07:32:18', 'pradeepb', 0, 'SRINIVAS', 'MALE', 'MUDIGONDA', '', 0, NULL, '', 'FATHER', NULL, 2257),
(2289, '2013-05-03 07:41:47', 'pradeepb', 0, 'AJAY KUMAR', 'MALE', 'A', '', 0, NULL, '', 'FATHER', NULL, 2287),
(2317, '2013-05-03 07:54:43', 'pradeepb', 0, 'MALLESH', 'MALE', 'SAMBARAJU', '', 0, NULL, '', 'FATHER', NULL, 2315),
(2351, '2013-05-04 00:15:55', 'pradeepb', 0, 'PRABHAKAR', 'MALE', 'GADDAM', '', 0, NULL, '', 'FATHER', NULL, 2349),
(2380, '2013-05-04 01:01:11', 'pradeepb', 0, 'KRISHNA PRADESH', 'MALE', 'NUTHAKKI', '', 0, NULL, '', 'FATHER', NULL, 2378),
(2406, '2013-05-04 01:10:24', 'pradeepb', 0, 'SATYANARAYANA', 'MALE', 'BAYYA', '', 0, NULL, '', 'FATHER', NULL, 2404),
(2432, '2013-05-04 07:02:50', 'pradeepb', 0, 'PRABHAKAR', 'MALE', 'PUPPALA', '', 0, NULL, '', 'FATHER', NULL, 2430),
(2463, '2013-05-04 07:25:05', 'pradeepb', 0, 'SANGMESH', 'MALE', 'KONDALA', '', 0, NULL, '', 'FATHER', NULL, 2461),
(2487, '2013-05-04 07:32:47', 'pradeepb', 0, 'SRINIVAS', 'MALE', 'KESARIVASAM', '', 0, NULL, '', 'FATHER', NULL, 2485),
(2515, '2013-05-04 08:05:13', 'pradeepb', 0, 'VENKATARATNAM', 'MALE', 'L', '', 0, NULL, '', 'FATHER', NULL, 2513),
(2547, '2013-05-04 08:20:08', 'pradeepb', 0, 'SUNIL KUMAR', 'MALE', 'MADARI', '', 0, NULL, '', 'FATHER', NULL, 2545),
(2571, '2013-05-04 08:35:37', 'pradeepb', 0, 'SUDHAKAR REDDY', 'MALE', 'M', '', 0, NULL, '', 'FATHER', NULL, 2569),
(2605, '2013-05-06 01:13:46', 'pradeepb', 0, 'SATYENDAR', 'MALE', 'SINGH', '', 0, NULL, '', 'FATHER', NULL, 2603),
(2638, '2013-05-06 01:26:46', 'pradeepb', 0, 'SUBRAMANYAM', 'MALE', 'T', '', 0, NULL, '', 'FATHER', NULL, 2636),
(2670, '2013-05-06 06:30:28', 'pradeepb', 0, 'GOVARDHAN', 'MALE', 'MAHANKALI', '', 0, NULL, '', 'FATHER', NULL, 2668),
(2702, '2013-05-07 02:42:08', 'pradeepb', 0, 'NARSINGRAO', 'MALE', 'POOJARI', '', 0, NULL, '', 'FATHER', NULL, 2700),
(2729, '2013-05-07 02:55:31', 'pradeepb', 0, 'SURESH', 'MALE', 'ROY', '', 0, NULL, '', 'FATHER', NULL, 2727),
(2737, '2013-05-07 05:14:06', 'pradeepb', 0, 'GOPAL REDDY', 'MALE', 'CHALLA', '', 0, NULL, '', 'FATHER', NULL, 2735),
(2755, '2013-05-07 05:22:49', 'pradeepb', 0, 'SYED ', 'MALE', 'PASHA', 'BADAR', 0, NULL, '', 'FATHER', NULL, 2753),
(2788, '2013-05-07 05:40:32', 'pradeepb', 0, 'RAJU', 'MALE', 'ADDANKI', '', 0, NULL, '', 'FATHER', NULL, 2786),
(2815, '2013-05-07 06:18:49', 'pradeepb', 0, 'CHAKRADHAR', 'MALE', 'AILIVINOYA', '', 0, NULL, '', 'FATHER', NULL, 2813),
(2824, '2013-05-07 06:37:07', 'pradeepb', 0, 'CHAKRADHAR', 'MALE', 'AILI', '', 0, NULL, '', 'FATHER', NULL, 2822),
(2850, '2013-05-07 23:52:49', 'pradeepb', 0, 'CHANDRA SEKHAR', 'MALE', 'YELURI', '', 0, NULL, '', 'FATHER', NULL, 2848),
(2881, '2013-05-08 00:02:55', 'pradeepb', 0, 'RAMAKRISHNA', 'MALE', 'BIKKINI', '', 0, NULL, '', 'FATHER', NULL, 2879),
(2912, '2013-05-08 01:44:39', 'pradeepb', 0, 'NARASIMLU', 'MALE', 'S', '', 0, NULL, '', 'FATHER', NULL, 2910),
(2942, '2013-05-08 02:03:08', 'pradeepb', 0, 'ANIL KUMAR', 'MALE', 'SAANEM', '', 0, NULL, '', 'FATHER', NULL, 2940),
(2969, '2013-05-08 02:17:18', 'pradeepb', 0, 'KRISHNA KUMAR', 'MALE', 'BHANOORI', '', 0, NULL, '', 'FATHER', NULL, 2967),
(2996, '2013-05-08 02:27:25', 'pradeepb', 0, 'KRISHNA KUMAR', 'MALE', 'BHANOORI', '', 0, NULL, '', 'FATHER', NULL, 2994),
(3014, '2013-05-08 02:49:55', 'pradeepb', 0, 'ANANTHIAH', 'MALE', 'M', '', 0, NULL, '', 'FATHER', NULL, 3012),
(3044, '2013-05-08 03:29:09', 'pradeepb', 0, 'CHANDRAMOULI', 'MALE', 'K', '', 0, NULL, '', 'FATHER', NULL, 3042),
(3075, '2013-05-08 05:11:47', 'pradeepb', 0, 'BATTHIRIAH', 'MALE', 'B', '', 0, NULL, '', 'FATHER', NULL, 3073),
(3109, '2013-05-08 05:39:35', 'pradeepb', 0, 'SATYAM', 'MALE', 'P', '', 0, NULL, '', 'FATHER', NULL, 3107),
(3135, '2013-05-08 06:54:44', 'pradeepb', 0, 'VIDYA SAGAR', 'MALE', 'NAGAMALLA', '', 0, NULL, '', 'FATHER', NULL, 3133),
(3163, '2013-05-08 07:26:51', 'pradeepb', 0, 'SRINIVASULU', 'MALE', 'CHENNAKESHAVULU', '', 0, NULL, '', 'FATHER', NULL, 3161),
(3192, '2013-05-08 07:37:41', 'pradeepb', 0, 'YAMMA GOUD', 'MALE', 'SHANKARGARI', '', 0, NULL, '', 'FATHER', NULL, 3190),
(3216, '2013-05-08 07:47:09', 'pradeepb', 0, 'KRISHNA', 'MALE', 'MANCHANA', '', 0, NULL, '', 'FATHER', NULL, 3214),
(3240, '2013-05-08 07:54:33', 'pradeepb', 0, 'GOURIPATHI RAO', 'MALE', 'SIGILIPELLI', '', 0, NULL, '', 'FATHER', NULL, 3238),
(3278, '2013-05-08 08:03:14', 'pradeepb', 0, 'RAMESH', 'MALE', 'PATNAM', '', 0, NULL, '', 'FATHER', NULL, 3276),
(3305, '2013-05-08 23:35:00', 'pradeepb', 0, 'DHANRAJ', 'MALE', 'BOKKA', '', 0, NULL, '', 'FATHER', NULL, 3303),
(3332, '2013-05-08 23:44:23', 'pradeepb', 0, 'JAGAN MOHAN', 'MALE', 'SAPPIDI', '', 0, NULL, '', 'FATHER', NULL, 3330),
(3361, '2013-05-08 23:53:26', 'pradeepb', 0, 'KUMARASWAMY', 'MALE', 'GARIGIPARTHI', '', 0, NULL, '', 'FATHER', NULL, 3359),
(3388, '2013-05-09 00:02:20', 'pradeepb', 0, 'RAJU', 'MALE', 'KALAVALA', '', 0, NULL, '', 'FATHER', NULL, 3386),
(3425, '2013-05-09 00:12:26', 'pradeepb', 0, 'NAGABUSHANAM', 'MALE', 'BACHAGARI', '', 0, NULL, '', 'FATHER', NULL, 3423),
(3453, '2013-05-09 00:48:27', 'pradeepb', 0, 'SATHYANARAYANA', 'MALE', 'PATCHIMALLA', '', 0, NULL, '', 'FATHER', NULL, 3451),
(3477, '2013-05-09 00:57:14', 'pradeepb', 0, 'BHANU MURTHY', 'MALE', 'G', '', 0, NULL, '', 'FATHER', NULL, 3475),
(3509, '2013-05-09 01:22:05', 'pradeepb', 0, 'SRINIVAS', 'MALE', 'E', '', 0, NULL, '', 'FATHER', NULL, 3507),
(3539, '2013-05-09 01:37:40', 'pradeepb', 0, 'MANIK REDDY', 'MALE', 'ARKAL', '', 0, NULL, '', 'FATHER', NULL, 3537),
(3563, '2013-05-09 01:46:54', 'pradeepb', 0, 'GURU SWAMY', 'MALE', 'ITTA', '', 0, NULL, '', 'FATHER', NULL, 3561),
(3596, '2013-05-09 02:00:04', 'pradeepb', 0, 'MUKESH', 'MALE', 'Y', '', 0, NULL, '', 'FATHER', NULL, 3594),
(3642, '2013-05-09 03:16:43', 'pradeepb', 0, 'THOMAS', 'MALE', 'THOKALA', '', 0, NULL, '', 'FATHER', NULL, 3640),
(3661, '2013-05-09 05:44:51', 'pradeepb', 0, 'MALLAIAH', 'MALE', 'A', '', 0, NULL, '', 'FATHER', NULL, 3659),
(3682, '2013-05-09 05:59:05', 'pradeepb', 0, 'SATYANARAYANA', 'MALE', 'A', '', 0, NULL, '', 'FATHER', NULL, 3680),
(3703, '2013-05-09 06:05:54', 'pradeepb', 0, 'SRINIVAS', 'MALE', 'A', '', 0, NULL, '', 'FATHER', NULL, 3701),
(3724, '2013-05-09 07:12:17', 'pradeepb', 0, 'VENKATAIAH', 'MALE', 'A', '', 0, NULL, '', 'FATHER', NULL, 3722),
(3743, '2013-05-09 07:18:06', 'pradeepb', 0, 'KRISHNA JOSHI', 'MALE', 'B', '', 0, NULL, '', 'FATHER', NULL, 3741),
(3764, '2013-05-09 07:47:12', 'pradeepb', 0, 'NARASIMHA REDDY', 'MALE', 'DHUDI', '', 0, NULL, '', 'FATHER', NULL, 3762),
(3785, '2013-05-10 00:10:27', 'pradeepb', 0, 'SUDHAKAR', 'MALE', 'DASARI', '', 0, NULL, '', 'FATHER', NULL, 3783),
(3807, '2013-05-10 01:38:36', 'pradeepb', 0, 'RAMESH BABU', 'MALE', 'D', '', 0, NULL, '', 'FATHER', NULL, 3805),
(3826, '2013-05-10 01:55:11', 'pradeepb', 0, 'SHYAM SUNDER', 'MALE', 'G', '', 0, NULL, '', 'FATHER', NULL, 3824),
(3847, '2013-05-10 02:04:23', 'pradeepb', 0, 'RAVICHANDER', 'MALE', 'G', '', 0, NULL, '', 'FATHER', NULL, 3845),
(3870, '2013-05-10 02:11:07', 'pradeepb', 0, 'PRATHAP RAO', 'MALE', 'GONE', '', 0, NULL, '', 'FATHER', NULL, 3868),
(3891, '2013-05-10 02:52:43', 'pradeepb', 0, 'VISHNU VARDHAN REDDY', 'MALE', 'M', '', 0, NULL, '', 'FATHER', NULL, 3889),
(3912, '2013-05-10 04:32:18', 'pradeepb', 0, 'LAXAMAN GUPTA', 'MALE', 'MADAMSETTY', '', 0, NULL, '', 'FATHER', NULL, 3910),
(3933, '2013-05-10 04:44:19', 'pradeepb', 0, 'NARAYANA', 'MALE', 'MOTHE', '', 0, NULL, '', 'FATHER', NULL, 3931),
(3954, '2013-05-10 04:50:12', 'pradeepb', 0, 'HARINDRANATH', 'MALE', 'M', '', 0, NULL, '', 'FATHER', NULL, 3952),
(3975, '2013-05-10 05:29:07', 'pradeepb', 0, 'VENKATESH', 'MALE', 'MANNE', '', 0, NULL, '', 'FATHER', NULL, 3973),
(3996, '2013-05-10 05:44:39', 'pradeepb', 0, 'NANDA KISHORE', 'MALE', 'MURAHARIKAR', '', 0, NULL, '', 'FATHER', NULL, 3994),
(4022, '2013-05-11 00:07:09', 'pradeepb', 0, 'VV SATYANARAYANA', 'MALE', 'MANYAM', '', 0, NULL, '', 'FATHER', NULL, 4020),
(4044, '2013-05-11 00:12:10', 'pradeepb', 0, 'SHIVAJI', 'MALE', 'NAZARKAR', '', 0, NULL, '', 'FATHER', NULL, 4042),
(4065, '2013-05-11 00:16:57', 'pradeepb', 0, 'JAYASHMARAO', 'MALE', 'PARVATHA', '', 0, NULL, '', 'FATHER', NULL, 4063),
(4086, '2013-05-11 00:22:00', 'pradeepb', 0, 'SRINIVAS REDDY', 'MALE', 'R', '', 0, NULL, '', 'FATHER', NULL, 4084),
(4105, '2013-05-11 00:29:14', 'pradeepb', 0, 'VENKATESWAR', 'MALE', 'R', '', 0, NULL, '', 'FATHER', NULL, 4103),
(4142, '2013-05-11 01:37:13', 'pradeepb', 0, 'YADILAL', 'MALE', 'PALANGTOD', '', 0, NULL, '', 'FATHER', NULL, 4140),
(4163, '2013-05-11 01:39:11', 'apeironsol123', 0, 'Srinivas', 'MALE', 'A', 'Reddy', 0, NULL, 'Farmer', 'FATHER', NULL, 4161),
(4173, '2013-05-11 01:49:51', 'apeironsol123', 0, 'Kumar', 'MALE', 'Bangari', 'Swamy', 0, NULL, 'Clerk(WCL)', 'FATHER', NULL, 4172),
(4207, '2013-05-11 01:56:56', 'apeironsol123', 0, 'Istari', 'MALE', 'Mesram', '', 0, NULL, 'Govt Employee', 'FATHER', NULL, 4205),
(4228, '2013-05-11 02:02:58', 'apeironsol123', 0, 'Srinivas', 'MALE', 'P', '', 0, NULL, 'Farmer', 'FATHER', NULL, 4226),
(4236, '2013-05-11 02:04:48', 'pradeepb', 0, 'VEERA REDDY', 'MALE', 'S', '', 0, NULL, '', 'FATHER', NULL, 4234),
(4255, '2013-05-11 02:05:19', 'apeironsol123', 0, 'Ranjit', 'MALE', 'N', 'Singh', 0, NULL, 'Business', 'FATHER', NULL, 4253),
(4256, '2013-05-11 02:05:19', 'apeironsol123', 0, 'Indrani', 'FEMALE', 'N', 'Devi', NULL, NULL, NULL, 'MOTHER', NULL, 4253),
(4281, '2013-05-11 02:09:21', 'pradeepb', 0, 'RAMAMOHAN REDDY', 'MALE', 'S', '', 0, NULL, '', 'FATHER', NULL, 4279),
(4302, '2013-05-11 02:12:27', 'apeironsol123', 0, 'Kantha', 'MALE', 'P', 'Reddy', 0, NULL, 'Teacher', 'FATHER', NULL, 4300),
(4310, '2013-05-11 02:13:30', 'pradeepb', 0, 'SABASTIN REDDY', 'MALE', 'THUMMA', '', 0, NULL, '', 'FATHER', NULL, 4308),
(4329, '2013-05-11 02:14:14', 'apeironsol123', 0, 'Srinivas', 'MALE', 'U', 'Reddy', 0, NULL, 'Farmer', 'FATHER', NULL, 4327),
(4330, '2013-05-11 02:14:14', 'apeironsol123', 0, 'Mangammn', 'FEMALE', 'U', '', NULL, NULL, NULL, 'MOTHER', NULL, 4327),
(4368, '2013-05-11 02:18:37', 'pradeepb', 0, 'SANATH KUMAR', 'MALE', 'VEERAPANENI', '', 0, NULL, '', 'FATHER', NULL, 4366),
(4373, '2013-05-11 02:18:44', 'apeironsol123', 0, 'Suryanarayana', 'MALE', 'PVV', 'Raju', 0, NULL, 'Business', 'FATHER', NULL, 4371),
(4412, '2013-05-11 02:23:32', 'pradeepb', 0, 'VENKATASUBBA REDDY', 'MALE', 'V', '', 0, NULL, '', 'FATHER', NULL, 4410),
(4417, '2013-05-11 02:23:45', 'apeironsol123', 0, 'Sammi', 'MALE', 'K', 'Reddy', 0, NULL, 'Farmer', 'FATHER', NULL, 4415),
(4418, '2013-05-11 02:23:45', 'apeironsol123', 0, 'Swaroopa', 'FEMALE', 'K', '', NULL, NULL, NULL, 'MOTHER', NULL, 4415),
(4440, '2013-05-11 02:24:38', 'apeironsol123', 0, 'Suresh', 'MALE', 'R', '', 0, NULL, '', 'FATHER', NULL, 4438),
(4441, '2013-05-11 02:24:38', 'apeironsol123', 0, 'Seetha Devi', 'FEMALE', 'R', '', NULL, NULL, NULL, 'MOTHER', NULL, 4438),
(4477, '2013-05-11 02:29:10', 'pradeepb', 0, 'MOHAMMAD', 'MALE', 'YOUSUFUDDIN', 'BABA', 0, NULL, '', 'FATHER', NULL, 4475),
(4485, '2013-05-11 02:31:09', 'apeironsol123', 0, 'V Krishna', 'MALE', 'D', '', 200000, NULL, 'Employee', 'FATHER', NULL, 4483),
(4486, '2013-05-11 02:31:09', 'apeironsol123', 0, 'Janaki', 'FEMALE', 'D', '', NULL, NULL, NULL, 'MOTHER', NULL, 4483),
(4509, '2013-05-11 02:32:10', 'apeironsol123', 0, 'Shiva', 'MALE', 'M', 'Kumar', 0, NULL, 'Business', 'FATHER', NULL, 4507),
(4510, '2013-05-11 02:32:10', 'apeironsol123', 0, 'Padmaja', 'FEMALE', 'M', '', NULL, NULL, NULL, 'MOTHER', NULL, 4507),
(4574, '2013-05-11 02:38:02', 'pradeepb', 0, 'ACHYUTHA RAO', 'MALE', 'YARA', '', 0, NULL, '', 'FATHER', NULL, 4572),
(4579, '2013-05-11 02:38:12', 'apeironsol123', 0, 'Mohan', 'MALE', 'M', '', 0, NULL, '', 'FATHER', NULL, 4577),
(4618, '2013-05-11 02:39:42', 'apeironsol123', 0, 'Ravinder', 'MALE', 'K', '', 0, NULL, '', 'FATHER', NULL, 4616),
(4619, '2013-05-11 02:39:42', 'apeironsol123', 0, 'Vasantha', 'FEMALE', 'K', '', NULL, NULL, NULL, 'MOTHER', NULL, 4616),
(4640, '2013-05-11 02:43:07', 'pradeepb', 0, 'VENKATAIAH', 'MALE', 'SURE', '', 0, NULL, '', 'FATHER', NULL, 4638),
(4646, '2013-05-11 02:43:41', 'apeironsol123', 0, 'Srinivas', 'MALE', 'K', 'Goud', 0, NULL, 'Teacher', 'FATHER', NULL, 4644),
(4682, '2013-05-11 02:49:37', 'apeironsol123', 0, 'Ram', 'MALE', 'G', 'Reddy', 0, NULL, 'Teacher', 'FATHER', NULL, 4680),
(4687, '2013-05-11 02:49:51', 'apeironsol123', 0, 'Srinivas', 'MALE', 'Kasu', '', 0, NULL, '', 'FATHER', NULL, 4685),
(4688, '2013-05-11 02:49:51', 'apeironsol123', 0, 'Radha', 'FEMALE', 'Kasu', '', NULL, NULL, NULL, 'MOTHER', NULL, 4685);

-- --------------------------------------------------------

--
-- Table structure for table `ROUTE`
--

CREATE TABLE IF NOT EXISTS `ROUTE` (
  `ID` bigint(20) NOT NULL,
  `AUDIT_TIMESTAMP` datetime NOT NULL,
  `AUDIT_USER_NAME` varchar(255) NOT NULL,
  `VERSION` bigint(20) NOT NULL,
  `NAME` varchar(50) NOT NULL,
  `NUMBER` varchar(50) DEFAULT NULL,
  `BRANCH_ID` bigint(20) NOT NULL,
  `SOURCE_ID` bigint(20) DEFAULT NULL,
  PRIMARY KEY (`ID`),
  KEY `FK4A8BA29ED58E295` (`SOURCE_ID`),
  KEY `FK4A8BA29CF26425` (`BRANCH_ID`)
) ENGINE=MyISAM DEFAULT CHARSET=latin1;

-- --------------------------------------------------------

--
-- Table structure for table `ROUTE_PICK_UP_POINT`
--

CREATE TABLE IF NOT EXISTS `ROUTE_PICK_UP_POINT` (
  `pickUpPoints_ID` bigint(20) NOT NULL,
  `routes_ID` bigint(20) NOT NULL,
  PRIMARY KEY (`pickUpPoints_ID`,`routes_ID`),
  KEY `FK550A8994C78DCC7B` (`routes_ID`),
  KEY `FK550A899446C59D1` (`pickUpPoints_ID`)
) ENGINE=MyISAM DEFAULT CHARSET=latin1;

-- --------------------------------------------------------

--
-- Table structure for table `SALARY`
--

CREATE TABLE IF NOT EXISTS `SALARY` (
  `ID` bigint(20) NOT NULL,
  `AUDIT_TIMESTAMP` datetime NOT NULL,
  `AUDIT_USER_NAME` varchar(255) NOT NULL,
  `VERSION` bigint(20) NOT NULL,
  `AMOUNT` double DEFAULT NULL,
  `DATE` date NOT NULL,
  `SALARY_MONTH` date NOT NULL,
  `SALARY_TYPE` varchar(20) DEFAULT NULL,
  `TRANSACTION_NR` varchar(255) NOT NULL,
  `EMPLOYEE_ID` bigint(20) NOT NULL,
  PRIMARY KEY (`ID`),
  KEY `FK9159BDCA68E1D534` (`EMPLOYEE_ID`)
) ENGINE=MyISAM DEFAULT CHARSET=latin1;

-- --------------------------------------------------------

--
-- Table structure for table `SECTION`
--

CREATE TABLE IF NOT EXISTS `SECTION` (
  `ID` bigint(20) NOT NULL,
  `AUDIT_TIMESTAMP` datetime NOT NULL,
  `AUDIT_USER_NAME` varchar(255) NOT NULL,
  `VERSION` bigint(20) NOT NULL,
  `ACTIVE` tinyint(1) NOT NULL,
  `NAME` varchar(50) NOT NULL,
  `OPEN_FOR_ADMISSION_IND` tinyint(1) DEFAULT NULL,
  `ACADEMIC_YEAR_ID` bigint(20) NOT NULL,
  `CLASS_ID` bigint(20) NOT NULL,
  PRIMARY KEY (`ID`),
  UNIQUE KEY `NAME` (`NAME`,`CLASS_ID`,`ACADEMIC_YEAR_ID`),
  KEY `FKA03B0AC55D3CCBB7` (`CLASS_ID`),
  KEY `FKA03B0AC5121C3074` (`ACADEMIC_YEAR_ID`)
) ENGINE=MyISAM DEFAULT CHARSET=latin1;

--
-- Dumping data for table `SECTION`
--

INSERT INTO `SECTION` (`ID`, `AUDIT_TIMESTAMP`, `AUDIT_USER_NAME`, `VERSION`, `ACTIVE`, `NAME`, `OPEN_FOR_ADMISSION_IND`, `ACADEMIC_YEAR_ID`, `CLASS_ID`) VALUES
(117, '2013-04-14 02:59:04', 'apeironsol', 1, 1, 'JB1(MEC/2012)', 1, 76, 81),
(123, '2013-04-14 03:00:17', 'apeironsol', 1, 1, 'JB2(MEC/2012)', 1, 76, 81),
(129, '2013-04-14 03:00:48', 'apeironsol', 1, 1, 'JB3(MEC/2012)', 1, 76, 81),
(135, '2013-04-14 03:01:13', 'apeironsol', 1, 1, 'JB4(MEC/2012)', 1, 76, 81),
(141, '2013-04-14 03:01:35', 'apeironsol', 1, 1, 'JB5(MEC/2012)', 1, 76, 81),
(146, '2013-04-14 03:01:59', 'apeironsol', 1, 1, 'JG1(MEC/2012)', 1, 76, 81),
(152, '2013-04-14 03:02:31', 'apeironsol', 1, 1, 'JG2(MEC/2012)', 1, 76, 81),
(157, '2013-04-14 03:03:15', 'apeironsol', 2, 1, 'JG3(MEC/2012)', 1, 76, 81),
(163, '2013-04-14 03:04:42', 'apeironsol', 1, 1, 'SB1(MEC/2013)', 1, 77, 103),
(169, '2013-04-14 03:05:01', 'apeironsol', 1, 1, 'SB2(MEC/2013)', 1, 77, 103),
(175, '2013-04-14 03:05:21', 'apeironsol', 1, 1, 'SB3(MEC/2013)', 1, 77, 103),
(180, '2013-04-14 03:06:19', 'apeironsol', 1, 1, 'SG1(MEC/2013)', 1, 77, 103),
(186, '2013-04-14 03:06:51', 'apeironsol', 1, 1, 'SG2(MEC/2013)', 1, 77, 103);

-- --------------------------------------------------------

--
-- Table structure for table `SECTION_EXAM`
--

CREATE TABLE IF NOT EXISTS `SECTION_EXAM` (
  `ID` bigint(20) NOT NULL,
  `AUDIT_TIMESTAMP` datetime NOT NULL,
  `AUDIT_USER_NAME` varchar(255) NOT NULL,
  `VERSION` bigint(20) NOT NULL,
  `END_DATE` datetime NOT NULL,
  `SECTION_EXAM_STATUS` varchar(255) NOT NULL,
  `START_DATE` datetime NOT NULL,
  `EXAM_ID` bigint(20) NOT NULL,
  `SECTION_ID` bigint(20) NOT NULL,
  PRIMARY KEY (`ID`),
  UNIQUE KEY `SECTION_ID` (`SECTION_ID`,`EXAM_ID`),
  KEY `FKB2A1515992110F6A` (`EXAM_ID`),
  KEY `FKB2A15159C7C9134F` (`SECTION_ID`)
) ENGINE=MyISAM DEFAULT CHARSET=latin1;

-- --------------------------------------------------------

--
-- Table structure for table `SECTION_EXAM_SUBJECT`
--

CREATE TABLE IF NOT EXISTS `SECTION_EXAM_SUBJECT` (
  `ID` bigint(20) NOT NULL,
  `AUDIT_TIMESTAMP` datetime NOT NULL,
  `AUDIT_USER_NAME` varchar(255) NOT NULL,
  `VERSION` bigint(20) NOT NULL,
  `END_TIME` time NOT NULL,
  `MAX_MARKS` double NOT NULL,
  `PASS_MARKS` double NOT NULL,
  `SCHEDULED_DATE` date NOT NULL,
  `START_TIME` time NOT NULL,
  `SECTION_EXAM_ID` bigint(20) NOT NULL,
  `SECTION_SUBJECT_ID` bigint(20) NOT NULL,
  PRIMARY KEY (`ID`),
  KEY `FKFC907026597167DA` (`SECTION_SUBJECT_ID`),
  KEY `FKFC907026B58D7A75` (`SECTION_EXAM_ID`)
) ENGINE=MyISAM DEFAULT CHARSET=latin1;

-- --------------------------------------------------------

--
-- Table structure for table `SECTION_SUBJECT`
--

CREATE TABLE IF NOT EXISTS `SECTION_SUBJECT` (
  `ID` bigint(20) NOT NULL,
  `AUDIT_TIMESTAMP` datetime NOT NULL,
  `AUDIT_USER_NAME` varchar(255) NOT NULL,
  `VERSION` bigint(20) NOT NULL,
  `SECTION_ID` bigint(20) NOT NULL,
  `SUBJECT_ID` bigint(20) NOT NULL,
  PRIMARY KEY (`ID`),
  UNIQUE KEY `SECTION_ID` (`SECTION_ID`,`SUBJECT_ID`),
  KEY `FK423FFD92A6F199EF` (`SUBJECT_ID`),
  KEY `FK423FFD92C7C9134F` (`SECTION_ID`)
) ENGINE=MyISAM DEFAULT CHARSET=latin1;

--
-- Dumping data for table `SECTION_SUBJECT`
--

INSERT INTO `SECTION_SUBJECT` (`ID`, `AUDIT_TIMESTAMP`, `AUDIT_USER_NAME`, `VERSION`, `SECTION_ID`, `SUBJECT_ID`) VALUES
(118, '2013-04-14 02:59:04', 'apeironsol', 0, 117, 82),
(119, '2013-04-14 02:59:04', 'apeironsol', 0, 117, 84),
(120, '2013-04-14 02:59:04', 'apeironsol', 0, 117, 85),
(121, '2013-04-14 02:59:04', 'apeironsol', 0, 117, 86),
(122, '2013-04-14 02:59:10', 'apeironsol', 0, 117, 83),
(124, '2013-04-14 03:00:17', 'apeironsol', 0, 123, 82),
(125, '2013-04-14 03:00:17', 'apeironsol', 0, 123, 84),
(126, '2013-04-14 03:00:17', 'apeironsol', 0, 123, 85),
(127, '2013-04-14 03:00:17', 'apeironsol', 0, 123, 86),
(128, '2013-04-14 03:00:21', 'apeironsol', 0, 123, 83),
(130, '2013-04-14 03:00:48', 'apeironsol', 0, 129, 82),
(131, '2013-04-14 03:00:48', 'apeironsol', 0, 129, 84),
(132, '2013-04-14 03:00:48', 'apeironsol', 0, 129, 85),
(133, '2013-04-14 03:00:48', 'apeironsol', 0, 129, 86),
(134, '2013-04-14 03:00:52', 'apeironsol', 0, 129, 83),
(136, '2013-04-14 03:01:13', 'apeironsol', 0, 135, 82),
(137, '2013-04-14 03:01:13', 'apeironsol', 0, 135, 84),
(138, '2013-04-14 03:01:13', 'apeironsol', 0, 135, 85),
(139, '2013-04-14 03:01:13', 'apeironsol', 0, 135, 86),
(140, '2013-04-14 03:01:16', 'apeironsol', 0, 135, 83),
(142, '2013-04-14 03:01:35', 'apeironsol', 0, 141, 82),
(143, '2013-04-14 03:01:35', 'apeironsol', 0, 141, 84),
(144, '2013-04-14 03:01:35', 'apeironsol', 0, 141, 85),
(145, '2013-04-14 03:01:35', 'apeironsol', 0, 141, 86),
(147, '2013-04-14 03:01:59', 'apeironsol', 0, 146, 82),
(148, '2013-04-14 03:01:59', 'apeironsol', 0, 146, 84),
(149, '2013-04-14 03:01:59', 'apeironsol', 0, 146, 85),
(150, '2013-04-14 03:01:59', 'apeironsol', 0, 146, 86),
(151, '2013-04-14 03:02:04', 'apeironsol', 0, 146, 83),
(153, '2013-04-14 03:02:32', 'apeironsol', 0, 152, 82),
(154, '2013-04-14 03:02:32', 'apeironsol', 0, 152, 84),
(155, '2013-04-14 03:02:32', 'apeironsol', 0, 152, 85),
(156, '2013-04-14 03:02:32', 'apeironsol', 0, 152, 86),
(158, '2013-04-14 03:03:15', 'apeironsol', 0, 157, 82),
(159, '2013-04-14 03:03:15', 'apeironsol', 0, 157, 84),
(160, '2013-04-14 03:03:15', 'apeironsol', 0, 157, 85),
(161, '2013-04-14 03:03:15', 'apeironsol', 0, 157, 86),
(162, '2013-04-14 03:03:20', 'apeironsol', 0, 157, 83),
(164, '2013-04-14 03:04:42', 'apeironsol', 0, 163, 104),
(165, '2013-04-14 03:04:42', 'apeironsol', 0, 163, 105),
(166, '2013-04-14 03:04:42', 'apeironsol', 0, 163, 106),
(167, '2013-04-14 03:04:42', 'apeironsol', 0, 163, 107),
(168, '2013-04-14 03:04:45', 'apeironsol', 0, 163, 108),
(170, '2013-04-14 03:05:01', 'apeironsol', 0, 169, 104),
(171, '2013-04-14 03:05:01', 'apeironsol', 0, 169, 105),
(172, '2013-04-14 03:05:01', 'apeironsol', 0, 169, 106),
(173, '2013-04-14 03:05:01', 'apeironsol', 0, 169, 107),
(174, '2013-04-14 03:05:05', 'apeironsol', 0, 169, 108),
(176, '2013-04-14 03:05:21', 'apeironsol', 0, 175, 104),
(177, '2013-04-14 03:05:21', 'apeironsol', 0, 175, 105),
(178, '2013-04-14 03:05:21', 'apeironsol', 0, 175, 106),
(179, '2013-04-14 03:05:21', 'apeironsol', 0, 175, 107),
(181, '2013-04-14 03:06:19', 'apeironsol', 0, 180, 104),
(182, '2013-04-14 03:06:19', 'apeironsol', 0, 180, 105),
(183, '2013-04-14 03:06:19', 'apeironsol', 0, 180, 106),
(184, '2013-04-14 03:06:19', 'apeironsol', 0, 180, 107),
(185, '2013-04-14 03:06:24', 'apeironsol', 0, 180, 108),
(187, '2013-04-14 03:06:51', 'apeironsol', 0, 186, 104),
(188, '2013-04-14 03:06:51', 'apeironsol', 0, 186, 105),
(189, '2013-04-14 03:06:51', 'apeironsol', 0, 186, 106),
(190, '2013-04-14 03:06:51', 'apeironsol', 0, 186, 107),
(191, '2013-04-14 03:06:54', 'apeironsol', 0, 186, 108);

-- --------------------------------------------------------

--
-- Table structure for table `SECTION_TEACHER`
--

CREATE TABLE IF NOT EXISTS `SECTION_TEACHER` (
  `ID` bigint(20) NOT NULL,
  `AUDIT_TIMESTAMP` datetime NOT NULL,
  `AUDIT_USER_NAME` varchar(255) NOT NULL,
  `VERSION` bigint(20) NOT NULL,
  `END_DATE` datetime DEFAULT NULL,
  `INCHARGE` tinyint(1) DEFAULT NULL,
  `START_DATE` datetime NOT NULL,
  `EMPLOYEE_ID` bigint(20) NOT NULL,
  `SECTION_ID` bigint(20) NOT NULL,
  PRIMARY KEY (`ID`),
  UNIQUE KEY `SECTION_ID` (`SECTION_ID`,`EMPLOYEE_ID`,`START_DATE`),
  UNIQUE KEY `SECTION_ID_2` (`SECTION_ID`,`INCHARGE`,`START_DATE`),
  KEY `FK5BC77448C7C9134F` (`SECTION_ID`),
  KEY `FK5BC7744868E1D534` (`EMPLOYEE_ID`)
) ENGINE=MyISAM DEFAULT CHARSET=latin1;

-- --------------------------------------------------------

--
-- Table structure for table `SECTION_TIMETABLE`
--

CREATE TABLE IF NOT EXISTS `SECTION_TIMETABLE` (
  `ID` bigint(20) NOT NULL,
  `AUDIT_TIMESTAMP` datetime NOT NULL,
  `AUDIT_USER_NAME` varchar(255) NOT NULL,
  `VERSION` bigint(20) NOT NULL,
  `END_TIME` time NOT NULL,
  `SCHEDULE_DATE` date NOT NULL,
  `START_TIME` time NOT NULL,
  `SECTION_SUBJECT_ID` bigint(20) NOT NULL,
  `SECTION_TEACHER_ID` bigint(20) NOT NULL,
  PRIMARY KEY (`ID`),
  KEY `FKA61BC407597167DA` (`SECTION_SUBJECT_ID`),
  KEY `FKA61BC4074E08641A` (`SECTION_TEACHER_ID`)
) ENGINE=MyISAM DEFAULT CHARSET=latin1;

-- --------------------------------------------------------

--
-- Table structure for table `SEQUENCE_GENERATOR`
--

CREATE TABLE IF NOT EXISTS `SEQUENCE_GENERATOR` (
  `ID` bigint(20) NOT NULL,
  `CURRENT_SEQUENCE` bigint(20) NOT NULL,
  `NEXT_SEQUENCE` bigint(20) NOT NULL,
  `SEQUENCE_SUB_TYPE` varchar(20) NOT NULL,
  `SEQUENCE_TYPE` varchar(100) NOT NULL,
  PRIMARY KEY (`ID`)
) ENGINE=MyISAM DEFAULT CHARSET=latin1;

--
-- Dumping data for table `SEQUENCE_GENERATOR`
--

INSERT INTO `SEQUENCE_GENERATOR` (`ID`, `CURRENT_SEQUENCE`, `NEXT_SEQUENCE`, `SEQUENCE_SUB_TYPE`, `SEQUENCE_TYPE`) VALUES
(208, 4, 5, 'EMP', 'ADMISSION_NUMBER'),
(227, 160, 161, 'R15128', 'REGISTRATION_NUMBER'),
(235, 157, 158, 'A15128', 'ADMISSION_NUMBER'),
(828, 1, 2, 'TXFD16042013', 'FEE_DEDUCT'),
(832, 1, 2, 'TXFP16042013', 'FEE_DEPOSIT'),
(962, 1, 2, 'TXFP20042013', 'FEE_DEPOSIT'),
(975, 2, 3, 'TXFD20042013', 'FEE_DEDUCT'),
(1142, 1, 2, 'TXFD21042013', 'FEE_DEDUCT'),
(1147, 6, 7, 'TXFP21042013', 'FEE_DEPOSIT'),
(1257, 31, 32, 'TXFP27042013', 'FEE_DEPOSIT'),
(1260, 7, 8, 'TXFD27042013', 'FEE_DEDUCT'),
(1371, 6, 7, 'TXFD28042013', 'FEE_DEDUCT'),
(1376, 14, 15, 'TXFP28042013', 'FEE_DEPOSIT'),
(1439, 8, 9, 'TXFD29042013', 'FEE_DEDUCT'),
(1444, 25, 26, 'TXFP29042013', 'FEE_DEPOSIT'),
(1540, 16, 17, 'TXFD30042013', 'FEE_DEDUCT'),
(1545, 64, 65, 'TXFP30042013', 'FEE_DEPOSIT'),
(1805, 2, 3, 'TXFD01052013', 'FEE_DEDUCT'),
(1810, 3, 4, 'TXFP01052013', 'FEE_DEPOSIT'),
(1822, 43, 44, 'TXFP02052013', 'FEE_DEPOSIT'),
(1830, 12, 13, 'TXFD02052013', 'FEE_DEDUCT'),
(1984, 14, 15, 'TXFD03052013', 'FEE_DEDUCT'),
(1989, 56, 57, 'TXFP03052013', 'FEE_DEPOSIT'),
(2360, 37, 38, 'TXFP04052013', 'FEE_DEPOSIT'),
(2368, 8, 9, 'TXFD04052013', 'FEE_DEDUCT'),
(2589, 1, 2, 'TXFD05052013', 'FEE_DEDUCT'),
(2594, 3, 4, 'TXFP05052013', 'FEE_DEPOSIT'),
(2614, 14, 15, 'TXFP06052013', 'FEE_DEPOSIT'),
(2622, 4, 5, 'TXFD06052013', 'FEE_DEDUCT'),
(2694, 26, 27, 'TXFP07052013', 'FEE_DEPOSIT'),
(2771, 4, 5, 'TXFD07052013', 'FEE_DEDUCT'),
(2890, 77, 78, 'TXFP08052013', 'FEE_DEPOSIT'),
(2898, 18, 19, 'TXFD08052013', 'FEE_DEDUCT'),
(3397, 50, 51, 'TXFP09052013', 'FEE_DEPOSIT'),
(3405, 10, 11, 'TXFD09052013', 'FEE_DEDUCT'),
(3796, 22, 23, 'TXFP10052013', 'FEE_DEPOSIT'),
(4033, 68, 69, 'TXFP11052013', 'FEE_DEPOSIT');

-- --------------------------------------------------------

--
-- Table structure for table `SMS_PROVIDER`
--

CREATE TABLE IF NOT EXISTS `SMS_PROVIDER` (
  `ID` bigint(20) NOT NULL,
  `AUDIT_TIMESTAMP` datetime NOT NULL,
  `AUDIT_USER_NAME` varchar(255) NOT NULL,
  `VERSION` bigint(20) NOT NULL,
  `HOST` varchar(225) NOT NULL,
  `MESSAGE_KEY` varchar(225) NOT NULL,
  `PASSWORD` varchar(225) NOT NULL,
  `PASSWORD_KEY` varchar(225) NOT NULL,
  `PATH` varchar(225) NOT NULL,
  `ROUTE` varchar(225) NOT NULL,
  `ROUTE_KEY` varchar(225) NOT NULL,
  `SCHEME` varchar(20) NOT NULL,
  `SENDER_ID` varchar(225) NOT NULL,
  `SENDER_ID_KEY` varchar(225) NOT NULL,
  `SMS_PROVIDER_NAME` varchar(225) NOT NULL,
  `TO_KEY` varchar(225) NOT NULL,
  `USERNAME` varchar(225) NOT NULL,
  `USERNAME_KEY` varchar(225) NOT NULL,
  PRIMARY KEY (`ID`),
  UNIQUE KEY `SMS_PROVIDER_NAME` (`SMS_PROVIDER_NAME`)
) ENGINE=MyISAM DEFAULT CHARSET=latin1;

-- --------------------------------------------------------

--
-- Table structure for table `STATE`
--

CREATE TABLE IF NOT EXISTS `STATE` (
  `ID` bigint(20) NOT NULL,
  `ISO2_CODE` varchar(255) NOT NULL,
  `NAME` varchar(255) NOT NULL,
  `PRINTABLE_NAME` varchar(255) NOT NULL,
  `COUNTRY_ID` varchar(3) NOT NULL,
  PRIMARY KEY (`ID`),
  KEY `FK4B8CC7134EA89AF` (`COUNTRY_ID`)
) ENGINE=MyISAM DEFAULT CHARSET=latin1;

-- --------------------------------------------------------

--
-- Table structure for table `STUDENT`
--

CREATE TABLE IF NOT EXISTS `STUDENT` (
  `ID` bigint(20) NOT NULL,
  `AUDIT_TIMESTAMP` datetime NOT NULL,
  `AUDIT_USER_NAME` varchar(255) NOT NULL,
  `VERSION` bigint(20) NOT NULL,
  `FIRST_NAME` varchar(255) NOT NULL,
  `GENDER` varchar(10) NOT NULL,
  `LAST_NAME` varchar(255) NOT NULL,
  `MIDDLE_NAME` varchar(255) DEFAULT NULL,
  `ADMISSION_NR` varchar(20) DEFAULT NULL,
  `ADMISSION_STATUS` varchar(255) NOT NULL,
  `DATE_OF_BIRTH` date NOT NULL,
  `EXTERNAL_ADMISSION_NR` varchar(20) DEFAULT NULL,
  `MOTHER_TONGUE` varchar(50) NOT NULL,
  `NATIONALITY` varchar(50) NOT NULL,
  `PREVIOUS_QUALIFIED_EDUCATION` varchar(40) DEFAULT NULL,
  `REGISTRATION_NR` varchar(50) DEFAULT NULL,
  `RELIGION` varchar(50) NOT NULL,
  `RESERVATION` varchar(50) NOT NULL,
  `RESIDENCE` varchar(255) NOT NULL,
  `studentAttendanceForMonth` tinyblob,
  `STUDENT_STATUS` varchar(255) NOT NULL,
  `SUBMITTED_DATE` date DEFAULT NULL,
  `USER_ACCOUNT_ID` bigint(20) DEFAULT NULL,
  `ACCEPTED_CLASS_ID` bigint(20) DEFAULT NULL,
  `ADDRESS_ID` bigint(20) DEFAULT NULL,
  `APPLIED_ACADEMIC_YEAR_ID` bigint(20) NOT NULL,
  `APPLIED_BATCH_ID` bigint(20) NOT NULL,
  `APPLIED_CLASS_ID` bigint(20) NOT NULL,
  `BRANCH_ID` bigint(20) NOT NULL,
  `COUNTRY_OF_BIRTH` varchar(3) DEFAULT NULL,
  `STUDENT_CLASSFN_TYPE_BB_ID` bigint(20) DEFAULT NULL,
  `APPLICATION_FORM_FEE` double DEFAULT NULL,
  PRIMARY KEY (`ID`),
  UNIQUE KEY `ADMISSION_NR` (`ADMISSION_NR`),
  UNIQUE KEY `REGISTRATION_NR` (`REGISTRATION_NR`),
  UNIQUE KEY `BRANCH_ID` (`BRANCH_ID`,`EXTERNAL_ADMISSION_NR`),
  KEY `FKBACA0E1B7CADBC46` (`STUDENT_CLASSFN_TYPE_BB_ID`),
  KEY `FKBACA0E1BD0ECBF6` (`APPLIED_ACADEMIC_YEAR_ID`),
  KEY `FKBACA0E1B5F385DF1` (`APPLIED_BATCH_ID`),
  KEY `FKBACA0E1BC9C05F59` (`USER_ACCOUNT_ID`),
  KEY `FKBACA0E1B66488A2B` (`COUNTRY_OF_BIRTH`),
  KEY `FKBACA0E1B43FEC4EF` (`ADDRESS_ID`),
  KEY `FKBACA0E1BEDFC0939` (`APPLIED_CLASS_ID`),
  KEY `FKBACA0E1BCF26425` (`BRANCH_ID`),
  KEY `FKBACA0E1BB7F094F` (`ACCEPTED_CLASS_ID`)
) ENGINE=MyISAM DEFAULT CHARSET=latin1;

--
-- Dumping data for table `STUDENT`
--

INSERT INTO `STUDENT` (`ID`, `AUDIT_TIMESTAMP`, `AUDIT_USER_NAME`, `VERSION`, `FIRST_NAME`, `GENDER`, `LAST_NAME`, `MIDDLE_NAME`, `ADMISSION_NR`, `ADMISSION_STATUS`, `DATE_OF_BIRTH`, `EXTERNAL_ADMISSION_NR`, `MOTHER_TONGUE`, `NATIONALITY`, `PREVIOUS_QUALIFIED_EDUCATION`, `REGISTRATION_NR`, `RELIGION`, `RESERVATION`, `RESIDENCE`, `studentAttendanceForMonth`, `STUDENT_STATUS`, `SUBMITTED_DATE`, `USER_ACCOUNT_ID`, `ACCEPTED_CLASS_ID`, `ADDRESS_ID`, `APPLIED_ACADEMIC_YEAR_ID`, `APPLIED_BATCH_ID`, `APPLIED_CLASS_ID`, `BRANCH_ID`, `COUNTRY_OF_BIRTH`, `STUDENT_CLASSFN_TYPE_BB_ID`, `APPLICATION_FORM_FEE`) VALUES
(229, '2013-04-15 01:35:52', 'pradeepb', 4, 'SHIKHA ', 'FEMALE', 'SHUKLA', '', 'A151280000001', 'ADMITTED', '1996-07-11', '150', 'TELUGU', 'INDIAN', 'SSC', 'R151280000001', 'HINDU', 'NA', 'DAY_SCHOOLER', NULL, 'ACTIVE', '2013-04-15', NULL, 81, 228, 76, 79, 81, 41, NULL, 38, NULL),
(242, '2013-04-15 01:43:40', 'pradeepb', 4, 'GAYATRI', 'FEMALE', 'INDUKURI', '', 'A151280000002', 'ADMITTED', '1996-08-28', '41', 'TELUGU', 'INDIAN', 'SSC', 'R151280000002', 'HINDU', 'NA', 'DAY_SCHOOLER', NULL, 'ACTIVE', '2013-04-15', NULL, 81, 241, 76, 79, 81, 41, NULL, 38, NULL),
(254, '2013-04-15 01:51:29', 'pradeepb', 4, 'SURYA VAISHNAVI', 'FEMALE', 'CHITTURI', '', 'A151280000003', 'ADMITTED', '1997-03-12', '85', 'TELUGU', 'INDIAN', 'SSC', 'R151280000003', 'HINDU', 'NA', 'DAY_SCHOOLER', NULL, 'ACTIVE', '2013-04-15', NULL, 81, 253, 76, 79, 81, 41, NULL, 38, NULL),
(266, '2013-04-15 08:53:20', 'pradeepb', 4, 'KOMALADEVI', 'FEMALE', 'CH', '', 'A151280000004', 'ADMITTED', '1997-12-26', '04', 'TELUGU', 'INDIAN', 'TENTH', 'R151280000004', 'HINDU', 'NA', 'DAY_SCHOOLER', NULL, 'ACTIVE', '2013-04-15', NULL, 81, 265, 76, 79, 81, 41, NULL, 38, NULL),
(278, '2013-04-15 08:59:32', 'pradeepb', 4, 'TWINKLE', 'FEMALE', 'MUPPATHIKA', '', 'A151280000005', 'ADMITTED', '1997-02-04', '242', 'TELUGU', 'INDIAN', 'SSC', 'R151280000005', 'HINDU', 'SC', 'DAY_SCHOOLER', NULL, 'ACTIVE', '2013-04-15', NULL, 81, 277, 76, 79, 81, 41, NULL, 38, NULL),
(290, '2013-04-15 09:03:17', 'pradeepb', 4, 'SRAVYA', 'FEMALE', 'S', '', 'A151280000006', 'ADMITTED', '1997-01-15', '03', 'TELUGU', 'INDIAN', 'SSC', 'R151280000006', 'HINDU', 'BC-B', 'DAY_SCHOOLER', NULL, 'ACTIVE', '2013-04-15', NULL, 81, 289, 76, 79, 81, 41, NULL, 38, NULL),
(302, '2013-04-15 09:13:18', 'pradeepb', 4, 'DHARANI', 'FEMALE', 'KOTAPATI', '', 'A151280000007', 'ADMITTED', '1997-06-24', '06', 'TELUGU', 'INDIAN', 'SSC', 'R151280000007', 'HINDU', 'NA', 'DAY_SCHOOLER', NULL, 'ACTIVE', '2013-04-15', NULL, 81, 301, 76, 79, 81, 41, NULL, 38, NULL),
(314, '2013-04-15 09:17:39', 'pradeepb', 4, 'SUSHMA', 'FEMALE', 'C', '', 'A151280000008', 'ADMITTED', '1997-08-22', '07', 'TELUGU', 'INDIAN', 'SSC', 'R151280000008', 'HINDU', 'NA', 'DAY_SCHOOLER', NULL, 'ACTIVE', '2013-04-15', NULL, 81, 313, 76, 79, 81, 41, NULL, 38, NULL),
(326, '2013-04-15 09:23:45', 'pradeepb', 4, 'SREE SESHU TEHEJASWI', 'FEMALE', 'R', '', 'A151280000009', 'ADMITTED', '1997-02-22', '23', 'TELUGU', 'INDIAN', 'SSC', 'R151280000009', 'HINDU', 'NA', 'DAY_SCHOOLER', NULL, 'ACTIVE', '2013-04-15', NULL, 81, 325, 76, 79, 81, 41, NULL, 38, NULL),
(338, '2013-04-15 09:29:13', 'pradeepb', 4, 'MAHATHI', 'FEMALE', 'GANGARAM', '', 'A151280000010', 'ADMITTED', '1997-08-28', '31', 'TELUGUQ', 'INDIAN', 'SSC', 'R151280000010', 'HINDU', 'NA', 'DAY_SCHOOLER', NULL, 'ACTIVE', '2013-04-15', NULL, 81, 337, 76, 79, 81, 41, NULL, 38, NULL),
(350, '2013-04-15 22:58:51', 'pradeepb', 4, 'LAVANYA', 'FEMALE', 'KUNCHALA', '', 'A151280000011', 'ADMITTED', '1997-06-30', '54', 'TELUGU', 'INDIAN', 'SSC', 'R151280000011', 'HINDU', 'NA', 'DAY_SCHOOLER', NULL, 'ACTIVE', '2013-04-15', NULL, 81, 349, 76, 79, 81, 41, NULL, 38, NULL),
(362, '2013-04-15 23:07:12', 'pradeepb', 4, 'DURGA BHAVANI', 'FEMALE', 'SANGABATTULA', '', 'A151280000012', 'ADMITTED', '1996-09-25', '56', 'TELUGU', 'INDIAN', 'SSC', 'R151280000012', 'HINDU', 'NA', 'DAY_SCHOOLER', NULL, 'ACTIVE', '2013-04-15', NULL, 81, 361, 76, 79, 81, 41, NULL, 38, NULL),
(374, '2013-04-15 23:13:22', 'pradeepb', 4, 'AMRUTHA', 'FEMALE', 'AMANCHERLA', '', 'A151280000013', 'ADMITTED', '1997-06-20', '75', 'TELUGU', 'INDIAN', 'SSC', 'R151280000013', 'HINDU', 'NA', 'DAY_SCHOOLER', NULL, 'ACTIVE', '2013-04-15', NULL, 81, 373, 76, 79, 81, 41, NULL, 38, NULL),
(386, '2013-04-15 23:32:16', 'pradeepb', 4, 'SAMYUKTHA', 'FEMALE', 'ALAMPALLY', '', 'A151280000014', 'ADMITTED', '1997-03-10', '91', 'TELUGU', 'INDIAN', 'SSC', 'R151280000014', 'HINDU', 'NA', 'DAY_SCHOOLER', NULL, 'ACTIVE', '2013-04-15', NULL, 81, 385, 76, 79, 81, 41, NULL, 39, NULL),
(398, '2013-04-15 23:37:53', 'pradeepb', 5, 'HARSHA VARDHANI', 'FEMALE', 'MUNDESHWAR', '', 'A151280000015', 'ADMITTED', '1996-08-10', '93', 'TELUGU', 'INDIAN', 'SSC', 'R151280000015', 'HINDU', 'BC-B', 'DAY_SCHOOLER', NULL, 'ACTIVE', '2013-04-15', NULL, 81, 397, 76, 79, 81, 41, NULL, NULL, NULL),
(410, '2013-04-15 23:42:53', 'pradeepb', 4, 'HARSHINI', 'FEMALE', 'S', '', 'A151280000016', 'ADMITTED', '1997-01-23', '109', 'TELUGU', 'INDIAN', 'ICSE', 'R151280000016', 'HINDU', 'BC-B', 'DAY_SCHOOLER', NULL, 'ACTIVE', '2013-04-15', NULL, 81, 409, 76, 79, 81, 41, NULL, 38, NULL),
(422, '2013-04-15 23:47:13', 'pradeepb', 4, 'POOJITHA REDDY', 'FEMALE', 'P', '', 'A151280000017', 'ADMITTED', '1997-08-17', '117', 'TELUGU', 'INDIAN', 'SSC', 'R151280000017', 'HINDU', 'OC', 'DAY_SCHOOLER', NULL, 'ACTIVE', '2013-04-15', NULL, 81, 421, 76, 79, 81, 41, NULL, 38, NULL),
(434, '2013-04-15 23:51:32', 'pradeepb', 4, 'AMULYA', 'FEMALE', 'SEGGOJU', '', 'A151280000018', 'ADMITTED', '1997-07-13', '143', 'TELUGU', 'INDIAN', 'SSC', 'R151280000018', 'HINDU', 'BC-B', 'DAY_SCHOOLER', NULL, 'ACTIVE', '2013-04-15', NULL, 81, 433, 76, 79, 81, 41, NULL, 39, NULL),
(446, '2013-04-15 23:56:47', 'pradeepb', 4, 'SHALINI', 'FEMALE', 'KAVELLI', '', 'A151280000019', 'ADMITTED', '1997-05-21', '158', 'TELUGU', 'INDIAN', 'SSC', 'R151280000019', 'HINDU', 'NA', 'DAY_SCHOOLER', NULL, 'ACTIVE', '2013-04-15', NULL, 81, 445, 76, 79, 81, 41, NULL, 38, NULL),
(458, '2013-04-16 00:00:51', 'pradeepb', 4, 'MEGHANA', 'FEMALE', 'G', '', 'A151280000020', 'ADMITTED', '1996-12-02', '211', 'TELUGU', 'INDIAN', 'SSC', 'R151280000020', 'HINDU', 'NA', 'DAY_SCHOOLER', NULL, 'ACTIVE', '2013-04-16', NULL, 81, 457, 76, 79, 81, 41, NULL, 38, NULL),
(470, '2013-04-16 00:06:19', 'pradeepb', 4, 'SRIRAMYA', 'FEMALE', 'K', '', 'A151280000021', 'ADMITTED', '1996-06-01', '183', 'TELUGU', 'INDIAN', 'SSC', 'R151280000021', 'HINDU', 'NA', 'DAY_SCHOOLER', NULL, 'ACTIVE', '2013-04-16', NULL, 81, 469, 76, 79, 81, 41, NULL, 38, NULL),
(482, '2013-04-16 00:09:52', 'pradeepb', 4, 'DIVYA KISHORE', 'FEMALE', 'BAID', '', 'A151280000022', 'ADMITTED', '1996-01-25', '90', 'TELUGU', 'INDIAN', 'SSC', 'R151280000022', 'HINDU', 'NA', 'DAY_SCHOOLER', NULL, 'ACTIVE', '2013-04-16', NULL, 81, 481, 76, 79, 81, 41, NULL, 38, NULL),
(494, '2013-04-16 00:17:36', 'pradeepb', 4, 'SRAVANI', 'FEMALE', 'MUDHASANI', '', 'A151280000023', 'ADMITTED', '1996-06-13', '194', 'TELUGU', 'INDIAN', 'SSC', 'R151280000023', 'HINDU', 'NA', 'DAY_SCHOOLER', NULL, 'ACTIVE', '2013-04-16', NULL, 81, 493, 76, 79, 81, 41, NULL, 38, NULL),
(506, '2013-04-16 00:21:57', 'pradeepb', 4, 'VIDYA', 'FEMALE', 'GIDDALURU', '', 'A151280000024', 'ADMITTED', '1997-03-31', '201', 'TELUGU', 'INDIAN', 'SSC', 'R151280000024', 'HINDU', 'BC-D', 'DAY_SCHOOLER', NULL, 'ACTIVE', '2013-04-16', NULL, 81, 505, 76, 79, 81, 41, NULL, 37, NULL),
(518, '2013-04-16 00:26:28', 'pradeepb', 4, 'MADHAVI LATHA', 'FEMALE', 'G', '', 'A151280000025', 'ADMITTED', '1997-05-15', '205', 'TELUGU', 'INDIAN', 'SSC', 'R151280000025', 'HINDU', 'NA', 'DAY_SCHOOLER', NULL, 'ACTIVE', '2013-04-16', NULL, 81, 517, 76, 79, 81, 41, NULL, 38, NULL),
(530, '2013-04-16 00:30:06', 'pradeepb', 4, 'NAVITHA', 'FEMALE', 'TANGEDAPALLI', '', 'A151280000026', 'ADMITTED', '1996-06-09', '212', 'TELUGU', 'INDIAN', 'SSC', 'R151280000026', 'HINDU', 'BC-D', 'DAY_SCHOOLER', NULL, 'ACTIVE', '2013-04-16', NULL, 81, 529, 76, 79, 81, 41, NULL, 38, NULL),
(542, '2013-04-16 00:35:24', 'pradeepb', 5, 'SRAVANTHI', 'FEMALE', 'SRIKANDA', '', 'A151280000027', 'ADMITTED', '1996-11-16', '217', 'TELUGU', 'INDIAN', 'SSC', 'R151280000027', 'HINDU', 'BC-B', 'DAY_SCHOOLER', NULL, 'ACTIVE', '2013-04-16', NULL, 81, 541, 76, 79, 81, 41, NULL, NULL, NULL),
(554, '2013-04-16 00:38:54', 'pradeepb', 4, 'PREETI', 'FEMALE', 'N', '', 'A151280000028', 'ADMITTED', '1997-06-03', '221', 'TELUGU', 'INDIAN', 'SSC', 'R151280000028', 'HINDU', 'BC-B', 'DAY_SCHOOLER', NULL, 'ACTIVE', '2013-04-16', NULL, 81, 553, 76, 79, 81, 41, NULL, 38, NULL),
(566, '2013-04-16 00:55:21', 'pradeepb', 4, 'BALA SREE', 'FEMALE', 'MATHI', '', 'A151280000029', 'ADMITTED', '1997-03-31', '224', 'TELUGU', 'INDIAN', 'SSC', 'R151280000029', 'HINDU', 'OC', 'DAY_SCHOOLER', NULL, 'ACTIVE', '2013-04-16', NULL, 81, 565, 76, 79, 81, 41, NULL, 38, NULL),
(578, '2013-04-16 01:00:39', 'pradeepb', 4, 'KOMALA PRIYA', 'FEMALE', 'G', '', 'A151280000030', 'ADMITTED', '1996-09-07', '260', 'TELUGU', 'INDIAN', 'SSC', 'R151280000030', 'HINDU', 'NA', 'DAY_SCHOOLER', NULL, 'ACTIVE', '2013-04-16', NULL, 81, 577, 76, 79, 81, 41, NULL, 38, NULL),
(590, '2013-04-16 01:05:08', 'pradeepb', 4, 'GAGANPREET ', 'FEMALE', 'KAUR', '', 'A151280000031', 'ADMITTED', '1996-01-18', '274', 'TELUGU', 'INDIAN', 'ICSE', 'R151280000031', 'HINDU', 'NA', 'DAY_SCHOOLER', NULL, 'ACTIVE', '2013-04-16', NULL, 81, 589, 76, 79, 81, 41, NULL, 38, NULL),
(602, '2013-04-16 01:11:12', 'pradeepb', 4, 'TREASA', 'FEMALE', 'KUNDHURU', '', 'A151280000032', 'ADMITTED', '1997-01-10', '295', 'TELUGU', 'INDIAN', 'SSC', 'R151280000032', 'CHRISTIANS', 'OC', 'DAY_SCHOOLER', NULL, 'ACTIVE', '2013-04-16', NULL, 81, 601, 76, 79, 81, 41, NULL, 38, NULL),
(614, '2013-04-16 01:17:00', 'pradeepb', 4, 'SRIKARI', 'FEMALE', 'DASARI', '', 'A151280000033', 'ADMITTED', '1996-03-28', '325', 'TELUGU', 'INDIAN', 'SSC', 'R151280000033', 'HINDU', 'BC-B', 'DAY_SCHOOLER', NULL, 'ACTIVE', '2013-04-16', NULL, 81, 613, 76, 79, 81, 41, NULL, 38, NULL),
(626, '2013-04-16 01:22:21', 'pradeepb', 4, 'NAGA MANJU VANI', 'FEMALE', 'O', '', 'A151280000034', 'ADMITTED', '1996-08-22', '335', 'TELUGU', 'INDIAN', 'SSC', 'R151280000034', 'HINDU', 'BC-A', 'DAY_SCHOOLER', NULL, 'ACTIVE', '2013-04-16', NULL, 81, 625, 76, 79, 81, 41, NULL, 38, NULL),
(638, '2013-04-16 01:26:13', 'pradeepb', 4, 'HARINI', 'FEMALE', 'M', '', 'A151280000035', 'ADMITTED', '1996-12-26', '348', 'TELUGU', 'INDIAN', 'SSC', 'R151280000035', 'HINDU', 'NA', 'DAY_SCHOOLER', NULL, 'ACTIVE', '2013-04-16', NULL, 81, 637, 76, 79, 81, 41, NULL, 38, NULL),
(650, '2013-04-16 04:51:46', 'pradeepb', 4, 'SOUNDARYA', 'FEMALE', 'S', '', 'A151280000036', 'ADMITTED', '1997-02-25', '349', 'TELUGU', 'INDIAN', 'SSC', 'R151280000036', 'HINDU', 'NA', 'DAY_SCHOOLER', NULL, 'ACTIVE', '2013-04-16', NULL, 81, 649, 76, 79, 81, 41, NULL, 38, NULL),
(662, '2013-04-16 04:59:33', 'pradeepb', 4, 'NAGA', 'FEMALE', 'R', 'SUDHEERA', 'A151280000037', 'ADMITTED', '1997-05-02', '363', 'TELUGU', 'INDIAN', 'SSC', 'R151280000037', 'HINDU', 'NA', 'DAY_SCHOOLER', NULL, 'ACTIVE', '2013-04-16', NULL, 81, 661, 76, 79, 81, 41, NULL, 38, NULL),
(836, '2013-04-18 23:39:20', 'pradeepb', 4, 'VIJAYA LAXMI', 'FEMALE', 'NAYAKUVADI', '', 'A151280000038', 'ADMITTED', '1996-08-23', '364', 'TELUGU', 'INDIAN', 'SSC', 'R151280000038', 'HINDU', 'BC-D', 'DAY_SCHOOLER', NULL, 'ACTIVE', '2013-04-18', NULL, 81, 835, 76, 79, 81, 41, NULL, 38, NULL),
(852, '2013-04-18 23:50:27', 'pradeepb', 4, 'LAKSHMI TRIVENI', 'FEMALE', 'CHANDRA', '', 'A151280000039', 'ADMITTED', '1996-10-06', '414', 'TELUGU', 'INDIAN', 'SSC', 'R151280000039', 'HINDU', 'OC', 'DAY_SCHOOLER', NULL, 'ACTIVE', '2013-04-18', NULL, 81, 851, 76, 79, 81, 41, NULL, 38, NULL),
(864, '2013-04-18 23:56:49', 'pradeepb', 4, 'SWETHA', 'FEMALE', 'MALIGE', '', 'A151280000040', 'ADMITTED', '1997-04-18', '433', 'TELUGU', 'INDIAN', 'SSC', 'R151280000040', 'HINDU', 'BC-A', 'DAY_SCHOOLER', NULL, 'ACTIVE', '2013-04-18', NULL, 81, 863, 76, 79, 81, 41, NULL, 38, NULL),
(876, '2013-04-19 00:16:04', 'pradeepb', 4, 'ANUSHA', 'FEMALE', 'R', '', 'A151280000041', 'ADMITTED', '1997-10-28', '447', 'TELUGU', 'INDIAN', 'SSC', 'R151280000041', 'HINDU', 'SC', 'DAY_SCHOOLER', NULL, 'ACTIVE', '2013-04-19', NULL, 81, 875, 76, 79, 81, 41, NULL, 38, NULL),
(888, '2013-04-19 00:28:03', 'pradeepb', 4, 'SAI PRIYA', 'FEMALE', 'KATTA', '', 'A151280000042', 'ADMITTED', '1996-09-26', '461', 'TELUGU', 'INDIAN', 'SSC', 'R151280000042', 'HINDU', 'OC', 'DAY_SCHOOLER', NULL, 'ACTIVE', '2013-04-19', NULL, 81, 887, 76, 79, 81, 41, NULL, 38, NULL),
(900, '2013-04-19 23:35:46', 'pradeepb', 4, 'SINDU', 'FEMALE', 'K', '', 'A151280000043', 'ADMITTED', '1996-12-08', '484', 'TELUGU', 'INDIAN', 'SSC', 'R151280000043', 'HINDU', 'OTHERS', 'DAY_SCHOOLER', NULL, 'ACTIVE', '2013-04-19', NULL, 81, 899, 76, 79, 81, 41, NULL, 39, NULL),
(920, '2013-04-19 23:52:32', 'pradeepb', 4, 'INDU', 'FEMALE', 'K', '', 'A151280000044', 'ADMITTED', '1996-12-08', '483', 'TELUGU', 'INDIAN', 'SSC', 'R151280000044', 'HINDU', 'OC', 'DAY_SCHOOLER', NULL, 'ACTIVE', '2013-04-19', NULL, 81, 919, 76, 79, 81, 41, NULL, 39, NULL),
(932, '2013-04-19 23:59:39', 'pradeepb', 4, 'NAVYA', 'FEMALE', 'CH', 'SHREE', 'A151280000045', 'ADMITTED', '1996-07-15', '529', 'TELUGU', 'INDIAN', 'SSC', 'R151280000045', 'HINDU', 'NA', 'DAY_SCHOOLER', NULL, 'ACTIVE', '2013-04-19', NULL, 81, 931, 76, 79, 81, 41, NULL, 38, NULL),
(944, '2013-04-20 00:14:11', 'pradeepb', 4, 'LAKSHMI', 'FEMALE', 'CH.', 'GAYATRI', 'A151280000046', 'ADMITTED', '1996-08-02', '268', 'TELUGU', 'INDIAN', 'SSC', 'R151280000046', 'HINDU', 'NL', 'DAY_SCHOOLER', NULL, 'ACTIVE', '2013-04-20', NULL, 81, 943, 76, 79, 81, 41, NULL, 38, NULL),
(985, '2013-04-20 02:20:43', 'pradeepb', 4, 'SAI BHARGAVI', 'FEMALE', 'V', '', 'A151280000047', 'ADMITTED', '1996-08-24', '34', 'TELUGU', 'INDIAN', 'SSC', 'R151280000047', 'HINDU', 'NA', 'DAY_SCHOOLER', NULL, 'ACTIVE', '2013-04-20', NULL, 81, 984, 76, 79, 81, 41, NULL, 38, NULL),
(1163, '2013-04-23 00:43:36', 'pradeepb', 4, 'SHANMITHA', 'FEMALE', 'L', '', 'A151280000048', 'ADMITTED', '1997-06-14', '35', 'TELUGU', 'INDIAN', 'SSC', 'R151280000048', 'HIDU', 'NA', 'DAY_SCHOOLER', NULL, 'ACTIVE', '2013-04-23', NULL, 81, 1162, 76, 79, 81, 41, NULL, 38, NULL),
(1176, '2013-04-23 01:02:21', 'pradeepb', 4, 'PRASANNA', 'FEMALE', 'BANDIYALA', '', 'A151280000049', 'ADMITTED', '1996-01-09', '79', 'TELUGU', 'INDIAN', 'SSC', 'R151280000049', 'HINDU', 'NA', 'DAY_SCHOOLER', NULL, 'ACTIVE', '2013-04-23', NULL, 81, 1175, 76, 79, 81, 41, NULL, 37, NULL),
(1193, '2013-04-23 02:42:23', 'pradeepb', 4, 'DURGA SHIRISHA', 'FEMALE', 'MOKA', '', 'A151280000050', 'ADMITTED', '2013-03-03', '251', 'TELUGU', 'INDIAN', 'SSC', 'R151280000050', 'HINDU', 'BC-A', 'DAY_SCHOOLER', NULL, 'ACTIVE', '2013-04-23', NULL, 81, 1192, 76, 79, 81, 41, NULL, 38, NULL),
(1206, '2013-04-23 02:48:53', 'pradeepb', 4, 'KEERTHI', 'FEMALE', 'JOGI', '', 'A151280000051', 'ADMITTED', '1996-02-29', '94', 'TELUGU', 'INDIAN', 'SSC', 'R151280000051', 'HINDU', 'BC-B', 'DAY_SCHOOLER', NULL, 'ACTIVE', '2013-04-23', NULL, 81, 1205, 76, 79, 81, 41, NULL, 38, NULL),
(1219, '2013-04-23 07:29:45', 'pradeepb', 4, 'SRI VANI', 'FEMALE', 'V', '', 'A151280000052', 'ADMITTED', '1996-03-06', '309', 'TELUGU', 'INDIAN', 'ssc', 'R151280000052', 'HINDU', 'NA', 'DAY_SCHOOLER', NULL, 'ACTIVE', '2013-04-23', NULL, 81, 1218, 76, 79, 81, 41, NULL, 38, NULL),
(1232, '2013-04-23 07:36:38', 'pradeepb', 4, 'RINITHASPURTHI', 'FEMALE', 'BITRA', '', 'A151280000053', 'ADMITTED', '1996-12-24', '144', 'NA', 'INDIAN', 'NA', 'R151280000053', 'NA', 'NA', 'DAY_SCHOOLER', NULL, 'ACTIVE', '2013-04-23', NULL, 81, 1231, 76, 79, 81, 41, NULL, 38, NULL),
(1245, '2013-04-23 08:01:26', 'pradeepb', 4, 'TABASSUM', 'FEMALE', 'HUMERA', '', 'A151280000054', 'ADMITTED', '1996-08-31', '106', 'NA', 'INDIAN', 'SSC', 'R151280000054', 'MUSLIM', 'BC-E', 'DAY_SCHOOLER', NULL, 'ACTIVE', '2013-04-23', NULL, 81, 1244, 76, 79, 81, 41, NULL, 38, NULL),
(2013, '2013-05-03 02:17:19', 'pradeepb', 4, 'SINDHU BHARGAVI', 'FEMALE', 'A', '', 'A151280000055', 'ADMITTED', '1997-04-13', '197', 'TELUGU', 'INDIAN', 'SSC', 'R151280000055', 'HINDU', 'BC-D', 'DAY_SCHOOLER', NULL, 'ACTIVE', '2013-05-03', NULL, 81, 2012, 76, 79, 81, 41, NULL, 38, NULL),
(2047, '2013-05-03 02:41:46', 'pradeepb', 4, 'POOJITHA', 'FEMALE', 'CHINTHALAPATI', '', 'A151280000056', 'ADMITTED', '1996-11-24', '86', 'TELUGU', 'INDIAN', 'SSC', 'R151280000056', 'HINDU', 'OC', 'DAY_SCHOOLER', NULL, 'ACTIVE', '2013-05-03', NULL, 81, 2046, 76, 79, 81, 41, NULL, 38, NULL),
(2055, '2013-05-03 02:57:49', 'pradeepb', 4, 'LAVANYA', 'FEMALE', 'SURYAPETA', '', 'A151280000057', 'ADMITTED', '1996-07-10', '104', 'TELUGU', 'INDIAN', 'SSC', 'R151280000057', 'HINDU', 'NA', 'DAY_SCHOOLER', NULL, 'ACTIVE', '2013-05-03', NULL, 81, 2054, 76, 79, 81, 41, NULL, 39, NULL),
(2101, '2013-05-03 05:40:06', 'pradeepb', 3, 'KOKILA', 'FEMALE', 'PULIVARTHI', '', NULL, 'ACCEPTED', '1996-11-01', '118', 'TELUGU', 'INDIAN', 'SSC', 'R151280000058', 'HINDU', 'BC-B', 'DAY_SCHOOLER', NULL, 'ACCEPTED', '2013-05-03', NULL, 81, 2100, 76, 79, 81, 41, NULL, NULL, NULL),
(2118, '2013-05-03 05:50:51', 'pradeepb', 4, 'POOJA', 'FEMALE', 'R', '', 'A151280000058', 'ADMITTED', '1996-09-14', '139', 'TELUGU', 'INDIA', 'SSC', 'R151280000059', 'HINDU', 'OC', 'DAY_SCHOOLER', NULL, 'ACTIVE', '2013-05-03', NULL, 81, 2117, 76, 79, 81, 41, NULL, 38, NULL),
(2148, '2013-05-03 06:06:21', 'pradeepb', 4, 'PHANI JYOTHI', 'FEMALE', 'PEDAPATI', '', 'A151280000059', 'ADMITTED', '2012-02-24', '151', 'TELUGU', 'INDIAN', 'SSC', 'R151280000060', 'HINDU', 'NA', 'DAY_SCHOOLER', NULL, 'ACTIVE', '2013-05-03', NULL, 81, 2147, 76, 79, 81, 41, NULL, 38, NULL),
(2177, '2013-05-03 06:42:12', 'pradeepb', 4, 'GEETHA REVATHI', 'FEMALE', 'B', '', 'A151280000060', 'ADMITTED', '1996-10-25', '155', 'TELUGU', 'INDIAN', 'SSC', 'R151280000061', 'HINDU', 'OC', 'DAY_SCHOOLER', NULL, 'ACTIVE', '2013-05-03', NULL, 81, 2176, 76, 79, 81, 41, NULL, 38, NULL),
(2207, '2013-05-03 07:16:17', 'pradeepb', 4, 'GOVARDHANI', 'FEMALE', 'PAGIDI', '', 'A151280000061', 'ADMITTED', '1995-11-01', '157', 'TELUGU', 'INDIAN', 'CBSE', 'R151280000062', 'HINDU', 'NA', 'DAY_SCHOOLER', NULL, 'ACTIVE', '2013-05-03', NULL, 81, 2206, 76, 79, 81, 41, NULL, 38, NULL),
(2234, '2013-05-03 07:25:37', 'pradeepb', 4, 'SHALINI', 'FEMALE', 'K', '', 'A151280000062', 'ADMITTED', '1996-12-01', '154', 'TELUGU', 'INDIAN', 'SSC', 'R151280000063', 'HINDU', 'OC', 'DAY_SCHOOLER', NULL, 'ACTIVE', '2013-05-03', NULL, 81, 2233, 76, 79, 81, 41, NULL, 38, NULL),
(2258, '2013-05-03 07:32:18', 'pradeepb', 4, 'DIVYA', 'FEMALE', 'MUDIGONDA', '', 'A151280000063', 'ADMITTED', '1997-06-15', '159', 'TELUGU', 'INDIAN', 'SSC', 'R151280000064', 'HINDU', 'NA', 'DAY_SCHOOLER', NULL, 'ACTIVE', '2013-05-03', NULL, 81, 2257, 76, 79, 81, 41, NULL, 39, NULL),
(2288, '2013-05-03 07:41:47', 'pradeepb', 4, 'PRATHYUSHA', 'FEMALE', 'A', '', 'A151280000064', 'ADMITTED', '1997-08-08', '160', 'TELUGU', 'INDIAN', 'SSC', 'R151280000065', 'HINDU', 'SC', 'DAY_SCHOOLER', NULL, 'ACTIVE', '2013-05-03', NULL, 81, 2287, 76, 79, 81, 41, NULL, 38, NULL),
(2316, '2013-05-03 07:54:43', 'pradeepb', 4, 'NAVYA', 'FEMALE', 'SAMBARAJU', '', 'A151280000065', 'ADMITTED', '1997-03-03', '180', 'TELUGU', 'INDIAN', 'SSC', 'R151280000066', 'HINDU', 'BC-A', 'DAY_SCHOOLER', NULL, 'ACTIVE', '2013-05-03', NULL, 81, 2315, 76, 79, 81, 41, NULL, 38, NULL),
(2350, '2013-05-04 00:15:55', 'pradeepb', 4, 'DAIVIKA', 'FEMALE', 'GADDAM', '', 'A151280000066', 'ADMITTED', '1997-01-24', '231', 'TELUGU', 'INDIAN', 'SSC', 'R151280000067', 'HINDU', 'NA', 'DAY_SCHOOLER', NULL, 'ACTIVE', '2013-05-04', NULL, 81, 2349, 76, 79, 81, 41, NULL, 38, NULL),
(2379, '2013-05-04 01:01:11', 'pradeepb', 4, 'DIVYA', 'FEMALE', 'NUTHAKKI', '', 'A151280000067', 'ADMITTED', '1997-01-10', '236', 'TELUGU', 'INDIAN', 'SSC', 'R151280000068', 'HINDU', 'BC-B', 'DAY_SCHOOLER', NULL, 'ACTIVE', '2013-05-04', NULL, 81, 2378, 76, 79, 81, 41, NULL, 38, NULL),
(2405, '2013-05-04 01:10:24', 'pradeepb', 4, 'NARMADA', 'FEMALE', 'BAYYA', '', 'A151280000068', 'ADMITTED', '1997-02-02', '261', 'TELUGU', 'INDIAN', 'SSC', 'R151280000069', 'HINDU', 'NA', 'DAY_SCHOOLER', NULL, 'ACTIVE', '2013-05-04', NULL, 81, 2404, 76, 79, 81, 41, NULL, 38, NULL),
(2431, '2013-05-04 07:02:50', 'pradeepb', 4, 'SRAVANI', 'FEMALE', 'PUPPALA', '', 'A151280000069', 'ADMITTED', '1997-08-20', '279', 'TELUGU', 'INDIAN', 'SSC', 'R151280000070', 'HINDU', 'NA', 'DAY_SCHOOLER', NULL, 'ACTIVE', '2013-05-04', NULL, 81, 2430, 76, 79, 81, 41, NULL, 38, NULL),
(2462, '2013-05-04 07:25:05', 'pradeepb', 4, 'TULASI', 'FEMALE', 'KONDALA', '', 'A151280000070', 'ADMITTED', '1996-05-15', '18', 'TELUGU', 'INDIAN', 'SSC', 'R151280000071', 'HINDU', 'BC-D', 'DAY_SCHOOLER', NULL, 'ACTIVE', '2013-05-04', NULL, 81, 2461, 76, 79, 81, 41, NULL, 38, NULL),
(2486, '2013-05-04 07:32:47', 'pradeepb', 4, 'KOMALA', 'FEMALE', 'KESARIVASAM', '', 'A151280000071', 'ADMITTED', '1996-09-28', '25', 'TELUGU', 'INDIAN', 'CBSE', 'R151280000072', 'HINDU', 'NA', 'DAY_SCHOOLER', NULL, 'ACTIVE', '2013-05-04', NULL, 81, 2485, 76, 79, 81, 41, NULL, 38, NULL),
(2514, '2013-05-04 08:05:13', 'pradeepb', 4, 'CHANDRIKA', 'FEMALE', 'L', '', 'A151280000072', 'ADMITTED', '1997-05-31', '46', 'TELUGU', 'INDIAN', 'SSC', 'R151280000073', 'HINDU', 'NA', 'DAY_SCHOOLER', NULL, 'ACTIVE', '2013-05-04', NULL, 81, 2513, 76, 79, 81, 41, NULL, 38, NULL),
(2546, '2013-05-04 08:20:08', 'pradeepb', 4, 'KIRAN MADHURI', 'FEMALE', 'MADARI', '', 'A151280000073', 'ADMITTED', '1996-08-19', '53', 'TELUGU', 'INDIAN', 'SSC', 'R151280000074', 'HINDU', 'NA', 'DAY_SCHOOLER', NULL, 'ACTIVE', '2013-05-04', NULL, 81, 2545, 76, 79, 81, 41, NULL, 38, NULL),
(2570, '2013-05-04 08:35:37', 'pradeepb', 4, 'RAVALI', 'FEMALE', 'M', '', 'A151280000074', 'ADMITTED', '1996-12-24', '57', 'TELUGU', 'INDIAN', 'SSC', 'R151280000075', 'HINDU', 'NA', 'DAY_SCHOOLER', NULL, 'ACTIVE', '2013-05-04', NULL, 81, 2569, 76, 79, 81, 41, NULL, 38, NULL),
(2604, '2013-05-06 01:13:46', 'pradeepb', 4, 'SADHANA', 'FEMALE', 'SINGH', '', 'A151280000075', 'ADMITTED', '1996-02-23', '69', 'NA', 'INDIAN', 'SSC', 'R151280000076', 'HINDU', 'NA', 'DAY_SCHOOLER', NULL, 'ACTIVE', '2013-05-06', NULL, 81, 2603, 76, 79, 81, 41, NULL, 39, NULL),
(2637, '2013-05-06 01:26:46', 'pradeepb', 4, 'JHANSI NAGA JYOTHI', 'FEMALE', 'T', '', 'A151280000076', 'ADMITTED', '1995-06-21', '65', 'TELUGU', 'INDIAN', 'SSC', 'R151280000077', 'HINDU', 'NA', 'DAY_SCHOOLER', NULL, 'ACTIVE', '2013-05-06', NULL, 81, 2636, 76, 79, 81, 41, NULL, 38, NULL),
(2669, '2013-05-06 06:30:28', 'pradeepb', 4, 'SUPRAJA', 'FEMALE', 'MAHANKALI', '', 'A151280000077', 'ADMITTED', '1996-09-05', '73', 'TELUGU', 'INDIAN', 'SSC', 'R151280000078', 'HINDU', 'OC', 'DAY_SCHOOLER', NULL, 'ACTIVE', '2013-05-06', NULL, 81, 2668, 76, 79, 81, 41, NULL, 39, NULL),
(2701, '2013-05-07 02:42:08', 'pradeepb', 5, 'SONY', 'FEMALE', 'POOJARI', '', 'A151280000078', 'ADMITTED', '1996-11-29', '409', 'TELUGU', 'INDIAN', 'SSC', 'R151280000079', 'HINDU', 'BC-D', 'DAY_SCHOOLER', NULL, 'ACTIVE', '2013-05-07', NULL, 81, 2700, 76, 79, 81, 41, NULL, 38, NULL),
(2728, '2013-05-07 02:55:31', 'pradeepb', 4, 'CHANCHALI', 'FEMALE', 'KUMARI', '', NULL, 'ARCHIVE', '1995-09-12', '130', 'NA', 'INDIAN', 'SSC', 'R151280000080', 'HINDU', 'BC-A', 'DAY_SCHOOLER', NULL, 'ARCHIVE', '2013-05-07', NULL, 81, 2727, 77, 79, 81, 41, NULL, NULL, NULL),
(2736, '2013-05-07 05:14:06', 'pradeepb', 4, 'PRIYANKA', 'FEMALE', 'CHALLA', '', 'A151280000079', 'ADMITTED', '1997-04-09', '421', 'TELUGU', 'INDIAN', 'SSC', 'R151280000081', 'HINDU', 'OC', 'DAY_SCHOOLER', NULL, 'ACTIVE', '2013-05-07', NULL, 81, 2735, 76, 79, 81, 41, NULL, 38, NULL),
(2754, '2013-05-07 05:22:49', 'pradeepb', 4, 'SYED ', 'FEMALE', 'MAHENOOR', '', 'A151280000080', 'ADMITTED', '1995-07-23', '426', 'NA', 'INDIAN', 'SSC', 'R151280000082', 'MUSLIM', 'NA', 'DAY_SCHOOLER', NULL, 'ACTIVE', '2013-05-07', NULL, 81, 2753, 76, 79, 81, 41, NULL, 38, NULL),
(2787, '2013-05-07 05:40:32', 'pradeepb', 4, 'SWAPNA', 'FEMALE', 'ADDANKI', '', 'A151280000081', 'ADMITTED', '1997-08-01', '427', 'TELUGU', 'INDIAN', 'SSC', 'R151280000083', 'HINDU', 'NA', 'DAY_SCHOOLER', NULL, 'ACTIVE', '2013-05-07', NULL, 81, 2786, 76, 79, 81, 41, NULL, 38, NULL),
(2814, '2013-05-07 06:18:49', 'pradeepb', 5, 'RANI', 'FEMALE', 'AILIVINOY', '', NULL, 'ARCHIVE', '1997-02-16', '619', 'TELUGU', 'INDIAN', 'SSC', 'R151280000084', 'HINDU', 'BC-B', 'DAY_SCHOOLER', NULL, 'ARCHIVE', '2013-05-07', NULL, 81, 2813, 76, 79, 81, 41, NULL, NULL, NULL),
(2823, '2013-05-07 06:37:07', 'pradeepb', 4, 'VINDYA RANI', 'FEMALE', 'AILI', '', 'A151280000082', 'ADMITTED', '1997-02-16', '431A', 'TELUGU', 'INDIAN', 'SSC', 'R151280000085', 'HINDU', 'BC-B', 'DAY_SCHOOLER', NULL, 'ACTIVE', '2013-05-07', NULL, 81, 2822, 76, 79, 81, 41, NULL, 38, NULL),
(2849, '2013-05-07 23:52:49', 'pradeepb', 4, 'SRAVANI', 'FEMALE', 'YELURI', '', 'A151280000083', 'ADMITTED', '1996-06-10', '453', 'TELUGU', 'INDIAN', 'SSC', 'R151280000086', 'HINDU', 'NA', 'DAY_SCHOOLER', NULL, 'ACTIVE', '2013-05-07', NULL, 81, 2848, 76, 79, 81, 41, NULL, 38, NULL),
(2880, '2013-05-08 00:02:55', 'pradeepb', 4, 'SOUNDARYA', 'FEMALE', 'BIKKINI', '', 'A151280000084', 'ADMITTED', '1996-12-01', '454', 'TELUGU', 'INDIAN', 'SSC', 'R151280000087', 'HINDU', 'NA', 'DAY_SCHOOLER', NULL, 'ACTIVE', '2013-05-08', NULL, 81, 2879, 76, 79, 81, 41, NULL, 38, NULL),
(2911, '2013-05-08 01:44:39', 'pradeepb', 4, 'RAMYA SRI', 'FEMALE', 'S', '', 'A151280000085', 'ADMITTED', '1997-06-18', '464', 'TELUGU', 'INDIAN', 'SSC', 'R151280000088', 'HINDU', 'BC-B', 'DAY_SCHOOLER', NULL, 'ACTIVE', '2013-05-08', NULL, 81, 2910, 76, 79, 81, 41, NULL, 38, NULL),
(2941, '2013-05-08 02:03:08', 'pradeepb', 4, 'VYSHNAVI', 'FEMALE', 'SAANEM', '', 'A151280000086', 'ADMITTED', '1996-06-19', '01', 'TELUGU', 'INDIAN', 'SSC', 'R151280000089', 'HINDU', 'BC-B', 'DAY_SCHOOLER', NULL, 'ACTIVE', '2013-05-08', NULL, 81, 2940, 76, 79, 81, 41, NULL, 38, NULL),
(2968, '2013-05-08 02:17:18', 'pradeepb', 4, 'KIRANMAY', 'FEMALE', 'BHANOORI', '', 'A151280000087', 'ADMITTED', '0002-11-30', '477', 'TELUGU', 'INDIAN', 'SSC', 'R151280000090', 'HINDU', 'NA', 'DAY_SCHOOLER', NULL, 'ACTIVE', '2013-05-08', NULL, 81, 2967, 76, 79, 81, 41, NULL, 38, NULL),
(2995, '2013-05-08 02:27:25', 'pradeepb', 4, 'KEERTHIMAY', 'FEMALE', 'BHANOORI', '', 'A151280000088', 'ADMITTED', '0002-11-30', '476', 'TELUGU', 'INDIAN', 'SSC', 'R151280000091', 'HINDU', 'OC', 'DAY_SCHOOLER', NULL, 'ACTIVE', '2013-05-08', NULL, 81, 2994, 76, 79, 81, 41, NULL, 38, NULL),
(3013, '2013-05-08 02:49:55', 'pradeepb', 4, 'POOJA YADAV', 'FEMALE', 'M', '', 'A151280000089', 'ADMITTED', '1996-11-15', '488', 'TELUGU', 'INDIAN', 'SSC', 'R151280000092', 'HINDU', 'BC-D', 'DAY_SCHOOLER', NULL, 'ACTIVE', '2013-05-08', NULL, 81, 3012, 76, 79, 81, 41, NULL, 38, NULL),
(3043, '2013-05-08 03:29:09', 'pradeepb', 4, 'MANASA', 'FEMALE', 'K', '', 'A151280000090', 'ADMITTED', '1995-02-06', '531', 'TELUGU', 'INDIAN', 'SSC', 'R151280000093', 'HINDU', 'SC', 'DAY_SCHOOLER', NULL, 'ACTIVE', '2013-05-08', NULL, 81, 3042, 76, 79, 81, 41, NULL, 38, NULL),
(3074, '2013-05-08 05:11:47', 'pradeepb', 4, 'RAJESHWARI', 'FEMALE', 'B', '', 'A151280000091', 'ADMITTED', '1997-10-15', '406', 'TELUGU', 'INDIAN', 'SSC', 'R151280000094', 'HINDU', 'NA', 'DAY_SCHOOLER', NULL, 'ACTIVE', '2013-05-08', NULL, 81, 3073, 76, 79, 81, 41, NULL, 38, NULL),
(3108, '2013-05-08 05:39:35', 'pradeepb', 4, 'RAJESHWARI', 'FEMALE', 'P', '', 'A151280000092', 'ADMITTED', '1996-03-18', '413', 'TELUGU', 'INDIAN', 'SSC', 'R151280000095', 'HINDU', 'BC-D', 'DAY_SCHOOLER', NULL, 'ACTIVE', '2013-05-08', NULL, 81, 3107, 76, 79, 81, 41, NULL, 38, NULL),
(3134, '2013-05-08 06:54:44', 'pradeepb', 4, 'SINDHU', 'FEMALE', 'NAGAMALLA', '', 'A151280000093', 'ADMITTED', '1996-10-28', '415', 'TELUGU', 'INDIAN', 'SSC', 'R151280000096', 'HINDU', 'NA', 'DAY_SCHOOLER', NULL, 'ACTIVE', '2013-05-08', NULL, 81, 3133, 76, 79, 81, 41, NULL, 38, NULL),
(3162, '2013-05-08 07:26:51', 'pradeepb', 4, 'ROHITHA', 'FEMALE', 'CHENNAKESHAVULUA', '', 'A151280000094', 'ADMITTED', '1997-10-04', '418', 'TELUGU', 'INDIAN', 'SSC', 'R151280000097', 'HINDU', 'BC-B', 'DAY_SCHOOLER', NULL, 'ACTIVE', '2013-05-08', NULL, 81, 3161, 76, 79, 81, 41, NULL, 38, NULL),
(3191, '2013-05-08 07:37:41', 'pradeepb', 4, 'SANTHOSHINI', 'FEMALE', 'SHANKARGARI', '', 'A151280000095', 'ADMITTED', '1996-08-15', '419', 'TELUGU', 'INDIAN', 'SSC', 'R151280000098', 'HINDU', 'NA', 'DAY_SCHOOLER', NULL, 'ACTIVE', '2013-05-08', NULL, 81, 3190, 76, 79, 81, 41, NULL, 38, NULL),
(3215, '2013-05-08 07:47:09', 'pradeepb', 4, 'JYOTHI', 'FEMALE', 'MANCHANA', '', 'A151280000096', 'ADMITTED', '1995-12-22', '288', 'TELUGU', 'INDIAN', 'SSC', 'R151280000099', 'HINDU', 'NA', 'DAY_SCHOOLER', NULL, 'ACTIVE', '2013-05-08', NULL, 81, 3214, 76, 79, 81, 41, NULL, 38, NULL),
(3239, '2013-05-08 07:54:33', 'pradeepb', 4, 'PRAVALLIKA', 'FEMALE', 'SIGILIPELLI', '', 'A151280000097', 'ADMITTED', '1997-01-18', '304', 'TELUGU', 'INDIAN', 'SSC', 'R151280000100', 'HINDU', 'BC-A', 'DAY_SCHOOLER', NULL, 'ACTIVE', '2013-05-08', NULL, 81, 3238, 76, 79, 81, 41, NULL, 38, NULL),
(3277, '2013-05-08 08:03:14', 'pradeepb', 4, 'SRUTHI', 'FEMALE', 'PATNAM', '', 'A151280000098', 'ADMITTED', '0002-11-30', '325A', 'TELUGU', 'INDIAN', 'SSC', 'R151280000101', 'HINDU', 'BC-D', 'DAY_SCHOOLER', NULL, 'ACTIVE', '2013-05-08', NULL, 81, 3276, 76, 79, 81, 41, NULL, 38, NULL),
(3304, '2013-05-08 23:35:00', 'pradeepb', 4, 'DEVI', 'FEMALE', 'BOKKA', '', 'A151280000099', 'ADMITTED', '1996-12-11', '328', 'TELUGU', 'INDIAN', 'SSC', 'R151280000102', 'HINDU', 'BC-B', 'DAY_SCHOOLER', NULL, 'ACTIVE', '2013-05-08', NULL, 81, 3303, 76, 79, 81, 41, NULL, 38, NULL),
(3331, '2013-05-08 23:44:23', 'pradeepb', 4, 'ALEKHYA', 'FEMALE', 'SAPPIDI', '', 'A151280000100', 'ADMITTED', '1996-12-02', '339', 'TELUGU', 'INDIAN', 'SSC', 'R151280000103', 'HINDU', 'BC-D', 'DAY_SCHOOLER', NULL, 'ACTIVE', '2013-05-08', NULL, 81, 3330, 76, 79, 81, 41, NULL, 38, NULL),
(3360, '2013-05-08 23:53:26', 'pradeepb', 4, 'NAGA GOURI', 'FEMALE', 'GARIGIPARTHI', 'UMA MAHESHWARI', 'A151280000101', 'ADMITTED', '1997-06-04', '345', 'TELUGU', 'INDIAN', 'SSC', 'R151280000104', 'HINDU', 'NA', 'DAY_SCHOOLER', NULL, 'ACTIVE', '2013-05-08', NULL, 81, 3359, 76, 79, 81, 41, NULL, 38, NULL),
(3387, '2013-05-09 00:02:20', 'pradeepb', 4, 'SUKANYA', 'FEMALE', 'KALAVALA', '', 'A151280000102', 'ADMITTED', '1996-03-28', '365', 'TELUGU', 'INDIAN', 'SSC', 'R151280000105', 'HINDU', 'SC', 'DAY_SCHOOLER', NULL, 'ACTIVE', '2013-05-09', NULL, 81, 3386, 76, 79, 81, 41, NULL, 38, NULL),
(3424, '2013-05-09 00:12:26', 'pradeepb', 4, 'BHAVANI', 'FEMALE', 'BACHAGARI', '', 'A151280000103', 'ADMITTED', '1996-01-07', '557', 'TELUGU', 'INDIAN', 'SSC', 'R151280000106', 'HINDU', 'NA', 'DAY_SCHOOLER', NULL, 'ACTIVE', '2013-05-09', NULL, 81, 3423, 76, 79, 81, 41, NULL, 38, NULL),
(3452, '2013-05-09 00:48:27', 'pradeepb', 4, 'RUPASRI', 'FEMALE', 'PATCHIMALLA', '', 'A151280000104', 'ADMITTED', '1997-01-04', '378', 'TELUGU', 'INDIAN', 'SSC', 'R151280000107', 'HINDU', 'SC', 'DAY_SCHOOLER', NULL, 'ACTIVE', '2013-05-09', NULL, 81, 3451, 76, 79, 81, 41, NULL, 38, NULL),
(3476, '2013-05-09 00:57:14', 'pradeepb', 4, 'JOYTHSNA', 'FEMALE', 'G', '', 'A151280000105', 'ADMITTED', '1996-11-16', '392', 'TELUGU', 'INDIAN', 'SSC', 'R151280000108', 'HINDU', 'NA', 'DAY_SCHOOLER', NULL, 'ACTIVE', '2013-05-09', NULL, 81, 3475, 76, 79, 81, 41, NULL, 39, NULL),
(3508, '2013-05-09 01:22:05', 'pradeepb', 4, 'SRAVANTHI', 'FEMALE', 'E', '', 'A151280000106', 'ADMITTED', '0002-11-30', '124', 'TELUGU', 'INDIAN', 'SSC', 'R151280000109', 'HINDU', 'NA', 'DAY_SCHOOLER', NULL, 'ACTIVE', '2013-05-09', NULL, 81, 3507, 76, 79, 81, 41, NULL, 38, NULL),
(3538, '2013-05-09 01:37:40', 'pradeepb', 4, 'NIKHITHA', 'FEMALE', 'ARKAL', '', 'A151280000107', 'ADMITTED', '1995-09-24', '369', 'TELUGU', 'INDIAN', 'SSC', 'R151280000110', 'HINDU', 'NA', 'DAY_SCHOOLER', NULL, 'ACTIVE', '2013-05-09', NULL, 81, 3537, 76, 79, 81, 41, NULL, 38, NULL),
(3562, '2013-05-09 01:46:54', 'pradeepb', 4, 'MOUNIKA', 'FEMALE', 'ITTA', '', 'A151280000108', 'ADMITTED', '1995-12-17', '14', 'TELUGU', 'INDIAN', 'SSC', 'R151280000111', 'HINDU', 'NA', 'DAY_SCHOOLER', NULL, 'ACTIVE', '2013-05-09', NULL, 81, 3561, 76, 79, 81, 41, NULL, 38, NULL),
(3595, '2013-05-09 02:00:04', 'pradeepb', 4, 'SAI ALEKYA', 'FEMALE', 'Y', '', 'A151280000109', 'ADMITTED', '0002-11-30', '284', 'TELUGU', 'INDIAN', 'SSC', 'R151280000112', 'HINDU', 'OC', 'DAY_SCHOOLER', NULL, 'ACTIVE', '2013-05-09', NULL, 81, 3594, 76, 79, 81, 41, NULL, 38, NULL),
(3641, '2013-05-09 03:16:43', 'pradeepb', 4, 'MOUNIKA', 'FEMALE', 'THOKALA', '', 'A151280000110', 'ADMITTED', '1996-08-18', '486', 'TELUGU', 'INDIAN', 'SSC', 'R151280000113', 'HINDU', 'SC', 'HOSTEL', NULL, 'ACTIVE', '2013-05-09', NULL, 81, 3640, 76, 79, 81, 41, NULL, 38, NULL),
(3660, '2013-05-09 05:44:51', 'pradeepb', 4, 'PRAVALLIKA', 'FEMALE', 'A', '', 'A151280000111', 'ADMITTED', '1997-04-26', '191', 'TELUGU', 'INDIAN', 'SSC', 'R151280000114', 'HINDU', 'BC-D', 'HOSTEL', NULL, 'ACTIVE', '2013-05-09', NULL, 81, 3659, 76, 79, 81, 41, NULL, 38, NULL),
(3681, '2013-05-09 05:59:05', 'pradeepb', 4, 'LAVANYA', 'FEMALE', 'A', '', 'A151280000112', 'ADMITTED', '1997-04-16', '430', 'TELUGU', 'INDIAN', 'SSC', 'R151280000115', 'HINDU', 'BC-D', 'HOSTEL', NULL, 'ACTIVE', '2013-05-09', NULL, 81, 3680, 76, 79, 81, 41, NULL, 38, NULL),
(3702, '2013-05-09 06:05:54', 'pradeepb', 4, 'NEHA', 'FEMALE', 'ALUBAKA', '', 'A151280000113', 'ADMITTED', '1996-11-12', '45', 'TELUGU', 'INDIAN', 'SSC', 'R151280000116', 'HINDU', 'NA', 'HOSTEL', NULL, 'ACTIVE', '2013-05-09', NULL, 81, 3701, 76, 79, 81, 41, NULL, 38, NULL),
(3723, '2013-05-09 07:12:17', 'pradeepb', 4, 'NANDINI', 'FEMALE', 'A', '', 'A151280000114', 'ADMITTED', '0002-11-30', '367', 'TELUGU', 'INDIAN', 'SSC', 'R151280000117', 'HINDU', 'BC-B', 'HOSTEL', NULL, 'ACTIVE', '2013-05-09', NULL, 81, 3722, 76, 79, 81, 41, NULL, 38, NULL),
(3742, '2013-05-09 07:18:06', 'pradeepb', 4, 'DIVYA JOSHI', 'FEMALE', 'BARRORKAR', '', 'A151280000115', 'ADMITTED', '1996-09-03', '351', 'TELUGU', 'INDIAN', 'SSC', 'R151280000118', 'HINDU', 'OC', 'HOSTEL', NULL, 'ACTIVE', '2013-05-09', NULL, 81, 3741, 76, 79, 81, 41, NULL, 38, NULL),
(3763, '2013-05-09 07:47:12', 'pradeepb', 4, 'APARNA', 'FEMALE', 'DHUDI', '', 'A151280000116', 'ADMITTED', '1997-04-12', '396', 'TELUGU', 'INDIAN', 'SSC', 'R151280000119', 'HINDU', 'OC', 'HOSTEL', NULL, 'ACTIVE', '2013-05-09', NULL, 81, 3762, 76, 79, 81, 41, NULL, 38, NULL),
(3784, '2013-05-10 00:10:27', 'pradeepb', 4, 'SNEHALATHA', 'FEMALE', 'DASARI', '', 'A151280000117', 'ADMITTED', '0002-11-30', '425', 'TELUGU', 'INDIAN', 'SSC', 'R151280000120', 'HINDU', 'SC', 'HOSTEL', NULL, 'ACTIVE', '2013-05-10', NULL, 81, 3783, 76, 79, 81, 41, NULL, 38, NULL),
(3806, '2013-05-10 01:38:36', 'pradeepb', 4, 'AKSHITHA', 'FEMALE', 'D', '', 'A151280000118', 'ADMITTED', '1997-04-24', '366', 'TELUGU', 'INDIAN', 'SSC', 'R151280000121', 'HINDU', 'NA', 'HOSTEL', NULL, 'ACTIVE', '2013-05-10', NULL, 81, 3805, 76, 79, 81, 41, NULL, 38, NULL),
(3825, '2013-05-10 01:55:11', 'pradeepb', 4, 'MOUNIKA', 'FEMALE', 'G', '', 'A151280000119', 'ADMITTED', '1997-06-13', '493', 'TELUGU', 'INDIAN', 'SSC', 'R151280000122', 'HINDU', 'BC-A', 'HOSTEL', NULL, 'ACTIVE', '2013-05-10', NULL, 81, 3824, 76, 79, 81, 41, NULL, 38, NULL),
(3846, '2013-05-10 02:04:23', 'pradeepb', 4, 'SAI SREELEKHA', 'FEMALE', 'G', '', 'A151280000120', 'ADMITTED', '0002-11-30', '40', 'TELUGU', 'INDIAN', 'SSC', 'R151280000123', 'HINDU', 'NA', 'HOSTEL', NULL, 'ACTIVE', '2013-05-10', NULL, 81, 3845, 76, 79, 81, 41, NULL, 38, NULL),
(3869, '2013-05-10 02:11:07', 'pradeepb', 4, 'SRI VYNIKA', 'FEMALE', 'GONE', '', 'A151280000121', 'ADMITTED', '1997-07-12', '451', 'TELUGU', 'INDIAN', 'SSC', 'R151280000124', 'HINDU', 'NA', 'HOSTEL', NULL, 'ACTIVE', '2013-05-10', NULL, 81, 3868, 76, 79, 81, 41, NULL, 38, NULL),
(3890, '2013-05-10 02:52:43', 'pradeepb', 4, 'DEEPIKA', 'FEMALE', 'M', '', 'A151280000122', 'ADMITTED', '1997-03-05', '499', 'TELUGU', 'INDIAN', 'SSC', 'R151280000125', 'HINDU', 'OC', 'HOSTEL', NULL, 'ACTIVE', '2013-05-10', NULL, 81, 3889, 76, 79, 81, 41, NULL, 37, NULL),
(3911, '2013-05-10 04:32:18', 'pradeepb', 4, 'JYOTHIRIMAI', 'FEMALE', 'MADHAMSETTY', '', 'A151280000123', 'ADMITTED', '1996-09-23', '298', 'TELUGU', 'INDIAN', 'SSC', 'R151280000126', 'HINDU', 'OC', 'HOSTEL', NULL, 'ACTIVE', '2013-05-10', NULL, 81, 3910, 76, 79, 81, 41, NULL, 38, NULL),
(3932, '2013-05-10 04:44:19', 'pradeepb', 4, 'SHIRISHA', 'FEMALE', 'MOTHE', '', 'A151280000124', 'ADMITTED', '1996-02-20', '102', 'TELUGU', 'INDIAN', 'SSC', 'R151280000127', 'HINDU', 'OC', 'HOSTEL', NULL, 'ACTIVE', '2013-05-10', NULL, 81, 3931, 76, 79, 81, 41, NULL, 38, NULL),
(3953, '2013-05-10 04:50:12', 'pradeepb', 4, 'SWETHA', 'FEMALE', 'MVSN', '', 'A151280000125', 'ADMITTED', '1997-05-06', '262', 'TELUGU', 'INDIAN', 'SSC', 'R151280000128', 'HINDU', 'OC', 'HOSTEL', NULL, 'ACTIVE', '2013-05-10', NULL, 81, 3952, 76, 79, 81, 41, NULL, 38, NULL),
(3974, '2013-05-10 05:29:06', 'pradeepb', 4, 'SUSHMITHA', 'FEMALE', 'MANNE', '', 'A151280000126', 'ADMITTED', '1996-12-22', '379', 'TELUGU', 'INDIAN', 'SSC', 'R151280000129', 'HINDU', 'BC-D', 'HOSTEL', NULL, 'ACTIVE', '2013-05-10', NULL, 81, 3973, 76, 79, 81, 41, NULL, 38, NULL),
(3995, '2013-05-10 05:44:39', 'pradeepb', 4, 'NAVYA SREE SAI', 'FEMALE', 'MURAHARIKAR', '', 'A151280000127', 'ADMITTED', '1997-08-19', '37', 'TELUGU', 'INDIAN', 'SSC', 'R151280000130', 'HINDU', 'NA', 'HOSTEL', NULL, 'ACTIVE', '2013-05-10', NULL, 81, 3994, 76, 79, 81, 41, NULL, 38, NULL),
(4021, '2013-05-11 00:07:09', 'pradeepb', 4, 'SATYA YAMINI', 'FEMALE', 'MANYAM', '', 'A151280000128', 'ADMITTED', '0002-11-30', '455', 'TELUGU', 'INDIAN', 'SSC', 'R151280000131', 'HINDU', 'NA', 'HOSTEL', NULL, 'ACTIVE', '2013-05-11', NULL, 81, 4020, 76, 79, 81, 41, NULL, 38, NULL),
(4043, '2013-05-11 00:12:10', 'pradeepb', 4, 'SOWNDARYA', 'FEMALE', 'NAZARKAR', '', 'A151280000129', 'ADMITTED', '1996-07-26', '186', 'TELUGU', 'INDIAN ', 'SSC', 'R151280000132', 'HINDU', 'BC-D', 'HOSTEL', NULL, 'ACTIVE', '2013-05-11', NULL, 81, 4042, 76, 79, 81, 41, NULL, 38, NULL),
(4064, '2013-05-11 00:16:57', 'pradeepb', 4, 'NAVYA', 'FEMALE', 'PARVATHA', '', 'A151280000130', 'ADMITTED', '1996-04-26', '141', 'TELUGU', 'INDIAN', 'SSC', 'R151280000133', 'HINDU', 'OC', 'HOSTEL', NULL, 'ACTIVE', '2013-05-11', NULL, 81, 4063, 76, 79, 81, 41, NULL, 38, NULL),
(4085, '2013-05-11 00:22:00', 'pradeepb', 4, 'AMULYA', 'FEMALE', 'R', '', 'A151280000131', 'ADMITTED', '1996-03-10', '172', 'TELUGU', 'INDIAN', 'SSC', 'R151280000134', 'HINDU', 'NA', 'HOSTEL', NULL, 'ACTIVE', '2013-05-11', NULL, 81, 4084, 76, 79, 81, 41, NULL, 38, NULL),
(4104, '2013-05-11 00:29:14', 'pradeepb', 4, 'SAKSHITA', 'FEMALE', 'R', '', 'A151280000132', 'ADMITTED', '1997-03-11', '89', 'NA', 'INDIAN', 'OTHER BOARD', 'R151280000135', 'HINDU', 'OC', 'HOSTEL', NULL, 'ACTIVE', '2013-05-11', NULL, 81, 4103, 76, 79, 81, 41, NULL, 38, NULL),
(4141, '2013-05-11 01:37:13', 'pradeepb', 4, 'RITIKA', 'FEMALE', 'PALANGTOD', '', 'A151280000133', 'ADMITTED', '1996-10-23', '522', 'TELUGU', 'INDIAN', 'SSC', 'R151280000136', 'HINDU', 'BC-D', 'HOSTEL', NULL, 'ACTIVE', '2013-05-11', NULL, 81, 4140, 76, 79, 81, 41, NULL, 38, NULL),
(4162, '2013-05-11 01:39:11', 'apeironsol123', 5, 'Praveen', 'MALE', 'Attapuram', 'Reddy', 'A151280000134', 'ADMITTED', '0002-11-30', '439', 'Telugu', 'Indian', 'SSC', 'R151280000137', 'Hindu', 'OC', 'HOSTEL', NULL, 'ACTIVE', '2013-05-11', NULL, 81, 4161, 76, 79, 81, 41, NULL, 38, NULL),
(4171, '2013-05-11 01:49:51', 'apeironsol123', 4, 'Manish', 'MALE', 'Bangari', 'Kumar', 'A151280000135', 'ADMITTED', '1996-08-14', '390', 'Telugu', 'Indian', '10', 'R151280000138', 'Hindu', 'Gosangi', 'HOSTEL', NULL, 'ACTIVE', '2013-05-11', NULL, 81, 4170, 76, 79, 81, 41, NULL, 38, NULL),
(4206, '2013-05-11 01:56:56', 'apeironsol123', 4, 'Prashant', 'MALE', 'Mesram', '', 'A151280000136', 'ADMITTED', '1995-04-24', '380', 'Telugu', 'Indian', 'SSC', 'R151280000139', 'Hindu', 'ST', 'HOSTEL', NULL, 'ACTIVE', '2013-05-11', NULL, 81, 4205, 76, 79, 81, 41, NULL, 38, NULL),
(4227, '2013-05-11 02:02:58', 'apeironsol123', 4, 'Srikanth', 'MALE', 'Pitta', '', 'A151280000137', 'ADMITTED', '0002-11-30', '316', 'Telugu', 'Indian', 'SSC', 'R151280000140', 'Hindu', 'BC-D', 'HOSTEL', NULL, 'ACTIVE', '2013-05-11', NULL, 81, 4226, 76, 79, 81, 41, NULL, 38, NULL),
(4235, '2013-05-11 02:04:48', 'pradeepb', 4, 'PREETHI', 'FEMALE', 'S', 'REDDY', 'A151280000138', 'ADMITTED', '2012-06-20', '496', 'TELUGU', 'INDIAN', 'SSC', 'R151280000141', 'HINDU', 'OC', 'HOSTEL', NULL, 'ACTIVE', '2013-05-11', NULL, 81, 4234, 76, 79, 81, 41, NULL, 38, NULL),
(4254, '2013-05-11 02:05:19', 'apeironsol123', 3, 'Ranjan', 'MALE', 'N', 'Singh', NULL, 'ACCEPTED', '1995-12-13', '195', 'NA', 'Indian', '10', 'R151280000142', 'Hindu', 'NA', 'HOSTEL', NULL, 'ACCEPTED', '2013-05-11', NULL, 81, 4253, 77, 79, 81, 41, NULL, NULL, NULL),
(4280, '2013-05-11 02:09:21', 'pradeepb', 4, 'HEMASREE', 'FEMALE', 'S', '', 'A151280000139', 'ADMITTED', '1997-08-30', '265', 'TELUGU', 'INDIAN', 'SSC', 'R151280000143', 'HINDU', 'NA', 'HOSTEL', NULL, 'ACTIVE', '2013-05-11', NULL, 81, 4279, 76, 79, 81, 41, NULL, 38, NULL),
(4301, '2013-05-11 02:12:27', 'apeironsol123', 4, 'Bhanu Prakash', 'MALE', 'P', 'Reddy', 'A151280000140', 'ADMITTED', '1996-09-09', '208', 'Telugu', 'Indian', 'SSC', 'R151280000144', 'Hindu', 'NA', 'HOSTEL', NULL, 'ACTIVE', '2013-05-11', NULL, 81, 4300, 76, 79, 81, 41, NULL, 38, NULL),
(4309, '2013-05-11 02:13:30', 'pradeepb', 4, 'AKHILA', 'FEMALE', 'THUMMA', '', 'A151280000141', 'ADMITTED', '1996-10-21', '502', 'TELUGU', 'INDIAN', 'SSC', 'R151280000145', 'HINDU', 'OC', 'HOSTEL', NULL, 'ACTIVE', '2013-05-11', NULL, 81, 4308, 76, 79, 81, 41, NULL, 38, NULL),
(4328, '2013-05-11 02:14:14', 'apeironsol123', 4, 'Nikhil', 'MALE', 'U', 'Reddy', 'A151280000142', 'ADMITTED', '1996-02-21', '193', 'NA', 'Indian', '10', 'R151280000146', 'Hindu', 'NA', 'HOSTEL', NULL, 'ACTIVE', '2013-05-11', NULL, 81, 4327, 76, 79, 81, 41, NULL, 38, NULL),
(4367, '2013-05-11 02:18:37', 'pradeepb', 4, 'HARINI', 'FEMALE', 'VEERAPANENI', '', 'A151280000143', 'ADMITTED', '1997-08-30', '58', 'TELUGU', 'INDIAN', 'SSC', 'R151280000147', 'HINDU', 'OC', 'HOSTEL', NULL, 'ACTIVE', '2013-05-11', NULL, 81, 4366, 76, 79, 81, 41, NULL, 38, NULL),
(4372, '2013-05-11 02:18:44', 'apeironsol123', 4, 'Chandra Mouli', 'MALE', 'PVV', 'Varma', 'A151280000144', 'ADMITTED', '1996-11-13', '450', 'Telugu', 'Indian', 'SSC', 'R151280000148', 'Hindu', 'NA', 'HOSTEL', NULL, 'ACTIVE', '2013-05-11', NULL, 81, 4371, 76, 79, 81, 41, NULL, 38, NULL),
(4411, '2013-05-11 02:23:32', 'pradeepb', 4, 'SWETHA', 'FEMALE', 'V', '', 'A151280000145', 'ADMITTED', '1997-06-11', '442', 'TELUGU', 'INDIAN', 'SSC', 'R151280000149', 'HINDU', 'NA', 'HOSTEL', NULL, 'ACTIVE', '2013-05-11', NULL, 81, 4410, 76, 79, 81, 41, NULL, 38, NULL),
(4416, '2013-05-11 02:23:45', 'apeironsol123', 4, 'Srikanth', 'MALE', 'Kandula', 'Reddy', 'A151280000146', 'ADMITTED', '1995-06-05', '354', 'NA', 'Indian', '10', 'R151280000150', 'Hindu', 'OC', 'HOSTEL', NULL, 'ACTIVE', '2013-05-11', NULL, 81, 4415, 76, 79, 81, 41, NULL, 38, NULL),
(4439, '2013-05-11 02:24:38', 'apeironsol123', 4, 'Sai Vinooth', 'MALE', 'R', '', 'A151280000147', 'ADMITTED', '1997-12-12', '388', 'Telugu', 'Indian', 'SSC', 'R151280000151', 'Hindu', 'BC-A', 'HOSTEL', NULL, 'ACTIVE', '2013-05-11', NULL, 81, 4438, 76, 79, 81, 41, NULL, 38, NULL),
(4476, '2013-05-11 02:29:10', 'pradeepb', 6, 'NAWAZI', 'FEMALE', 'SULTANA', 'RAZIA', 'A151280000148', 'ADMITTED', '1996-03-22', '549', 'NA', 'INDIAN', 'SSC', 'R151280000152', 'MUSLIM', 'SSC', 'HOSTEL', NULL, 'ACTIVE', '2013-05-11', NULL, 81, 4475, 76, 79, 81, 41, NULL, 38, NULL),
(4484, '2013-05-11 02:31:09', 'apeironsol123', 4, 'Sampreeth', 'MALE', 'Duswetti', 'Kumar', 'A151280000149', 'ADMITTED', '1996-03-04', '512', 'Telugu', 'Indian', 'SSC', 'R151280000153', 'Hindu', 'BC-D', 'HOSTEL', NULL, 'ACTIVE', '2013-05-11', NULL, 81, 4483, 76, 79, 81, 41, NULL, 38, NULL),
(4508, '2013-05-11 02:32:10', 'apeironsol123', 4, 'Pavan', 'MALE', 'Mahankali', 'Kumar', 'A151280000150', 'ADMITTED', '0002-11-30', '291', 'NA', 'Indian', '10', 'R151280000154', 'Hindu', 'NA', 'HOSTEL', NULL, 'ACTIVE', '2013-05-11', NULL, 81, 4507, 76, 79, 81, 41, NULL, 38, NULL),
(4573, '2013-05-11 02:38:02', 'pradeepb', 4, 'SRAVYA', 'FEMALE', 'YARA', 'BHARATHI', 'A151280000152', 'ADMITTED', '1996-08-18', '550', 'TELUGU', 'INDIAN', 'SSC', 'R151280000155', 'HINDU', 'OC', 'HOSTEL', NULL, 'ACTIVE', '2013-05-11', NULL, 81, 4572, 76, 79, 81, 41, NULL, 38, NULL),
(4578, '2013-05-11 02:38:12', 'apeironsol123', 4, 'Krishna Vamsi', 'MALE', 'M', '', 'A151280000151', 'ADMITTED', '1996-03-29', '352', 'Telugu', 'Indian', 'SSC', 'R151280000156', 'Hindu', 'OC', 'HOSTEL', NULL, 'ACTIVE', '2013-05-11', NULL, 81, 4577, 76, 79, 81, 41, NULL, 38, NULL),
(4617, '2013-05-11 02:39:42', 'apeironsol123', 4, 'Gnanasai', 'MALE', 'K', '', 'A151280000153', 'ADMITTED', '1997-01-30', '68', 'NA', 'Indian', '10', 'R151280000157', 'Hindu', 'NA', 'HOSTEL', NULL, 'ACTIVE', '2013-05-11', NULL, 81, 4616, 76, 79, 81, 41, NULL, 38, NULL),
(4639, '2013-05-11 02:43:07', 'pradeepb', 4, 'VENKATA SRIVANI', 'FEMALE', 'SURE', '', 'A151280000155', 'ADMITTED', '1997-02-18', '417', 'TELUGU', 'INDIAN', 'SSC', 'R151280000158', 'HINDU', 'BC-B', 'HOSTEL', NULL, 'ACTIVE', '2013-05-11', NULL, 81, 4638, 76, 79, 81, 41, NULL, 38, NULL),
(4645, '2013-05-11 02:43:41', 'apeironsol123', 4, 'Vignan', 'MALE', 'K', 'Goud', 'A151280000154', 'ADMITTED', '0002-11-30', '210', 'Telugu', 'Indian', 'SSC', 'R151280000159', 'Hindu', 'BC-B', 'HOSTEL', NULL, 'ACTIVE', '2013-05-11', NULL, 81, 4644, 76, 79, 81, 41, NULL, 38, NULL),
(4681, '2013-05-11 02:49:37', 'apeironsol123', 4, 'Maniratnam', 'MALE', 'G', 'Reddy', 'A151280000156', 'ADMITTED', '1997-05-31', '209', 'Telugu', 'Indian', 'SSC', 'R151280000160', 'Hindu', 'NA', 'HOSTEL', NULL, 'ACTIVE', '2013-05-11', NULL, 81, 4680, 76, 79, 81, 41, NULL, 38, NULL),
(4686, '2013-05-11 02:49:51', 'apeironsol123', 3, 'Saichandu', 'MALE', 'Kasu', '', 'A151280000157', 'ADMITTED', '1997-06-04', '271', 'NA', 'Indian', '10', 'R151280000161', 'Hindu', 'BC-D', 'HOSTEL', NULL, 'ACTIVE', '2013-05-11', NULL, 81, 4685, 76, 79, 81, 41, NULL, 38, NULL);

-- --------------------------------------------------------

--
-- Table structure for table `STUDENT_ABSENT`
--

CREATE TABLE IF NOT EXISTS `STUDENT_ABSENT` (
  `ID` bigint(20) NOT NULL,
  `AUDIT_TIMESTAMP` datetime NOT NULL,
  `AUDIT_USER_NAME` varchar(255) NOT NULL,
  `VERSION` bigint(20) NOT NULL,
  `ABSENT_REASON` varchar(255) DEFAULT NULL,
  `ATTENDANCE_ID` bigint(20) NOT NULL,
  `STUDENT_ACADEMIC_YEAR_ID` bigint(20) NOT NULL,
  PRIMARY KEY (`ID`),
  UNIQUE KEY `STUDENT_ACADEMIC_YEAR_ID` (`STUDENT_ACADEMIC_YEAR_ID`,`ATTENDANCE_ID`),
  KEY `FKC74DC1DDAC13E29D` (`STUDENT_ACADEMIC_YEAR_ID`),
  KEY `FKC74DC1DDB0E8BD45` (`ATTENDANCE_ID`)
) ENGINE=MyISAM DEFAULT CHARSET=latin1;

-- --------------------------------------------------------

--
-- Table structure for table `STUDENT_ACADEMIC_YEAR`
--

CREATE TABLE IF NOT EXISTS `STUDENT_ACADEMIC_YEAR` (
  `ID` bigint(20) NOT NULL,
  `AUDIT_TIMESTAMP` datetime NOT NULL,
  `AUDIT_USER_NAME` varchar(255) NOT NULL,
  `VERSION` bigint(20) NOT NULL,
  `SEQUENCE_NR` int(11) NOT NULL,
  `ACADEMIC_YEAR_ID` bigint(20) NOT NULL,
  `BATCH_ID` bigint(20) NOT NULL,
  `PREVS_STU_ACAD_YEAR_ID` bigint(20) DEFAULT NULL,
  `STUDENT_ID` bigint(20) NOT NULL,
  PRIMARY KEY (`ID`),
  UNIQUE KEY `STUDENT_ID` (`STUDENT_ID`,`ACADEMIC_YEAR_ID`),
  KEY `FK636E2D51CE79206F` (`BATCH_ID`),
  KEY `FK636E2D518AED4B8F` (`STUDENT_ID`),
  KEY `FK636E2D51121C3074` (`ACADEMIC_YEAR_ID`),
  KEY `FK636E2D516444D3C1` (`PREVS_STU_ACAD_YEAR_ID`)
) ENGINE=MyISAM DEFAULT CHARSET=latin1;

--
-- Dumping data for table `STUDENT_ACADEMIC_YEAR`
--

INSERT INTO `STUDENT_ACADEMIC_YEAR` (`ID`, `AUDIT_TIMESTAMP`, `AUDIT_USER_NAME`, `VERSION`, `SEQUENCE_NR`, `ACADEMIC_YEAR_ID`, `BATCH_ID`, `PREVS_STU_ACAD_YEAR_ID`, `STUDENT_ID`) VALUES
(233, '2013-04-15 01:36:44', 'pradeepb', 0, 1, 76, 79, NULL, 229),
(246, '2013-04-15 01:44:40', 'pradeepb', 0, 1, 76, 79, NULL, 242),
(258, '2013-04-15 01:52:33', 'pradeepb', 0, 1, 76, 79, NULL, 254),
(270, '2013-04-15 08:53:51', 'pradeepb', 0, 1, 76, 79, NULL, 266),
(282, '2013-04-15 09:00:02', 'pradeepb', 0, 1, 76, 79, NULL, 278),
(294, '2013-04-15 09:03:48', 'pradeepb', 0, 1, 76, 79, NULL, 290),
(306, '2013-04-15 09:13:52', 'pradeepb', 0, 1, 76, 79, NULL, 302),
(318, '2013-04-15 09:18:04', 'pradeepb', 0, 1, 76, 79, NULL, 314),
(330, '2013-04-15 09:24:14', 'pradeepb', 0, 1, 76, 79, NULL, 326),
(342, '2013-04-15 09:29:45', 'pradeepb', 0, 1, 76, 79, NULL, 338),
(354, '2013-04-15 22:59:23', 'pradeepb', 0, 1, 76, 79, NULL, 350),
(366, '2013-04-15 23:07:59', 'pradeepb', 0, 1, 76, 79, NULL, 362),
(378, '2013-04-15 23:13:48', 'pradeepb', 0, 1, 76, 79, NULL, 374),
(390, '2013-04-15 23:33:33', 'pradeepb', 0, 1, 76, 79, NULL, 386),
(402, '2013-04-15 23:38:19', 'pradeepb', 0, 1, 76, 79, NULL, 398),
(414, '2013-04-15 23:43:23', 'pradeepb', 0, 1, 76, 79, NULL, 410),
(426, '2013-04-15 23:47:37', 'pradeepb', 0, 1, 76, 79, NULL, 422),
(438, '2013-04-15 23:52:05', 'pradeepb', 0, 1, 76, 79, NULL, 434),
(450, '2013-04-15 23:57:11', 'pradeepb', 0, 1, 76, 79, NULL, 446),
(462, '2013-04-16 00:01:15', 'pradeepb', 0, 1, 76, 79, NULL, 458),
(474, '2013-04-16 00:06:47', 'pradeepb', 0, 1, 76, 79, NULL, 470),
(486, '2013-04-16 00:10:30', 'pradeepb', 0, 1, 76, 79, NULL, 482),
(498, '2013-04-16 00:18:02', 'pradeepb', 0, 1, 76, 79, NULL, 494),
(510, '2013-04-16 00:22:27', 'pradeepb', 0, 1, 76, 79, NULL, 506),
(522, '2013-04-16 00:26:54', 'pradeepb', 0, 1, 76, 79, NULL, 518),
(534, '2013-04-16 00:30:42', 'pradeepb', 0, 1, 76, 79, NULL, 530),
(546, '2013-04-16 00:35:52', 'pradeepb', 0, 1, 76, 79, NULL, 542),
(558, '2013-04-16 00:39:17', 'pradeepb', 0, 1, 76, 79, NULL, 554),
(570, '2013-04-16 00:55:47', 'pradeepb', 0, 1, 76, 79, NULL, 566),
(582, '2013-04-16 01:01:05', 'pradeepb', 0, 1, 76, 79, NULL, 578),
(594, '2013-04-16 01:06:08', 'pradeepb', 0, 1, 76, 79, NULL, 590),
(606, '2013-04-16 01:12:00', 'pradeepb', 0, 1, 76, 79, NULL, 602),
(618, '2013-04-16 01:17:57', 'pradeepb', 0, 1, 76, 79, NULL, 614),
(630, '2013-04-16 01:22:55', 'pradeepb', 0, 1, 76, 79, NULL, 626),
(642, '2013-04-16 01:26:41', 'pradeepb', 0, 1, 76, 79, NULL, 638),
(654, '2013-04-16 04:53:01', 'pradeepb', 0, 1, 76, 79, NULL, 650),
(666, '2013-04-16 05:00:56', 'pradeepb', 0, 1, 76, 79, NULL, 662),
(840, '2013-04-18 23:40:11', 'pradeepb', 0, 1, 76, 79, NULL, 836),
(856, '2013-04-18 23:51:34', 'pradeepb', 0, 1, 76, 79, NULL, 852),
(868, '2013-04-18 23:57:30', 'pradeepb', 0, 1, 76, 79, NULL, 864),
(880, '2013-04-19 00:16:43', 'pradeepb', 0, 1, 76, 79, NULL, 876),
(892, '2013-04-19 00:28:36', 'pradeepb', 0, 1, 76, 79, NULL, 888),
(912, '2013-04-19 23:45:38', 'pradeepb', 0, 1, 76, 79, NULL, 900),
(924, '2013-04-19 23:53:43', 'pradeepb', 0, 1, 76, 79, NULL, 920),
(936, '2013-04-20 00:05:18', 'pradeepb', 0, 1, 76, 79, NULL, 932),
(948, '2013-04-20 00:15:11', 'pradeepb', 0, 1, 76, 79, NULL, 944),
(989, '2013-04-20 02:21:17', 'pradeepb', 0, 1, 76, 79, NULL, 985),
(1167, '2013-04-23 00:44:28', 'pradeepb', 0, 1, 76, 79, NULL, 1163),
(1180, '2013-04-23 01:03:13', 'pradeepb', 0, 1, 76, 79, NULL, 1176),
(1197, '2013-04-23 02:42:56', 'pradeepb', 0, 1, 76, 79, NULL, 1193),
(1210, '2013-04-23 02:51:08', 'pradeepb', 0, 1, 76, 79, NULL, 1206),
(1223, '2013-04-23 07:30:38', 'pradeepb', 0, 1, 76, 79, NULL, 1219),
(1236, '2013-04-23 07:37:13', 'pradeepb', 0, 1, 76, 79, NULL, 1232),
(1249, '2013-04-23 08:02:16', 'pradeepb', 0, 1, 76, 79, NULL, 1245),
(2018, '2013-05-03 02:18:24', 'pradeepb', 0, 1, 76, 79, NULL, 2013),
(2052, '2013-05-03 02:43:13', 'pradeepb', 0, 1, 76, 79, NULL, 2047),
(2060, '2013-05-03 02:59:13', 'pradeepb', 0, 1, 76, 79, NULL, 2055),
(2105, '2013-05-03 05:40:57', 'pradeepb', 0, 1, 76, 79, NULL, 2101),
(2123, '2013-05-03 05:51:30', 'pradeepb', 0, 1, 76, 79, NULL, 2118),
(2153, '2013-05-03 06:08:01', 'pradeepb', 0, 1, 76, 79, NULL, 2148),
(2182, '2013-05-03 06:44:06', 'pradeepb', 0, 1, 76, 79, NULL, 2177),
(2212, '2013-05-03 07:17:32', 'pradeepb', 0, 1, 76, 79, NULL, 2207),
(2239, '2013-05-03 07:26:29', 'pradeepb', 0, 1, 76, 79, NULL, 2234),
(2263, '2013-05-03 07:33:07', 'pradeepb', 0, 1, 76, 79, NULL, 2258),
(2293, '2013-05-03 07:42:59', 'pradeepb', 0, 1, 76, 79, NULL, 2288),
(2321, '2013-05-03 07:55:36', 'pradeepb', 0, 1, 76, 79, NULL, 2316),
(2355, '2013-05-04 00:28:18', 'pradeepb', 0, 1, 76, 79, NULL, 2350),
(2384, '2013-05-04 01:02:22', 'pradeepb', 0, 1, 76, 79, NULL, 2379),
(2410, '2013-05-04 01:11:44', 'pradeepb', 0, 1, 76, 79, NULL, 2405),
(2436, '2013-05-04 07:04:16', 'pradeepb', 0, 1, 76, 79, NULL, 2431),
(2467, '2013-05-04 07:26:31', 'pradeepb', 0, 1, 76, 79, NULL, 2462),
(2491, '2013-05-04 07:34:45', 'pradeepb', 0, 1, 76, 79, NULL, 2486),
(2519, '2013-05-04 08:06:28', 'pradeepb', 0, 1, 76, 79, NULL, 2514),
(2551, '2013-05-04 08:24:58', 'pradeepb', 0, 1, 76, 79, NULL, 2546),
(2575, '2013-05-04 08:36:56', 'pradeepb', 0, 1, 76, 79, NULL, 2570),
(2609, '2013-05-06 01:14:47', 'pradeepb', 0, 1, 76, 79, NULL, 2604),
(2642, '2013-05-06 01:28:07', 'pradeepb', 0, 1, 76, 79, NULL, 2637),
(2674, '2013-05-06 06:31:41', 'pradeepb', 0, 1, 76, 79, NULL, 2669),
(2706, '2013-05-07 02:43:18', 'pradeepb', 0, 1, 76, 79, NULL, 2701),
(4146, '2013-05-11 01:37:59', 'pradeepb', 0, 1, 76, 79, NULL, 4141),
(2741, '2013-05-07 05:15:20', 'pradeepb', 0, 1, 76, 79, NULL, 2736),
(2759, '2013-05-07 05:23:37', 'pradeepb', 0, 1, 76, 79, NULL, 2754),
(2792, '2013-05-07 05:41:26', 'pradeepb', 0, 1, 76, 79, NULL, 2787),
(2828, '2013-05-07 06:38:29', 'pradeepb', 0, 1, 76, 79, NULL, 2823),
(2854, '2013-05-07 23:53:50', 'pradeepb', 0, 1, 76, 79, NULL, 2849),
(2885, '2013-05-08 00:03:46', 'pradeepb', 0, 1, 76, 79, NULL, 2880),
(2916, '2013-05-08 01:46:48', 'pradeepb', 0, 1, 76, 79, NULL, 2911),
(2946, '2013-05-08 02:04:22', 'pradeepb', 0, 1, 76, 79, NULL, 2941),
(2973, '2013-05-08 02:18:32', 'pradeepb', 0, 1, 76, 79, NULL, 2968),
(3000, '2013-05-08 02:28:14', 'pradeepb', 0, 1, 76, 79, NULL, 2995),
(3018, '2013-05-08 02:50:38', 'pradeepb', 0, 1, 76, 79, NULL, 3013),
(3048, '2013-05-08 03:30:05', 'pradeepb', 0, 1, 76, 79, NULL, 3043),
(3079, '2013-05-08 05:12:36', 'pradeepb', 0, 1, 76, 79, NULL, 3074),
(3113, '2013-05-08 05:40:52', 'pradeepb', 0, 1, 76, 79, NULL, 3108),
(3139, '2013-05-08 06:55:34', 'pradeepb', 0, 1, 76, 79, NULL, 3134),
(3167, '2013-05-08 07:27:32', 'pradeepb', 0, 1, 76, 79, NULL, 3162),
(3196, '2013-05-08 07:38:35', 'pradeepb', 0, 1, 76, 79, NULL, 3191),
(3220, '2013-05-08 07:48:16', 'pradeepb', 0, 1, 76, 79, NULL, 3215),
(3244, '2013-05-08 07:55:16', 'pradeepb', 0, 1, 76, 79, NULL, 3239),
(3282, '2013-05-08 08:04:06', 'pradeepb', 0, 1, 76, 79, NULL, 3277),
(3309, '2013-05-08 23:36:02', 'pradeepb', 0, 1, 76, 79, NULL, 3304),
(3336, '2013-05-08 23:45:17', 'pradeepb', 0, 1, 76, 79, NULL, 3331),
(3365, '2013-05-08 23:54:57', 'pradeepb', 0, 1, 76, 79, NULL, 3360),
(3392, '2013-05-09 00:02:58', 'pradeepb', 0, 1, 76, 79, NULL, 3387),
(3429, '2013-05-09 00:34:41', 'pradeepb', 0, 1, 76, 79, NULL, 3424),
(3457, '2013-05-09 00:49:48', 'pradeepb', 0, 1, 76, 79, NULL, 3452),
(3481, '2013-05-09 01:03:29', 'pradeepb', 0, 1, 76, 79, NULL, 3476),
(3513, '2013-05-09 01:22:58', 'pradeepb', 0, 1, 76, 79, NULL, 3508),
(3543, '2013-05-09 01:38:30', 'pradeepb', 0, 1, 76, 79, NULL, 3538),
(3567, '2013-05-09 01:47:49', 'pradeepb', 0, 1, 76, 79, NULL, 3562),
(3600, '2013-05-09 02:02:32', 'pradeepb', 0, 1, 76, 79, NULL, 3595),
(3646, '2013-05-09 03:17:34', 'pradeepb', 0, 1, 76, 79, NULL, 3641),
(3665, '2013-05-09 05:47:54', 'pradeepb', 0, 1, 76, 79, NULL, 3660),
(3686, '2013-05-09 06:01:03', 'pradeepb', 0, 1, 76, 79, NULL, 3681),
(3707, '2013-05-09 06:06:42', 'pradeepb', 0, 1, 76, 79, NULL, 3702),
(3728, '2013-05-09 07:13:01', 'pradeepb', 0, 1, 76, 79, NULL, 3723),
(3747, '2013-05-09 07:20:14', 'pradeepb', 0, 1, 76, 79, NULL, 3742),
(3768, '2013-05-09 23:51:31', 'pradeepb', 0, 1, 76, 79, NULL, 3763),
(3789, '2013-05-10 00:11:14', 'pradeepb', 0, 1, 76, 79, NULL, 3784),
(3810, '2013-05-10 01:39:34', 'pradeepb', 0, 1, 76, 79, NULL, 3806),
(3830, '2013-05-10 01:56:03', 'pradeepb', 0, 1, 76, 79, NULL, 3825),
(3851, '2013-05-10 02:06:12', 'pradeepb', 0, 1, 76, 79, NULL, 3846),
(3874, '2013-05-10 02:22:19', 'pradeepb', 0, 1, 76, 79, NULL, 3869),
(3895, '2013-05-10 02:55:22', 'pradeepb', 0, 1, 76, 79, NULL, 3890),
(3916, '2013-05-10 04:33:05', 'pradeepb', 0, 1, 76, 79, NULL, 3911),
(3937, '2013-05-10 04:45:12', 'pradeepb', 0, 1, 76, 79, NULL, 3932),
(3958, '2013-05-10 04:52:12', 'pradeepb', 0, 1, 76, 79, NULL, 3953),
(3979, '2013-05-10 05:30:18', 'pradeepb', 0, 1, 76, 79, NULL, 3974),
(4005, '2013-05-10 23:57:50', 'pradeepb', 0, 1, 76, 79, NULL, 3995),
(4026, '2013-05-11 00:07:51', 'pradeepb', 0, 1, 76, 79, NULL, 4021),
(4048, '2013-05-11 00:12:54', 'pradeepb', 0, 1, 76, 79, NULL, 4043),
(4069, '2013-05-11 00:17:42', 'pradeepb', 0, 1, 76, 79, NULL, 4064),
(4089, '2013-05-11 00:22:52', 'pradeepb', 0, 1, 76, 79, NULL, 4085),
(4109, '2013-05-11 00:29:58', 'pradeepb', 0, 1, 76, 79, NULL, 4104),
(4168, '2013-05-11 01:41:12', 'apeironsol123', 0, 1, 76, 79, NULL, 4162),
(4177, '2013-05-11 01:51:05', 'apeironsol123', 0, 1, 76, 79, NULL, 4171),
(4211, '2013-05-11 01:58:04', 'apeironsol123', 0, 1, 76, 79, NULL, 4206),
(4232, '2013-05-11 02:03:40', 'apeironsol123', 0, 1, 76, 79, NULL, 4227),
(4259, '2013-05-11 02:05:37', 'pradeepb', 0, 1, 76, 79, NULL, 4235),
(4277, '2013-05-11 02:06:55', 'apeironsol123', 0, 1, 77, 79, NULL, 4254),
(4285, '2013-05-11 02:10:03', 'pradeepb', 0, 1, 76, 79, NULL, 4280),
(4306, '2013-05-11 02:13:18', 'apeironsol123', 0, 1, 76, 79, NULL, 4301),
(4333, '2013-05-11 02:14:34', 'pradeepb', 0, 1, 76, 79, NULL, 4309),
(4351, '2013-05-11 02:15:19', 'apeironsol123', 0, 1, 76, 79, NULL, 4328),
(4378, '2013-05-11 02:19:31', 'pradeepb', 0, 1, 76, 79, NULL, 4367),
(4380, '2013-05-11 02:19:40', 'apeironsol123', 0, 1, 76, 79, NULL, 4372),
(4423, '2013-05-11 02:24:20', 'pradeepb', 0, 1, 76, 79, NULL, 4411),
(4444, '2013-05-11 02:24:53', 'apeironsol123', 0, 1, 76, 79, NULL, 4416),
(4447, '2013-05-11 02:25:18', 'apeironsol123', 0, 1, 76, 79, NULL, 4439),
(4481, '2013-05-11 02:30:38', 'pradeepb', 0, 1, 76, 79, NULL, 4476),
(4505, '2013-05-11 02:32:03', 'apeironsol123', 0, 1, 76, 79, NULL, 4484),
(4557, '2013-05-11 02:33:14', 'apeironsol123', 0, 1, 76, 79, NULL, 4508),
(4584, '2013-05-11 02:38:50', 'apeironsol123', 0, 1, 76, 79, NULL, 4578),
(4586, '2013-05-11 02:38:52', 'pradeepb', 0, 1, 76, 79, NULL, 4573),
(4623, '2013-05-11 02:40:29', 'apeironsol123', 0, 1, 76, 79, NULL, 4617),
(4650, '2013-05-11 02:44:21', 'apeironsol123', 0, 1, 76, 79, NULL, 4645),
(4652, '2013-05-11 02:44:27', 'pradeepb', 0, 1, 76, 79, NULL, 4639),
(4702, '2013-05-11 02:50:12', 'apeironsol123', 0, 1, 76, 79, NULL, 4681),
(4718, '2013-05-11 02:50:56', 'apeironsol123', 0, 1, 76, 79, NULL, 4686);

-- --------------------------------------------------------

--
-- Table structure for table `STUDENT_ADDITIONAL_FEE`
--

CREATE TABLE IF NOT EXISTS `STUDENT_ADDITIONAL_FEE` (
  `ID` bigint(20) NOT NULL,
  `AUDIT_TIMESTAMP` datetime NOT NULL,
  `AUDIT_USER_NAME` varchar(255) NOT NULL,
  `VERSION` bigint(20) NOT NULL,
  `AMOUNT` double NOT NULL,
  `DUE_DATE` date NOT NULL,
  `NAME` varchar(50) NOT NULL,
  `PAYMENT_FREQUENCY` varchar(50) NOT NULL,
  `SAF_TYPE` varchar(255) NOT NULL,
  `STUDENT_ACADEMIC_YEAR_ID` bigint(20) NOT NULL,
  PRIMARY KEY (`ID`),
  KEY `FK78F1BDF2AC13E29D` (`STUDENT_ACADEMIC_YEAR_ID`)
) ENGINE=MyISAM DEFAULT CHARSET=latin1;

-- --------------------------------------------------------

--
-- Table structure for table `STUDENT_ATTENDANCE`
--

CREATE TABLE IF NOT EXISTS `STUDENT_ATTENDANCE` (
  `ID` bigint(20) NOT NULL,
  `AUDIT_TIMESTAMP` datetime NOT NULL,
  `AUDIT_USER_NAME` varchar(255) NOT NULL,
  `VERSION` bigint(20) NOT NULL,
  `ABSENT_DATE` datetime DEFAULT NULL,
  `ABSENT_REASON` varchar(255) DEFAULT NULL,
  `SECTION_ID` bigint(20) NOT NULL,
  `STUDENT_ACADEMIC_YEAR_ID` bigint(20) NOT NULL,
  `ATTENDANCE_ID` bigint(20) NOT NULL,
  PRIMARY KEY (`ID`),
  UNIQUE KEY `STUDENT_ACADEMIC_YEAR_ID` (`STUDENT_ACADEMIC_YEAR_ID`,`SECTION_ID`,`ABSENT_DATE`),
  KEY `FKD89DC78DAC13E29D` (`STUDENT_ACADEMIC_YEAR_ID`),
  KEY `FKD89DC78DC7C9134F` (`SECTION_ID`),
  KEY `FKD89DC78DB0E8BD45` (`ATTENDANCE_ID`)
) ENGINE=MyISAM DEFAULT CHARSET=latin1;

-- --------------------------------------------------------

--
-- Table structure for table `STUDENT_EXAM_SUBJECT`
--

CREATE TABLE IF NOT EXISTS `STUDENT_EXAM_SUBJECT` (
  `ID` bigint(20) NOT NULL,
  `AUDIT_TIMESTAMP` datetime NOT NULL,
  `AUDIT_USER_NAME` varchar(255) NOT NULL,
  `VERSION` bigint(20) NOT NULL,
  `SCORED_MARKS` double DEFAULT NULL,
  `STUDENT_EXAM_STATUS` varchar(255) NOT NULL,
  `SECTION_EXAM_SUBJECT_ID` bigint(20) NOT NULL,
  `STUDENT_ACADEMIC_YEAR_ID` bigint(20) NOT NULL,
  PRIMARY KEY (`ID`),
  KEY `FK3C4008901897B1CC` (`SECTION_EXAM_SUBJECT_ID`),
  KEY `FK3C400890AC13E29D` (`STUDENT_ACADEMIC_YEAR_ID`)
) ENGINE=MyISAM DEFAULT CHARSET=latin1;

-- --------------------------------------------------------

--
-- Table structure for table `STUDENT_FEE`
--

CREATE TABLE IF NOT EXISTS `STUDENT_FEE` (
  `ID` bigint(20) NOT NULL,
  `AUDIT_TIMESTAMP` datetime NOT NULL,
  `AUDIT_USER_NAME` varchar(255) NOT NULL,
  `VERSION` bigint(20) NOT NULL,
  `FEE_CLASSFN` varchar(50) NOT NULL,
  `BRANCH_LEVEL_FEE_ID` bigint(20) DEFAULT NULL,
  `KLASS_LEVEL_FEE_ID` bigint(20) DEFAULT NULL,
  `STUDENT_ACADEMIC_YEAR_ID` bigint(20) NOT NULL,
  `STUDENT_LEVEL_FEE_ID` bigint(20) DEFAULT NULL,
  PRIMARY KEY (`ID`),
  KEY `FKCBBC7421DB1563D` (`STUDENT_LEVEL_FEE_ID`),
  KEY `FKCBBC742AC13E29D` (`STUDENT_ACADEMIC_YEAR_ID`),
  KEY `FKCBBC742271B2423` (`BRANCH_LEVEL_FEE_ID`),
  KEY `FKCBBC7421CE2B09D` (`KLASS_LEVEL_FEE_ID`)
) ENGINE=MyISAM DEFAULT CHARSET=latin1;

--
-- Dumping data for table `STUDENT_FEE`
--

INSERT INTO `STUDENT_FEE` (`ID`, `AUDIT_TIMESTAMP`, `AUDIT_USER_NAME`, `VERSION`, `FEE_CLASSFN`, `BRANCH_LEVEL_FEE_ID`, `KLASS_LEVEL_FEE_ID`, `STUDENT_ACADEMIC_YEAR_ID`, `STUDENT_LEVEL_FEE_ID`) VALUES
(237, '2013-04-15 01:37:21', 'pradeepb', 0, 'BRANCH_LEVEL', 192, NULL, 233, NULL),
(238, '2013-04-15 01:37:22', 'pradeepb', 0, 'KLASS_LEVEL', NULL, 91, 233, NULL),
(249, '2013-04-15 01:45:10', 'pradeepb', 0, 'BRANCH_LEVEL', 192, NULL, 246, NULL),
(250, '2013-04-15 01:45:11', 'pradeepb', 0, 'KLASS_LEVEL', NULL, 91, 246, NULL),
(261, '2013-04-15 01:52:53', 'pradeepb', 0, 'BRANCH_LEVEL', 192, NULL, 258, NULL),
(262, '2013-04-15 01:52:53', 'pradeepb', 0, 'KLASS_LEVEL', NULL, 91, 258, NULL),
(273, '2013-04-15 08:54:10', 'pradeepb', 0, 'BRANCH_LEVEL', 192, NULL, 270, NULL),
(274, '2013-04-15 08:54:11', 'pradeepb', 0, 'KLASS_LEVEL', NULL, 91, 270, NULL),
(285, '2013-04-15 09:00:16', 'pradeepb', 0, 'BRANCH_LEVEL', 192, NULL, 282, NULL),
(286, '2013-04-15 09:00:17', 'pradeepb', 0, 'KLASS_LEVEL', NULL, 91, 282, NULL),
(297, '2013-04-15 09:04:12', 'pradeepb', 0, 'BRANCH_LEVEL', 192, NULL, 294, NULL),
(298, '2013-04-15 09:04:12', 'pradeepb', 0, 'KLASS_LEVEL', NULL, 91, 294, NULL),
(309, '2013-04-15 09:14:03', 'pradeepb', 0, 'BRANCH_LEVEL', 192, NULL, 306, NULL),
(310, '2013-04-15 09:14:04', 'pradeepb', 0, 'KLASS_LEVEL', NULL, 91, 306, NULL),
(321, '2013-04-15 09:18:16', 'pradeepb', 0, 'BRANCH_LEVEL', 192, NULL, 318, NULL),
(322, '2013-04-15 09:18:16', 'pradeepb', 0, 'KLASS_LEVEL', NULL, 91, 318, NULL),
(333, '2013-04-15 09:24:26', 'pradeepb', 0, 'BRANCH_LEVEL', 192, NULL, 330, NULL),
(334, '2013-04-15 09:24:26', 'pradeepb', 0, 'KLASS_LEVEL', NULL, 91, 330, NULL),
(345, '2013-04-15 09:29:58', 'pradeepb', 0, 'BRANCH_LEVEL', 192, NULL, 342, NULL),
(346, '2013-04-15 09:29:58', 'pradeepb', 0, 'KLASS_LEVEL', NULL, 91, 342, NULL),
(357, '2013-04-15 22:59:38', 'pradeepb', 0, 'BRANCH_LEVEL', 192, NULL, 354, NULL),
(358, '2013-04-15 22:59:39', 'pradeepb', 0, 'KLASS_LEVEL', NULL, 91, 354, NULL),
(369, '2013-04-15 23:08:12', 'pradeepb', 0, 'BRANCH_LEVEL', 192, NULL, 366, NULL),
(370, '2013-04-15 23:08:12', 'pradeepb', 0, 'KLASS_LEVEL', NULL, 91, 366, NULL),
(381, '2013-04-15 23:15:19', 'pradeepb', 0, 'BRANCH_LEVEL', 192, NULL, 378, NULL),
(382, '2013-04-15 23:15:19', 'pradeepb', 0, 'KLASS_LEVEL', NULL, 91, 378, NULL),
(393, '2013-04-15 23:34:14', 'pradeepb', 0, 'BRANCH_LEVEL', 192, NULL, 390, NULL),
(394, '2013-04-15 23:34:14', 'pradeepb', 0, 'KLASS_LEVEL', NULL, 91, 390, NULL),
(405, '2013-04-15 23:38:35', 'pradeepb', 0, 'BRANCH_LEVEL', 192, NULL, 402, NULL),
(406, '2013-04-15 23:38:35', 'pradeepb', 0, 'KLASS_LEVEL', NULL, 91, 402, NULL),
(417, '2013-04-15 23:43:40', 'pradeepb', 0, 'BRANCH_LEVEL', 192, NULL, 414, NULL),
(418, '2013-04-15 23:43:40', 'pradeepb', 0, 'KLASS_LEVEL', NULL, 91, 414, NULL),
(429, '2013-04-15 23:47:52', 'pradeepb', 0, 'BRANCH_LEVEL', 192, NULL, 426, NULL),
(430, '2013-04-15 23:47:52', 'pradeepb', 0, 'KLASS_LEVEL', NULL, 91, 426, NULL),
(441, '2013-04-15 23:52:17', 'pradeepb', 0, 'BRANCH_LEVEL', 192, NULL, 438, NULL),
(442, '2013-04-15 23:52:17', 'pradeepb', 0, 'KLASS_LEVEL', NULL, 91, 438, NULL),
(453, '2013-04-15 23:57:22', 'pradeepb', 0, 'BRANCH_LEVEL', 192, NULL, 450, NULL),
(454, '2013-04-15 23:57:22', 'pradeepb', 0, 'KLASS_LEVEL', NULL, 91, 450, NULL),
(465, '2013-04-16 00:01:25', 'pradeepb', 0, 'BRANCH_LEVEL', 192, NULL, 462, NULL),
(466, '2013-04-16 00:01:25', 'pradeepb', 0, 'KLASS_LEVEL', NULL, 91, 462, NULL),
(477, '2013-04-16 00:06:58', 'pradeepb', 0, 'BRANCH_LEVEL', 192, NULL, 474, NULL),
(478, '2013-04-16 00:06:58', 'pradeepb', 0, 'KLASS_LEVEL', NULL, 91, 474, NULL),
(489, '2013-04-16 00:10:39', 'pradeepb', 0, 'BRANCH_LEVEL', 192, NULL, 486, NULL),
(490, '2013-04-16 00:10:39', 'pradeepb', 0, 'KLASS_LEVEL', NULL, 91, 486, NULL),
(501, '2013-04-16 00:18:13', 'pradeepb', 0, 'BRANCH_LEVEL', 192, NULL, 498, NULL),
(502, '2013-04-16 00:18:13', 'pradeepb', 0, 'KLASS_LEVEL', NULL, 91, 498, NULL),
(513, '2013-04-16 00:22:43', 'pradeepb', 0, 'BRANCH_LEVEL', 192, NULL, 510, NULL),
(514, '2013-04-16 00:22:43', 'pradeepb', 0, 'KLASS_LEVEL', NULL, 91, 510, NULL),
(525, '2013-04-16 00:27:07', 'pradeepb', 0, 'BRANCH_LEVEL', 192, NULL, 522, NULL),
(526, '2013-04-16 00:27:08', 'pradeepb', 0, 'KLASS_LEVEL', NULL, 91, 522, NULL),
(537, '2013-04-16 00:31:03', 'pradeepb', 0, 'BRANCH_LEVEL', 192, NULL, 534, NULL),
(538, '2013-04-16 00:31:03', 'pradeepb', 0, 'KLASS_LEVEL', NULL, 91, 534, NULL),
(549, '2013-04-16 00:36:06', 'pradeepb', 0, 'BRANCH_LEVEL', 192, NULL, 546, NULL),
(550, '2013-04-16 00:36:06', 'pradeepb', 0, 'KLASS_LEVEL', NULL, 91, 546, NULL),
(561, '2013-04-16 00:39:27', 'pradeepb', 0, 'BRANCH_LEVEL', 192, NULL, 558, NULL),
(562, '2013-04-16 00:39:27', 'pradeepb', 0, 'KLASS_LEVEL', NULL, 91, 558, NULL),
(573, '2013-04-16 00:56:04', 'pradeepb', 0, 'BRANCH_LEVEL', 192, NULL, 570, NULL),
(574, '2013-04-16 00:56:04', 'pradeepb', 0, 'KLASS_LEVEL', NULL, 91, 570, NULL),
(585, '2013-04-16 01:01:16', 'pradeepb', 0, 'BRANCH_LEVEL', 192, NULL, 582, NULL),
(586, '2013-04-16 01:01:16', 'pradeepb', 0, 'KLASS_LEVEL', NULL, 91, 582, NULL),
(597, '2013-04-16 01:06:23', 'pradeepb', 0, 'BRANCH_LEVEL', 192, NULL, 594, NULL),
(598, '2013-04-16 01:06:23', 'pradeepb', 0, 'KLASS_LEVEL', NULL, 91, 594, NULL),
(609, '2013-04-16 01:12:10', 'pradeepb', 0, 'BRANCH_LEVEL', 192, NULL, 606, NULL),
(610, '2013-04-16 01:12:10', 'pradeepb', 0, 'KLASS_LEVEL', NULL, 91, 606, NULL),
(621, '2013-04-16 01:18:07', 'pradeepb', 0, 'BRANCH_LEVEL', 192, NULL, 618, NULL),
(622, '2013-04-16 01:18:07', 'pradeepb', 0, 'KLASS_LEVEL', NULL, 91, 618, NULL),
(633, '2013-04-16 01:23:11', 'pradeepb', 0, 'BRANCH_LEVEL', 192, NULL, 630, NULL),
(634, '2013-04-16 01:23:11', 'pradeepb', 0, 'KLASS_LEVEL', NULL, 91, 630, NULL),
(645, '2013-04-16 01:26:54', 'pradeepb', 0, 'BRANCH_LEVEL', 192, NULL, 642, NULL),
(646, '2013-04-16 01:26:54', 'pradeepb', 0, 'KLASS_LEVEL', NULL, 91, 642, NULL),
(657, '2013-04-16 04:53:26', 'pradeepb', 0, 'BRANCH_LEVEL', 192, NULL, 654, NULL),
(658, '2013-04-16 04:53:26', 'pradeepb', 0, 'KLASS_LEVEL', NULL, 91, 654, NULL),
(669, '2013-04-16 05:01:19', 'pradeepb', 0, 'BRANCH_LEVEL', 192, NULL, 666, NULL),
(670, '2013-04-16 05:01:19', 'pradeepb', 0, 'KLASS_LEVEL', NULL, 91, 666, NULL),
(843, '2013-04-18 23:40:31', 'pradeepb', 0, 'BRANCH_LEVEL', 192, NULL, 840, NULL),
(844, '2013-04-18 23:40:32', 'pradeepb', 0, 'KLASS_LEVEL', NULL, 91, 840, NULL),
(859, '2013-04-18 23:52:02', 'pradeepb', 0, 'BRANCH_LEVEL', 192, NULL, 856, NULL),
(860, '2013-04-18 23:52:03', 'pradeepb', 0, 'KLASS_LEVEL', NULL, 91, 856, NULL),
(871, '2013-04-18 23:57:50', 'pradeepb', 0, 'BRANCH_LEVEL', 192, NULL, 868, NULL),
(872, '2013-04-18 23:57:50', 'pradeepb', 0, 'KLASS_LEVEL', NULL, 91, 868, NULL),
(883, '2013-04-19 00:16:57', 'pradeepb', 0, 'BRANCH_LEVEL', 192, NULL, 880, NULL),
(884, '2013-04-19 00:16:57', 'pradeepb', 0, 'KLASS_LEVEL', NULL, 91, 880, NULL),
(895, '2013-04-19 00:28:52', 'pradeepb', 0, 'BRANCH_LEVEL', 192, NULL, 892, NULL),
(896, '2013-04-19 00:28:52', 'pradeepb', 0, 'KLASS_LEVEL', NULL, 91, 892, NULL),
(915, '2013-04-19 23:46:58', 'pradeepb', 0, 'BRANCH_LEVEL', 192, NULL, 912, NULL),
(916, '2013-04-19 23:46:58', 'pradeepb', 0, 'KLASS_LEVEL', NULL, 91, 912, NULL),
(927, '2013-04-19 23:55:03', 'pradeepb', 0, 'BRANCH_LEVEL', 192, NULL, 924, NULL),
(928, '2013-04-19 23:55:04', 'pradeepb', 0, 'KLASS_LEVEL', NULL, 91, 924, NULL),
(939, '2013-04-20 00:05:42', 'pradeepb', 0, 'BRANCH_LEVEL', 192, NULL, 936, NULL),
(940, '2013-04-20 00:05:43', 'pradeepb', 0, 'KLASS_LEVEL', NULL, 91, 936, NULL),
(951, '2013-04-20 00:15:57', 'pradeepb', 0, 'BRANCH_LEVEL', 192, NULL, 948, NULL),
(952, '2013-04-20 00:15:57', 'pradeepb', 0, 'KLASS_LEVEL', NULL, 91, 948, NULL),
(992, '2013-04-20 02:21:31', 'pradeepb', 0, 'BRANCH_LEVEL', 192, NULL, 989, NULL),
(2021, '2013-05-03 02:18:44', 'pradeepb', 0, 'BRANCH_LEVEL', 192, NULL, 2018, NULL),
(994, '2013-04-20 02:21:31', 'pradeepb', 0, 'KLASS_LEVEL', NULL, 91, 989, NULL),
(1001, '2013-04-21 03:22:12', 'pradeepb', 0, 'BRANCH_LEVEL', 999, NULL, 233, NULL),
(1002, '2013-04-21 03:22:12', 'pradeepb', 0, 'BRANCH_LEVEL', 999, NULL, 246, NULL),
(1003, '2013-04-21 03:22:12', 'pradeepb', 0, 'BRANCH_LEVEL', 999, NULL, 258, NULL),
(1004, '2013-04-21 03:22:12', 'pradeepb', 0, 'BRANCH_LEVEL', 999, NULL, 270, NULL),
(1005, '2013-04-21 03:22:12', 'pradeepb', 0, 'BRANCH_LEVEL', 999, NULL, 282, NULL),
(1006, '2013-04-21 03:22:13', 'pradeepb', 0, 'BRANCH_LEVEL', 999, NULL, 294, NULL),
(1007, '2013-04-21 03:22:13', 'pradeepb', 0, 'BRANCH_LEVEL', 999, NULL, 306, NULL),
(1008, '2013-04-21 03:22:13', 'pradeepb', 0, 'BRANCH_LEVEL', 999, NULL, 318, NULL),
(1009, '2013-04-21 03:22:13', 'pradeepb', 0, 'BRANCH_LEVEL', 999, NULL, 330, NULL),
(1010, '2013-04-21 03:22:13', 'pradeepb', 0, 'BRANCH_LEVEL', 999, NULL, 342, NULL),
(1011, '2013-04-21 03:22:13', 'pradeepb', 0, 'BRANCH_LEVEL', 999, NULL, 354, NULL),
(1012, '2013-04-21 03:22:13', 'pradeepb', 0, 'BRANCH_LEVEL', 999, NULL, 366, NULL),
(1013, '2013-04-21 03:22:13', 'pradeepb', 0, 'BRANCH_LEVEL', 999, NULL, 378, NULL),
(1014, '2013-04-21 03:22:13', 'pradeepb', 0, 'BRANCH_LEVEL', 999, NULL, 390, NULL),
(1015, '2013-04-21 03:22:13', 'pradeepb', 0, 'BRANCH_LEVEL', 999, NULL, 402, NULL),
(1016, '2013-04-21 03:22:13', 'pradeepb', 0, 'BRANCH_LEVEL', 999, NULL, 414, NULL),
(1017, '2013-04-21 03:22:13', 'pradeepb', 0, 'BRANCH_LEVEL', 999, NULL, 426, NULL),
(1018, '2013-04-21 03:22:13', 'pradeepb', 0, 'BRANCH_LEVEL', 999, NULL, 438, NULL),
(1019, '2013-04-21 03:22:13', 'pradeepb', 0, 'BRANCH_LEVEL', 999, NULL, 450, NULL),
(1020, '2013-04-21 03:22:13', 'pradeepb', 0, 'BRANCH_LEVEL', 999, NULL, 462, NULL),
(1021, '2013-04-21 03:22:13', 'pradeepb', 0, 'BRANCH_LEVEL', 999, NULL, 474, NULL),
(1022, '2013-04-21 03:22:13', 'pradeepb', 0, 'BRANCH_LEVEL', 999, NULL, 486, NULL),
(1023, '2013-04-21 03:22:13', 'pradeepb', 0, 'BRANCH_LEVEL', 999, NULL, 498, NULL),
(1024, '2013-04-21 03:22:14', 'pradeepb', 0, 'BRANCH_LEVEL', 999, NULL, 510, NULL),
(1025, '2013-04-21 03:22:14', 'pradeepb', 0, 'BRANCH_LEVEL', 999, NULL, 522, NULL),
(1026, '2013-04-21 03:22:14', 'pradeepb', 0, 'BRANCH_LEVEL', 999, NULL, 534, NULL),
(1027, '2013-04-21 03:22:14', 'pradeepb', 0, 'BRANCH_LEVEL', 999, NULL, 546, NULL),
(1028, '2013-04-21 03:22:14', 'pradeepb', 0, 'BRANCH_LEVEL', 999, NULL, 558, NULL),
(1029, '2013-04-21 03:22:14', 'pradeepb', 0, 'BRANCH_LEVEL', 999, NULL, 570, NULL),
(1030, '2013-04-21 03:22:14', 'pradeepb', 0, 'BRANCH_LEVEL', 999, NULL, 582, NULL),
(1031, '2013-04-21 03:22:14', 'pradeepb', 0, 'BRANCH_LEVEL', 999, NULL, 594, NULL),
(1032, '2013-04-21 03:22:14', 'pradeepb', 0, 'BRANCH_LEVEL', 999, NULL, 606, NULL),
(1033, '2013-04-21 03:22:14', 'pradeepb', 0, 'BRANCH_LEVEL', 999, NULL, 618, NULL),
(1034, '2013-04-21 03:22:14', 'pradeepb', 0, 'BRANCH_LEVEL', 999, NULL, 630, NULL),
(1035, '2013-04-21 03:22:14', 'pradeepb', 0, 'BRANCH_LEVEL', 999, NULL, 642, NULL),
(1036, '2013-04-21 03:22:14', 'pradeepb', 0, 'BRANCH_LEVEL', 999, NULL, 654, NULL),
(1037, '2013-04-21 03:22:14', 'pradeepb', 0, 'BRANCH_LEVEL', 999, NULL, 666, NULL),
(1038, '2013-04-21 03:22:15', 'pradeepb', 0, 'BRANCH_LEVEL', 999, NULL, 840, NULL),
(1039, '2013-04-21 03:22:15', 'pradeepb', 0, 'BRANCH_LEVEL', 999, NULL, 856, NULL),
(1040, '2013-04-21 03:22:15', 'pradeepb', 0, 'BRANCH_LEVEL', 999, NULL, 868, NULL),
(1041, '2013-04-21 03:22:15', 'pradeepb', 0, 'BRANCH_LEVEL', 999, NULL, 880, NULL),
(1042, '2013-04-21 03:22:15', 'pradeepb', 0, 'BRANCH_LEVEL', 999, NULL, 892, NULL),
(1043, '2013-04-21 03:22:15', 'pradeepb', 0, 'BRANCH_LEVEL', 999, NULL, 912, NULL),
(1044, '2013-04-21 03:22:15', 'pradeepb', 0, 'BRANCH_LEVEL', 999, NULL, 924, NULL),
(1045, '2013-04-21 03:22:15', 'pradeepb', 0, 'BRANCH_LEVEL', 999, NULL, 936, NULL),
(1046, '2013-04-21 03:22:15', 'pradeepb', 0, 'BRANCH_LEVEL', 999, NULL, 948, NULL),
(1047, '2013-04-21 03:22:15', 'pradeepb', 0, 'BRANCH_LEVEL', 999, NULL, 989, NULL),
(1170, '2013-04-23 00:44:53', 'pradeepb', 0, 'BRANCH_LEVEL', 192, NULL, 1167, NULL),
(1171, '2013-04-23 00:44:53', 'pradeepb', 0, 'BRANCH_LEVEL', 999, NULL, 1167, NULL),
(1172, '2013-04-23 00:44:54', 'pradeepb', 0, 'KLASS_LEVEL', NULL, 91, 1167, NULL),
(1183, '2013-04-23 01:03:33', 'pradeepb', 0, 'BRANCH_LEVEL', 192, NULL, 1180, NULL),
(1184, '2013-04-23 01:03:33', 'pradeepb', 0, 'BRANCH_LEVEL', 999, NULL, 1180, NULL),
(1185, '2013-04-23 01:03:34', 'pradeepb', 0, 'KLASS_LEVEL', NULL, 91, 1180, NULL),
(1200, '2013-04-23 02:43:09', 'pradeepb', 0, 'BRANCH_LEVEL', 192, NULL, 1197, NULL),
(1201, '2013-04-23 02:43:09', 'pradeepb', 0, 'BRANCH_LEVEL', 999, NULL, 1197, NULL),
(1202, '2013-04-23 02:43:10', 'pradeepb', 0, 'KLASS_LEVEL', NULL, 91, 1197, NULL),
(1213, '2013-04-23 02:51:27', 'pradeepb', 0, 'BRANCH_LEVEL', 192, NULL, 1210, NULL),
(1214, '2013-04-23 02:51:27', 'pradeepb', 0, 'BRANCH_LEVEL', 999, NULL, 1210, NULL),
(1215, '2013-04-23 02:51:28', 'pradeepb', 0, 'KLASS_LEVEL', NULL, 91, 1210, NULL),
(1226, '2013-04-23 07:30:49', 'pradeepb', 0, 'BRANCH_LEVEL', 192, NULL, 1223, NULL),
(1227, '2013-04-23 07:30:49', 'pradeepb', 0, 'BRANCH_LEVEL', 999, NULL, 1223, NULL),
(1228, '2013-04-23 07:30:50', 'pradeepb', 0, 'KLASS_LEVEL', NULL, 91, 1223, NULL),
(1239, '2013-04-23 07:37:25', 'pradeepb', 0, 'BRANCH_LEVEL', 192, NULL, 1236, NULL),
(1240, '2013-04-23 07:37:25', 'pradeepb', 0, 'BRANCH_LEVEL', 999, NULL, 1236, NULL),
(1241, '2013-04-23 07:37:25', 'pradeepb', 0, 'KLASS_LEVEL', NULL, 91, 1236, NULL),
(1252, '2013-04-23 08:02:28', 'pradeepb', 0, 'BRANCH_LEVEL', 192, NULL, 1249, NULL),
(1253, '2013-04-23 08:02:28', 'pradeepb', 0, 'BRANCH_LEVEL', 999, NULL, 1249, NULL),
(1254, '2013-04-23 08:02:29', 'pradeepb', 0, 'KLASS_LEVEL', NULL, 91, 1249, NULL),
(2022, '2013-05-03 02:18:44', 'pradeepb', 0, 'BRANCH_LEVEL', 999, NULL, 2018, NULL),
(2025, '2013-05-03 02:18:44', 'pradeepb', 0, 'KLASS_LEVEL', NULL, 91, 2018, NULL),
(2063, '2013-05-03 05:24:45', 'pradeepb', 0, 'BRANCH_LEVEL', 192, NULL, 2052, NULL),
(2064, '2013-05-03 05:24:45', 'pradeepb', 0, 'BRANCH_LEVEL', 999, NULL, 2052, NULL),
(2067, '2013-05-03 05:24:45', 'pradeepb', 0, 'KLASS_LEVEL', NULL, 91, 2052, NULL),
(2087, '2013-05-03 05:31:59', 'pradeepb', 0, 'BRANCH_LEVEL', 192, NULL, 2060, NULL),
(2088, '2013-05-03 05:31:59', 'pradeepb', 0, 'BRANCH_LEVEL', 999, NULL, 2060, NULL),
(2091, '2013-05-03 05:31:59', 'pradeepb', 0, 'KLASS_LEVEL', NULL, 91, 2060, NULL),
(2126, '2013-05-03 05:51:44', 'pradeepb', 0, 'BRANCH_LEVEL', 192, NULL, 2123, NULL),
(2127, '2013-05-03 05:51:44', 'pradeepb', 0, 'BRANCH_LEVEL', 999, NULL, 2123, NULL),
(2130, '2013-05-03 05:51:44', 'pradeepb', 0, 'KLASS_LEVEL', NULL, 91, 2123, NULL),
(2156, '2013-05-03 06:09:07', 'pradeepb', 0, 'BRANCH_LEVEL', 192, NULL, 2153, NULL),
(2157, '2013-05-03 06:09:07', 'pradeepb', 0, 'BRANCH_LEVEL', 999, NULL, 2153, NULL),
(2160, '2013-05-03 06:09:07', 'pradeepb', 0, 'KLASS_LEVEL', NULL, 91, 2153, NULL),
(2185, '2013-05-03 06:46:05', 'pradeepb', 0, 'BRANCH_LEVEL', 192, NULL, 2182, NULL),
(2186, '2013-05-03 06:46:05', 'pradeepb', 0, 'BRANCH_LEVEL', 999, NULL, 2182, NULL),
(2189, '2013-05-03 06:46:05', 'pradeepb', 0, 'KLASS_LEVEL', NULL, 91, 2182, NULL),
(2215, '2013-05-03 07:17:57', 'pradeepb', 0, 'BRANCH_LEVEL', 192, NULL, 2212, NULL),
(2216, '2013-05-03 07:17:57', 'pradeepb', 0, 'BRANCH_LEVEL', 999, NULL, 2212, NULL),
(2219, '2013-05-03 07:17:57', 'pradeepb', 0, 'KLASS_LEVEL', NULL, 91, 2212, NULL),
(2242, '2013-05-03 07:26:48', 'pradeepb', 0, 'BRANCH_LEVEL', 192, NULL, 2239, NULL),
(2243, '2013-05-03 07:26:48', 'pradeepb', 0, 'BRANCH_LEVEL', 999, NULL, 2239, NULL),
(2246, '2013-05-03 07:26:48', 'pradeepb', 0, 'KLASS_LEVEL', NULL, 91, 2239, NULL),
(2266, '2013-05-03 07:33:40', 'pradeepb', 0, 'BRANCH_LEVEL', 192, NULL, 2263, NULL),
(2267, '2013-05-03 07:33:40', 'pradeepb', 0, 'BRANCH_LEVEL', 999, NULL, 2263, NULL),
(2270, '2013-05-03 07:33:40', 'pradeepb', 0, 'KLASS_LEVEL', NULL, 91, 2263, NULL),
(2296, '2013-05-03 07:43:20', 'pradeepb', 0, 'BRANCH_LEVEL', 192, NULL, 2293, NULL),
(2297, '2013-05-03 07:43:20', 'pradeepb', 0, 'BRANCH_LEVEL', 999, NULL, 2293, NULL),
(2300, '2013-05-03 07:43:20', 'pradeepb', 0, 'KLASS_LEVEL', NULL, 91, 2293, NULL),
(2324, '2013-05-03 07:56:00', 'pradeepb', 0, 'BRANCH_LEVEL', 192, NULL, 2321, NULL),
(2325, '2013-05-03 07:56:00', 'pradeepb', 0, 'BRANCH_LEVEL', 999, NULL, 2321, NULL),
(2328, '2013-05-03 07:56:01', 'pradeepb', 0, 'KLASS_LEVEL', NULL, 91, 2321, NULL),
(2358, '2013-05-04 00:28:45', 'pradeepb', 0, 'BRANCH_LEVEL', 192, NULL, 2355, NULL),
(2359, '2013-05-04 00:28:45', 'pradeepb', 0, 'BRANCH_LEVEL', 999, NULL, 2355, NULL),
(2363, '2013-05-04 00:28:45', 'pradeepb', 0, 'KLASS_LEVEL', NULL, 91, 2355, NULL),
(2387, '2013-05-04 01:02:44', 'pradeepb', 0, 'BRANCH_LEVEL', 192, NULL, 2384, NULL),
(2388, '2013-05-04 01:02:44', 'pradeepb', 0, 'BRANCH_LEVEL', 999, NULL, 2384, NULL),
(2391, '2013-05-04 01:02:44', 'pradeepb', 0, 'KLASS_LEVEL', NULL, 91, 2384, NULL),
(2413, '2013-05-04 01:12:08', 'pradeepb', 0, 'BRANCH_LEVEL', 192, NULL, 2410, NULL),
(2414, '2013-05-04 01:12:08', 'pradeepb', 0, 'BRANCH_LEVEL', 999, NULL, 2410, NULL),
(2417, '2013-05-04 01:12:08', 'pradeepb', 0, 'KLASS_LEVEL', NULL, 91, 2410, NULL),
(2439, '2013-05-04 07:04:36', 'pradeepb', 0, 'BRANCH_LEVEL', 192, NULL, 2436, NULL),
(2440, '2013-05-04 07:04:36', 'pradeepb', 0, 'BRANCH_LEVEL', 999, NULL, 2436, NULL),
(2443, '2013-05-04 07:04:36', 'pradeepb', 0, 'KLASS_LEVEL', NULL, 91, 2436, NULL),
(2470, '2013-05-04 07:27:05', 'pradeepb', 0, 'BRANCH_LEVEL', 192, NULL, 2467, NULL),
(2471, '2013-05-04 07:27:05', 'pradeepb', 0, 'BRANCH_LEVEL', 999, NULL, 2467, NULL),
(2474, '2013-05-04 07:27:05', 'pradeepb', 0, 'KLASS_LEVEL', NULL, 91, 2467, NULL),
(2494, '2013-05-04 07:35:42', 'pradeepb', 0, 'BRANCH_LEVEL', 192, NULL, 2491, NULL),
(2495, '2013-05-04 07:35:42', 'pradeepb', 0, 'BRANCH_LEVEL', 999, NULL, 2491, NULL),
(2498, '2013-05-04 07:35:42', 'pradeepb', 0, 'KLASS_LEVEL', NULL, 91, 2491, NULL),
(2522, '2013-05-04 08:06:50', 'pradeepb', 0, 'BRANCH_LEVEL', 192, NULL, 2519, NULL),
(2523, '2013-05-04 08:06:50', 'pradeepb', 0, 'BRANCH_LEVEL', 999, NULL, 2519, NULL),
(2526, '2013-05-04 08:06:50', 'pradeepb', 0, 'KLASS_LEVEL', NULL, 91, 2519, NULL),
(2554, '2013-05-04 08:25:21', 'pradeepb', 0, 'BRANCH_LEVEL', 192, NULL, 2551, NULL),
(2555, '2013-05-04 08:25:21', 'pradeepb', 0, 'BRANCH_LEVEL', 999, NULL, 2551, NULL),
(2558, '2013-05-04 08:25:21', 'pradeepb', 0, 'KLASS_LEVEL', NULL, 91, 2551, NULL),
(2578, '2013-05-04 08:37:16', 'pradeepb', 0, 'BRANCH_LEVEL', 192, NULL, 2575, NULL),
(2579, '2013-05-04 08:37:16', 'pradeepb', 0, 'BRANCH_LEVEL', 999, NULL, 2575, NULL),
(2582, '2013-05-04 08:37:16', 'pradeepb', 0, 'KLASS_LEVEL', NULL, 91, 2575, NULL),
(2612, '2013-05-06 01:17:46', 'pradeepb', 0, 'BRANCH_LEVEL', 192, NULL, 2609, NULL),
(2613, '2013-05-06 01:17:46', 'pradeepb', 0, 'BRANCH_LEVEL', 999, NULL, 2609, NULL),
(2617, '2013-05-06 01:17:46', 'pradeepb', 0, 'KLASS_LEVEL', NULL, 91, 2609, NULL),
(2645, '2013-05-06 06:07:08', 'pradeepb', 0, 'BRANCH_LEVEL', 192, NULL, 2642, NULL),
(2646, '2013-05-06 06:07:08', 'pradeepb', 0, 'BRANCH_LEVEL', 999, NULL, 2642, NULL),
(2649, '2013-05-06 06:07:08', 'pradeepb', 0, 'KLASS_LEVEL', NULL, 91, 2642, NULL),
(2677, '2013-05-06 06:32:05', 'pradeepb', 0, 'BRANCH_LEVEL', 192, NULL, 2674, NULL),
(2678, '2013-05-06 06:32:05', 'pradeepb', 0, 'BRANCH_LEVEL', 999, NULL, 2674, NULL),
(2681, '2013-05-06 06:32:06', 'pradeepb', 0, 'KLASS_LEVEL', NULL, 91, 2674, NULL),
(2709, '2013-05-07 02:43:38', 'pradeepb', 0, 'BRANCH_LEVEL', 192, NULL, 2706, NULL),
(2710, '2013-05-07 02:43:38', 'pradeepb', 0, 'BRANCH_LEVEL', 999, NULL, 2706, NULL),
(2713, '2013-05-07 02:43:38', 'pradeepb', 0, 'KLASS_LEVEL', NULL, 91, 2706, NULL),
(2718, '2013-05-07 02:44:07', 'pradeepb', 0, 'BRANCH_LEVEL', 192, NULL, 2706, NULL),
(2719, '2013-05-07 02:44:07', 'pradeepb', 0, 'BRANCH_LEVEL', 999, NULL, 2706, NULL),
(2722, '2013-05-07 02:44:07', 'pradeepb', 0, 'KLASS_LEVEL', NULL, 91, 2706, NULL),
(2744, '2013-05-07 05:15:44', 'pradeepb', 0, 'BRANCH_LEVEL', 192, NULL, 2741, NULL),
(2745, '2013-05-07 05:15:44', 'pradeepb', 0, 'BRANCH_LEVEL', 999, NULL, 2741, NULL),
(2748, '2013-05-07 05:15:44', 'pradeepb', 0, 'KLASS_LEVEL', NULL, 91, 2741, NULL),
(2762, '2013-05-07 05:23:56', 'pradeepb', 0, 'BRANCH_LEVEL', 192, NULL, 2759, NULL),
(2763, '2013-05-07 05:23:56', 'pradeepb', 0, 'BRANCH_LEVEL', 999, NULL, 2759, NULL),
(2766, '2013-05-07 05:23:56', 'pradeepb', 0, 'KLASS_LEVEL', NULL, 91, 2759, NULL),
(2795, '2013-05-07 05:41:49', 'pradeepb', 0, 'BRANCH_LEVEL', 192, NULL, 2792, NULL),
(2796, '2013-05-07 05:41:49', 'pradeepb', 0, 'BRANCH_LEVEL', 999, NULL, 2792, NULL),
(2799, '2013-05-07 05:41:49', 'pradeepb', 0, 'KLASS_LEVEL', NULL, 91, 2792, NULL),
(2831, '2013-05-07 06:38:52', 'pradeepb', 0, 'BRANCH_LEVEL', 192, NULL, 2828, NULL),
(2832, '2013-05-07 06:38:52', 'pradeepb', 0, 'BRANCH_LEVEL', 999, NULL, 2828, NULL),
(2835, '2013-05-07 06:38:52', 'pradeepb', 0, 'KLASS_LEVEL', NULL, 91, 2828, NULL),
(2857, '2013-05-07 23:54:23', 'pradeepb', 0, 'BRANCH_LEVEL', 192, NULL, 2854, NULL),
(2858, '2013-05-07 23:54:23', 'pradeepb', 0, 'BRANCH_LEVEL', 999, NULL, 2854, NULL),
(2861, '2013-05-07 23:54:23', 'pradeepb', 0, 'KLASS_LEVEL', NULL, 91, 2854, NULL),
(2888, '2013-05-08 00:04:04', 'pradeepb', 0, 'BRANCH_LEVEL', 192, NULL, 2885, NULL),
(2889, '2013-05-08 00:04:04', 'pradeepb', 0, 'BRANCH_LEVEL', 999, NULL, 2885, NULL),
(2893, '2013-05-08 00:04:04', 'pradeepb', 0, 'KLASS_LEVEL', NULL, 91, 2885, NULL),
(2919, '2013-05-08 01:47:14', 'pradeepb', 0, 'BRANCH_LEVEL', 192, NULL, 2916, NULL),
(2920, '2013-05-08 01:47:14', 'pradeepb', 0, 'BRANCH_LEVEL', 999, NULL, 2916, NULL),
(2923, '2013-05-08 01:47:14', 'pradeepb', 0, 'KLASS_LEVEL', NULL, 91, 2916, NULL),
(2949, '2013-05-08 02:04:43', 'pradeepb', 0, 'BRANCH_LEVEL', 192, NULL, 2946, NULL),
(2950, '2013-05-08 02:04:43', 'pradeepb', 0, 'BRANCH_LEVEL', 999, NULL, 2946, NULL),
(2953, '2013-05-08 02:04:43', 'pradeepb', 0, 'KLASS_LEVEL', NULL, 91, 2946, NULL),
(2976, '2013-05-08 02:18:53', 'pradeepb', 0, 'BRANCH_LEVEL', 192, NULL, 2973, NULL),
(2977, '2013-05-08 02:18:53', 'pradeepb', 0, 'BRANCH_LEVEL', 999, NULL, 2973, NULL),
(2980, '2013-05-08 02:18:53', 'pradeepb', 0, 'KLASS_LEVEL', NULL, 91, 2973, NULL),
(3003, '2013-05-08 02:28:35', 'pradeepb', 0, 'BRANCH_LEVEL', 192, NULL, 3000, NULL),
(3004, '2013-05-08 02:28:35', 'pradeepb', 0, 'BRANCH_LEVEL', 999, NULL, 3000, NULL),
(3007, '2013-05-08 02:28:35', 'pradeepb', 0, 'KLASS_LEVEL', NULL, 91, 3000, NULL),
(3021, '2013-05-08 02:50:47', 'pradeepb', 0, 'BRANCH_LEVEL', 192, NULL, 3018, NULL),
(3022, '2013-05-08 02:50:47', 'pradeepb', 0, 'BRANCH_LEVEL', 999, NULL, 3018, NULL),
(3025, '2013-05-08 02:50:47', 'pradeepb', 0, 'KLASS_LEVEL', NULL, 91, 3018, NULL),
(3051, '2013-05-08 03:30:29', 'pradeepb', 0, 'BRANCH_LEVEL', 192, NULL, 3048, NULL),
(3052, '2013-05-08 03:30:29', 'pradeepb', 0, 'BRANCH_LEVEL', 999, NULL, 3048, NULL),
(3055, '2013-05-08 03:30:29', 'pradeepb', 0, 'KLASS_LEVEL', NULL, 91, 3048, NULL),
(3082, '2013-05-08 05:12:54', 'pradeepb', 0, 'BRANCH_LEVEL', 192, NULL, 3079, NULL),
(3083, '2013-05-08 05:12:54', 'pradeepb', 0, 'BRANCH_LEVEL', 999, NULL, 3079, NULL),
(3086, '2013-05-08 05:12:54', 'pradeepb', 0, 'KLASS_LEVEL', NULL, 91, 3079, NULL),
(3116, '2013-05-08 05:43:45', 'pradeepb', 0, 'BRANCH_LEVEL', 192, NULL, 3113, NULL),
(3117, '2013-05-08 05:43:45', 'pradeepb', 0, 'BRANCH_LEVEL', 999, NULL, 3113, NULL),
(3120, '2013-05-08 05:43:45', 'pradeepb', 0, 'KLASS_LEVEL', NULL, 91, 3113, NULL),
(3142, '2013-05-08 06:55:52', 'pradeepb', 0, 'BRANCH_LEVEL', 192, NULL, 3139, NULL),
(3143, '2013-05-08 06:55:52', 'pradeepb', 0, 'BRANCH_LEVEL', 999, NULL, 3139, NULL),
(3146, '2013-05-08 06:55:52', 'pradeepb', 0, 'KLASS_LEVEL', NULL, 91, 3139, NULL),
(3170, '2013-05-08 07:28:00', 'pradeepb', 0, 'BRANCH_LEVEL', 192, NULL, 3167, NULL),
(3171, '2013-05-08 07:28:00', 'pradeepb', 0, 'BRANCH_LEVEL', 999, NULL, 3167, NULL),
(3174, '2013-05-08 07:28:00', 'pradeepb', 0, 'KLASS_LEVEL', NULL, 91, 3167, NULL),
(3199, '2013-05-08 07:38:55', 'pradeepb', 0, 'BRANCH_LEVEL', 192, NULL, 3196, NULL),
(3200, '2013-05-08 07:38:55', 'pradeepb', 0, 'BRANCH_LEVEL', 999, NULL, 3196, NULL),
(3203, '2013-05-08 07:38:55', 'pradeepb', 0, 'KLASS_LEVEL', NULL, 91, 3196, NULL),
(3223, '2013-05-08 07:48:31', 'pradeepb', 0, 'BRANCH_LEVEL', 192, NULL, 3220, NULL),
(3224, '2013-05-08 07:48:31', 'pradeepb', 0, 'BRANCH_LEVEL', 999, NULL, 3220, NULL),
(3227, '2013-05-08 07:48:31', 'pradeepb', 0, 'KLASS_LEVEL', NULL, 91, 3220, NULL),
(3247, '2013-05-08 07:55:31', 'pradeepb', 0, 'BRANCH_LEVEL', 192, NULL, 3244, NULL),
(3248, '2013-05-08 07:55:31', 'pradeepb', 0, 'BRANCH_LEVEL', 999, NULL, 3244, NULL),
(3251, '2013-05-08 07:55:31', 'pradeepb', 0, 'KLASS_LEVEL', NULL, 91, 3244, NULL),
(3285, '2013-05-08 08:04:43', 'pradeepb', 0, 'BRANCH_LEVEL', 192, NULL, 3282, NULL),
(3286, '2013-05-08 08:04:43', 'pradeepb', 0, 'BRANCH_LEVEL', 999, NULL, 3282, NULL),
(3289, '2013-05-08 08:04:43', 'pradeepb', 0, 'KLASS_LEVEL', NULL, 91, 3282, NULL),
(3312, '2013-05-08 23:36:26', 'pradeepb', 0, 'BRANCH_LEVEL', 192, NULL, 3309, NULL),
(3313, '2013-05-08 23:36:26', 'pradeepb', 0, 'BRANCH_LEVEL', 999, NULL, 3309, NULL),
(3316, '2013-05-08 23:36:26', 'pradeepb', 0, 'KLASS_LEVEL', NULL, 91, 3309, NULL),
(3339, '2013-05-08 23:45:48', 'pradeepb', 0, 'BRANCH_LEVEL', 192, NULL, 3336, NULL),
(3340, '2013-05-08 23:45:48', 'pradeepb', 0, 'BRANCH_LEVEL', 999, NULL, 3336, NULL),
(3343, '2013-05-08 23:45:48', 'pradeepb', 0, 'KLASS_LEVEL', NULL, 91, 3336, NULL),
(3368, '2013-05-08 23:55:17', 'pradeepb', 0, 'BRANCH_LEVEL', 192, NULL, 3365, NULL),
(3369, '2013-05-08 23:55:17', 'pradeepb', 0, 'BRANCH_LEVEL', 999, NULL, 3365, NULL),
(3372, '2013-05-08 23:55:17', 'pradeepb', 0, 'KLASS_LEVEL', NULL, 91, 3365, NULL),
(3395, '2013-05-09 00:03:15', 'pradeepb', 0, 'BRANCH_LEVEL', 192, NULL, 3392, NULL),
(3396, '2013-05-09 00:03:15', 'pradeepb', 0, 'BRANCH_LEVEL', 999, NULL, 3392, NULL),
(3400, '2013-05-09 00:03:15', 'pradeepb', 0, 'KLASS_LEVEL', NULL, 91, 3392, NULL),
(3432, '2013-05-09 00:34:55', 'pradeepb', 0, 'BRANCH_LEVEL', 192, NULL, 3429, NULL),
(3433, '2013-05-09 00:34:55', 'pradeepb', 0, 'BRANCH_LEVEL', 999, NULL, 3429, NULL),
(3436, '2013-05-09 00:34:55', 'pradeepb', 0, 'KLASS_LEVEL', NULL, 91, 3429, NULL),
(3460, '2013-05-09 00:50:19', 'pradeepb', 0, 'BRANCH_LEVEL', 192, NULL, 3457, NULL),
(3461, '2013-05-09 00:50:19', 'pradeepb', 0, 'BRANCH_LEVEL', 999, NULL, 3457, NULL),
(3464, '2013-05-09 00:50:19', 'pradeepb', 0, 'KLASS_LEVEL', NULL, 91, 3457, NULL),
(3484, '2013-05-09 01:03:51', 'pradeepb', 0, 'BRANCH_LEVEL', 192, NULL, 3481, NULL),
(3485, '2013-05-09 01:03:51', 'pradeepb', 0, 'BRANCH_LEVEL', 999, NULL, 3481, NULL),
(3488, '2013-05-09 01:03:52', 'pradeepb', 0, 'KLASS_LEVEL', NULL, 91, 3481, NULL),
(3516, '2013-05-09 01:23:15', 'pradeepb', 0, 'BRANCH_LEVEL', 192, NULL, 3513, NULL),
(3517, '2013-05-09 01:23:15', 'pradeepb', 0, 'BRANCH_LEVEL', 999, NULL, 3513, NULL),
(3520, '2013-05-09 01:23:15', 'pradeepb', 0, 'KLASS_LEVEL', NULL, 91, 3513, NULL),
(3546, '2013-05-09 01:38:53', 'pradeepb', 0, 'BRANCH_LEVEL', 192, NULL, 3543, NULL),
(3547, '2013-05-09 01:38:53', 'pradeepb', 0, 'BRANCH_LEVEL', 999, NULL, 3543, NULL),
(3550, '2013-05-09 01:38:53', 'pradeepb', 0, 'KLASS_LEVEL', NULL, 91, 3543, NULL),
(3570, '2013-05-09 01:48:06', 'pradeepb', 0, 'BRANCH_LEVEL', 192, NULL, 3567, NULL),
(3571, '2013-05-09 01:48:06', 'pradeepb', 0, 'BRANCH_LEVEL', 999, NULL, 3567, NULL),
(3574, '2013-05-09 01:48:06', 'pradeepb', 0, 'KLASS_LEVEL', NULL, 91, 3567, NULL),
(3603, '2013-05-09 02:02:56', 'pradeepb', 0, 'BRANCH_LEVEL', 192, NULL, 3600, NULL),
(3604, '2013-05-09 02:02:56', 'pradeepb', 0, 'BRANCH_LEVEL', 999, NULL, 3600, NULL),
(3607, '2013-05-09 02:02:56', 'pradeepb', 0, 'KLASS_LEVEL', NULL, 91, 3600, NULL),
(3649, '2013-05-09 03:17:49', 'pradeepb', 0, 'BRANCH_LEVEL', 192, NULL, 3646, NULL),
(3650, '2013-05-09 03:17:49', 'pradeepb', 0, 'BRANCH_LEVEL', 202, NULL, 3646, NULL),
(3651, '2013-05-09 03:17:49', 'pradeepb', 0, 'BRANCH_LEVEL', 204, NULL, 3646, NULL),
(3652, '2013-05-09 03:17:49', 'pradeepb', 0, 'BRANCH_LEVEL', 999, NULL, 3646, NULL),
(3655, '2013-05-09 03:17:49', 'pradeepb', 0, 'KLASS_LEVEL', NULL, 87, 3646, NULL),
(3656, '2013-05-09 03:17:49', 'pradeepb', 0, 'KLASS_LEVEL', NULL, 91, 3646, NULL),
(3668, '2013-05-09 05:49:19', 'pradeepb', 0, 'BRANCH_LEVEL', 192, NULL, 3665, NULL),
(3669, '2013-05-09 05:49:19', 'pradeepb', 0, 'BRANCH_LEVEL', 202, NULL, 3665, NULL),
(3670, '2013-05-09 05:49:19', 'pradeepb', 0, 'BRANCH_LEVEL', 204, NULL, 3665, NULL),
(3671, '2013-05-09 05:49:19', 'pradeepb', 0, 'BRANCH_LEVEL', 999, NULL, 3665, NULL),
(3674, '2013-05-09 05:49:19', 'pradeepb', 0, 'KLASS_LEVEL', NULL, 87, 3665, NULL),
(3675, '2013-05-09 05:49:19', 'pradeepb', 0, 'KLASS_LEVEL', NULL, 91, 3665, NULL),
(3689, '2013-05-09 06:01:41', 'pradeepb', 0, 'BRANCH_LEVEL', 192, NULL, 3686, NULL),
(3690, '2013-05-09 06:01:41', 'pradeepb', 0, 'BRANCH_LEVEL', 202, NULL, 3686, NULL),
(3691, '2013-05-09 06:01:41', 'pradeepb', 0, 'BRANCH_LEVEL', 204, NULL, 3686, NULL),
(3692, '2013-05-09 06:01:41', 'pradeepb', 0, 'BRANCH_LEVEL', 999, NULL, 3686, NULL),
(3695, '2013-05-09 06:01:41', 'pradeepb', 0, 'KLASS_LEVEL', NULL, 87, 3686, NULL),
(3696, '2013-05-09 06:01:41', 'pradeepb', 0, 'KLASS_LEVEL', NULL, 91, 3686, NULL),
(3710, '2013-05-09 06:07:00', 'pradeepb', 0, 'BRANCH_LEVEL', 192, NULL, 3707, NULL),
(3711, '2013-05-09 06:07:00', 'pradeepb', 0, 'BRANCH_LEVEL', 202, NULL, 3707, NULL),
(3712, '2013-05-09 06:07:00', 'pradeepb', 0, 'BRANCH_LEVEL', 204, NULL, 3707, NULL),
(3713, '2013-05-09 06:07:00', 'pradeepb', 0, 'BRANCH_LEVEL', 999, NULL, 3707, NULL),
(3716, '2013-05-09 06:07:00', 'pradeepb', 0, 'KLASS_LEVEL', NULL, 87, 3707, NULL),
(3717, '2013-05-09 06:07:00', 'pradeepb', 0, 'KLASS_LEVEL', NULL, 91, 3707, NULL),
(3731, '2013-05-09 07:13:17', 'pradeepb', 0, 'BRANCH_LEVEL', 192, NULL, 3728, NULL),
(3732, '2013-05-09 07:13:17', 'pradeepb', 0, 'BRANCH_LEVEL', 202, NULL, 3728, NULL),
(3733, '2013-05-09 07:13:17', 'pradeepb', 0, 'BRANCH_LEVEL', 204, NULL, 3728, NULL),
(3734, '2013-05-09 07:13:17', 'pradeepb', 0, 'BRANCH_LEVEL', 999, NULL, 3728, NULL),
(3737, '2013-05-09 07:13:17', 'pradeepb', 0, 'KLASS_LEVEL', NULL, 87, 3728, NULL),
(3738, '2013-05-09 07:13:17', 'pradeepb', 0, 'KLASS_LEVEL', NULL, 91, 3728, NULL),
(3750, '2013-05-09 07:20:48', 'pradeepb', 0, 'BRANCH_LEVEL', 192, NULL, 3747, NULL),
(3751, '2013-05-09 07:20:48', 'pradeepb', 0, 'BRANCH_LEVEL', 202, NULL, 3747, NULL),
(3752, '2013-05-09 07:20:48', 'pradeepb', 0, 'BRANCH_LEVEL', 204, NULL, 3747, NULL),
(3753, '2013-05-09 07:20:48', 'pradeepb', 0, 'BRANCH_LEVEL', 999, NULL, 3747, NULL),
(3756, '2013-05-09 07:20:48', 'pradeepb', 0, 'KLASS_LEVEL', NULL, 87, 3747, NULL),
(3757, '2013-05-09 07:20:48', 'pradeepb', 0, 'KLASS_LEVEL', NULL, 91, 3747, NULL),
(3771, '2013-05-09 23:51:51', 'pradeepb', 0, 'BRANCH_LEVEL', 192, NULL, 3768, NULL),
(3772, '2013-05-09 23:51:51', 'pradeepb', 0, 'BRANCH_LEVEL', 202, NULL, 3768, NULL),
(3773, '2013-05-09 23:51:51', 'pradeepb', 0, 'BRANCH_LEVEL', 204, NULL, 3768, NULL),
(3774, '2013-05-09 23:51:51', 'pradeepb', 0, 'BRANCH_LEVEL', 999, NULL, 3768, NULL),
(3777, '2013-05-09 23:51:51', 'pradeepb', 0, 'KLASS_LEVEL', NULL, 87, 3768, NULL),
(3778, '2013-05-09 23:51:51', 'pradeepb', 0, 'KLASS_LEVEL', NULL, 91, 3768, NULL),
(3792, '2013-05-10 00:11:41', 'pradeepb', 0, 'BRANCH_LEVEL', 192, NULL, 3789, NULL),
(3793, '2013-05-10 00:11:41', 'pradeepb', 0, 'BRANCH_LEVEL', 202, NULL, 3789, NULL),
(3794, '2013-05-10 00:11:41', 'pradeepb', 0, 'BRANCH_LEVEL', 204, NULL, 3789, NULL),
(3795, '2013-05-10 00:11:41', 'pradeepb', 0, 'BRANCH_LEVEL', 999, NULL, 3789, NULL),
(3799, '2013-05-10 00:11:41', 'pradeepb', 0, 'KLASS_LEVEL', NULL, 87, 3789, NULL),
(3800, '2013-05-10 00:11:41', 'pradeepb', 0, 'KLASS_LEVEL', NULL, 91, 3789, NULL),
(3814, '2013-05-10 01:39:52', 'pradeepb', 0, 'BRANCH_LEVEL', 192, NULL, 3810, NULL),
(3815, '2013-05-10 01:39:52', 'pradeepb', 0, 'BRANCH_LEVEL', 202, NULL, 3810, NULL),
(3816, '2013-05-10 01:39:52', 'pradeepb', 0, 'BRANCH_LEVEL', 204, NULL, 3810, NULL),
(3817, '2013-05-10 01:39:52', 'pradeepb', 0, 'BRANCH_LEVEL', 999, NULL, 3810, NULL),
(3818, '2013-05-10 01:39:52', 'pradeepb', 0, 'KLASS_LEVEL', NULL, 87, 3810, NULL),
(3819, '2013-05-10 01:39:53', 'pradeepb', 0, 'KLASS_LEVEL', NULL, 91, 3810, NULL),
(3833, '2013-05-10 01:56:21', 'pradeepb', 0, 'BRANCH_LEVEL', 192, NULL, 3830, NULL),
(3834, '2013-05-10 01:56:21', 'pradeepb', 0, 'BRANCH_LEVEL', 202, NULL, 3830, NULL),
(3835, '2013-05-10 01:56:21', 'pradeepb', 0, 'BRANCH_LEVEL', 204, NULL, 3830, NULL),
(3836, '2013-05-10 01:56:21', 'pradeepb', 0, 'BRANCH_LEVEL', 999, NULL, 3830, NULL),
(3839, '2013-05-10 01:56:21', 'pradeepb', 0, 'KLASS_LEVEL', NULL, 87, 3830, NULL),
(3840, '2013-05-10 01:56:21', 'pradeepb', 0, 'KLASS_LEVEL', NULL, 91, 3830, NULL),
(3854, '2013-05-10 02:06:38', 'pradeepb', 0, 'BRANCH_LEVEL', 192, NULL, 3851, NULL),
(3855, '2013-05-10 02:06:38', 'pradeepb', 0, 'BRANCH_LEVEL', 202, NULL, 3851, NULL),
(3856, '2013-05-10 02:06:38', 'pradeepb', 0, 'BRANCH_LEVEL', 204, NULL, 3851, NULL),
(3857, '2013-05-10 02:06:38', 'pradeepb', 0, 'BRANCH_LEVEL', 999, NULL, 3851, NULL),
(3860, '2013-05-10 02:06:38', 'pradeepb', 0, 'KLASS_LEVEL', NULL, 87, 3851, NULL),
(3861, '2013-05-10 02:06:38', 'pradeepb', 0, 'KLASS_LEVEL', NULL, 91, 3851, NULL),
(3877, '2013-05-10 02:25:45', 'pradeepb', 0, 'BRANCH_LEVEL', 192, NULL, 3874, NULL),
(3878, '2013-05-10 02:25:45', 'pradeepb', 0, 'BRANCH_LEVEL', 202, NULL, 3874, NULL),
(3879, '2013-05-10 02:25:45', 'pradeepb', 0, 'BRANCH_LEVEL', 204, NULL, 3874, NULL),
(3880, '2013-05-10 02:25:45', 'pradeepb', 0, 'BRANCH_LEVEL', 999, NULL, 3874, NULL),
(3883, '2013-05-10 02:25:45', 'pradeepb', 0, 'KLASS_LEVEL', NULL, 87, 3874, NULL),
(3884, '2013-05-10 02:25:45', 'pradeepb', 0, 'KLASS_LEVEL', NULL, 91, 3874, NULL),
(3898, '2013-05-10 02:56:08', 'pradeepb', 0, 'BRANCH_LEVEL', 192, NULL, 3895, NULL),
(3899, '2013-05-10 02:56:09', 'pradeepb', 0, 'BRANCH_LEVEL', 202, NULL, 3895, NULL),
(3900, '2013-05-10 02:56:09', 'pradeepb', 0, 'BRANCH_LEVEL', 204, NULL, 3895, NULL),
(3901, '2013-05-10 02:56:09', 'pradeepb', 0, 'BRANCH_LEVEL', 999, NULL, 3895, NULL),
(3904, '2013-05-10 02:56:09', 'pradeepb', 0, 'KLASS_LEVEL', NULL, 87, 3895, NULL),
(3905, '2013-05-10 02:56:09', 'pradeepb', 0, 'KLASS_LEVEL', NULL, 91, 3895, NULL),
(3919, '2013-05-10 04:33:32', 'pradeepb', 0, 'BRANCH_LEVEL', 192, NULL, 3916, NULL),
(3920, '2013-05-10 04:33:32', 'pradeepb', 0, 'BRANCH_LEVEL', 202, NULL, 3916, NULL),
(3921, '2013-05-10 04:33:32', 'pradeepb', 0, 'BRANCH_LEVEL', 204, NULL, 3916, NULL),
(3922, '2013-05-10 04:33:32', 'pradeepb', 0, 'BRANCH_LEVEL', 999, NULL, 3916, NULL),
(3925, '2013-05-10 04:33:32', 'pradeepb', 0, 'KLASS_LEVEL', NULL, 87, 3916, NULL),
(3926, '2013-05-10 04:33:32', 'pradeepb', 0, 'KLASS_LEVEL', NULL, 91, 3916, NULL),
(3940, '2013-05-10 04:45:30', 'pradeepb', 0, 'BRANCH_LEVEL', 192, NULL, 3937, NULL),
(3941, '2013-05-10 04:45:30', 'pradeepb', 0, 'BRANCH_LEVEL', 202, NULL, 3937, NULL),
(3942, '2013-05-10 04:45:30', 'pradeepb', 0, 'BRANCH_LEVEL', 204, NULL, 3937, NULL),
(3943, '2013-05-10 04:45:30', 'pradeepb', 0, 'BRANCH_LEVEL', 999, NULL, 3937, NULL),
(3946, '2013-05-10 04:45:30', 'pradeepb', 0, 'KLASS_LEVEL', NULL, 87, 3937, NULL),
(3947, '2013-05-10 04:45:30', 'pradeepb', 0, 'KLASS_LEVEL', NULL, 91, 3937, NULL),
(3961, '2013-05-10 04:52:34', 'pradeepb', 0, 'BRANCH_LEVEL', 192, NULL, 3958, NULL),
(3962, '2013-05-10 04:52:34', 'pradeepb', 0, 'BRANCH_LEVEL', 202, NULL, 3958, NULL),
(3963, '2013-05-10 04:52:34', 'pradeepb', 0, 'BRANCH_LEVEL', 204, NULL, 3958, NULL),
(3964, '2013-05-10 04:52:34', 'pradeepb', 0, 'BRANCH_LEVEL', 999, NULL, 3958, NULL),
(3967, '2013-05-10 04:52:34', 'pradeepb', 0, 'KLASS_LEVEL', NULL, 87, 3958, NULL),
(3968, '2013-05-10 04:52:34', 'pradeepb', 0, 'KLASS_LEVEL', NULL, 91, 3958, NULL),
(3982, '2013-05-10 05:30:38', 'pradeepb', 0, 'BRANCH_LEVEL', 192, NULL, 3979, NULL),
(3983, '2013-05-10 05:30:38', 'pradeepb', 0, 'BRANCH_LEVEL', 202, NULL, 3979, NULL),
(3984, '2013-05-10 05:30:38', 'pradeepb', 0, 'BRANCH_LEVEL', 204, NULL, 3979, NULL),
(3985, '2013-05-10 05:30:38', 'pradeepb', 0, 'BRANCH_LEVEL', 999, NULL, 3979, NULL),
(3988, '2013-05-10 05:30:38', 'pradeepb', 0, 'KLASS_LEVEL', NULL, 87, 3979, NULL),
(3989, '2013-05-10 05:30:38', 'pradeepb', 0, 'KLASS_LEVEL', NULL, 91, 3979, NULL),
(4008, '2013-05-10 23:58:08', 'pradeepb', 0, 'BRANCH_LEVEL', 192, NULL, 4005, NULL),
(4009, '2013-05-10 23:58:08', 'pradeepb', 0, 'BRANCH_LEVEL', 202, NULL, 4005, NULL),
(4010, '2013-05-10 23:58:08', 'pradeepb', 0, 'BRANCH_LEVEL', 204, NULL, 4005, NULL),
(4011, '2013-05-10 23:58:08', 'pradeepb', 0, 'BRANCH_LEVEL', 999, NULL, 4005, NULL),
(4014, '2013-05-10 23:58:08', 'pradeepb', 0, 'KLASS_LEVEL', NULL, 87, 4005, NULL),
(4015, '2013-05-10 23:58:08', 'pradeepb', 0, 'KLASS_LEVEL', NULL, 91, 4005, NULL),
(4029, '2013-05-11 00:08:14', 'pradeepb', 0, 'BRANCH_LEVEL', 192, NULL, 4026, NULL),
(4030, '2013-05-11 00:08:14', 'pradeepb', 0, 'BRANCH_LEVEL', 202, NULL, 4026, NULL),
(4031, '2013-05-11 00:08:14', 'pradeepb', 0, 'BRANCH_LEVEL', 204, NULL, 4026, NULL),
(4032, '2013-05-11 00:08:14', 'pradeepb', 0, 'BRANCH_LEVEL', 999, NULL, 4026, NULL),
(4036, '2013-05-11 00:08:14', 'pradeepb', 0, 'KLASS_LEVEL', NULL, 87, 4026, NULL),
(4037, '2013-05-11 00:08:14', 'pradeepb', 0, 'KLASS_LEVEL', NULL, 91, 4026, NULL),
(4051, '2013-05-11 00:13:12', 'pradeepb', 0, 'BRANCH_LEVEL', 192, NULL, 4048, NULL),
(4052, '2013-05-11 00:13:12', 'pradeepb', 0, 'BRANCH_LEVEL', 202, NULL, 4048, NULL),
(4053, '2013-05-11 00:13:12', 'pradeepb', 0, 'BRANCH_LEVEL', 204, NULL, 4048, NULL),
(4054, '2013-05-11 00:13:12', 'pradeepb', 0, 'BRANCH_LEVEL', 999, NULL, 4048, NULL),
(4057, '2013-05-11 00:13:12', 'pradeepb', 0, 'KLASS_LEVEL', NULL, 87, 4048, NULL),
(4058, '2013-05-11 00:13:12', 'pradeepb', 0, 'KLASS_LEVEL', NULL, 91, 4048, NULL),
(4072, '2013-05-11 00:17:58', 'pradeepb', 0, 'BRANCH_LEVEL', 192, NULL, 4069, NULL),
(4073, '2013-05-11 00:17:58', 'pradeepb', 0, 'BRANCH_LEVEL', 202, NULL, 4069, NULL),
(4074, '2013-05-11 00:17:58', 'pradeepb', 0, 'BRANCH_LEVEL', 204, NULL, 4069, NULL),
(4075, '2013-05-11 00:17:58', 'pradeepb', 0, 'BRANCH_LEVEL', 999, NULL, 4069, NULL),
(4078, '2013-05-11 00:17:58', 'pradeepb', 0, 'KLASS_LEVEL', NULL, 87, 4069, NULL),
(4079, '2013-05-11 00:17:58', 'pradeepb', 0, 'KLASS_LEVEL', NULL, 91, 4069, NULL),
(4093, '2013-05-11 00:23:18', 'pradeepb', 0, 'BRANCH_LEVEL', 192, NULL, 4089, NULL),
(4094, '2013-05-11 00:23:18', 'pradeepb', 0, 'BRANCH_LEVEL', 202, NULL, 4089, NULL),
(4095, '2013-05-11 00:23:18', 'pradeepb', 0, 'BRANCH_LEVEL', 204, NULL, 4089, NULL),
(4096, '2013-05-11 00:23:18', 'pradeepb', 0, 'BRANCH_LEVEL', 999, NULL, 4089, NULL),
(4097, '2013-05-11 00:23:18', 'pradeepb', 0, 'KLASS_LEVEL', NULL, 87, 4089, NULL),
(4098, '2013-05-11 00:23:18', 'pradeepb', 0, 'KLASS_LEVEL', NULL, 91, 4089, NULL),
(4112, '2013-05-11 00:30:20', 'pradeepb', 0, 'BRANCH_LEVEL', 192, NULL, 4109, NULL),
(4113, '2013-05-11 00:30:20', 'pradeepb', 0, 'BRANCH_LEVEL', 202, NULL, 4109, NULL),
(4114, '2013-05-11 00:30:20', 'pradeepb', 0, 'BRANCH_LEVEL', 204, NULL, 4109, NULL),
(4115, '2013-05-11 00:30:20', 'pradeepb', 0, 'BRANCH_LEVEL', 999, NULL, 4109, NULL),
(4118, '2013-05-11 00:30:20', 'pradeepb', 0, 'KLASS_LEVEL', NULL, 87, 4109, NULL),
(4119, '2013-05-11 00:30:20', 'pradeepb', 0, 'KLASS_LEVEL', NULL, 91, 4109, NULL),
(4149, '2013-05-11 01:38:24', 'pradeepb', 0, 'BRANCH_LEVEL', 192, NULL, 4146, NULL),
(4150, '2013-05-11 01:38:24', 'pradeepb', 0, 'BRANCH_LEVEL', 202, NULL, 4146, NULL),
(4151, '2013-05-11 01:38:24', 'pradeepb', 0, 'BRANCH_LEVEL', 204, NULL, 4146, NULL),
(4152, '2013-05-11 01:38:24', 'pradeepb', 0, 'BRANCH_LEVEL', 999, NULL, 4146, NULL),
(4155, '2013-05-11 01:38:25', 'pradeepb', 0, 'KLASS_LEVEL', NULL, 87, 4146, NULL),
(4156, '2013-05-11 01:38:25', 'pradeepb', 0, 'KLASS_LEVEL', NULL, 91, 4146, NULL),
(4180, '2013-05-11 01:52:10', 'apeironsol123', 0, 'BRANCH_LEVEL', 192, NULL, 4168, NULL),
(4181, '2013-05-11 01:52:10', 'apeironsol123', 0, 'BRANCH_LEVEL', 202, NULL, 4168, NULL),
(4182, '2013-05-11 01:52:10', 'apeironsol123', 0, 'BRANCH_LEVEL', 204, NULL, 4168, NULL),
(4183, '2013-05-11 01:52:10', 'apeironsol123', 0, 'BRANCH_LEVEL', 999, NULL, 4168, NULL),
(4186, '2013-05-11 01:52:10', 'apeironsol123', 0, 'KLASS_LEVEL', NULL, 87, 4168, NULL),
(4187, '2013-05-11 01:52:10', 'apeironsol123', 0, 'KLASS_LEVEL', NULL, 91, 4168, NULL),
(4193, '2013-05-11 01:52:10', 'apeironsol123', 0, 'BRANCH_LEVEL', 192, NULL, 4177, NULL),
(4194, '2013-05-11 01:52:10', 'apeironsol123', 0, 'BRANCH_LEVEL', 202, NULL, 4177, NULL),
(4195, '2013-05-11 01:52:10', 'apeironsol123', 0, 'BRANCH_LEVEL', 204, NULL, 4177, NULL),
(4196, '2013-05-11 01:52:10', 'apeironsol123', 0, 'BRANCH_LEVEL', 999, NULL, 4177, NULL),
(4199, '2013-05-11 01:52:10', 'apeironsol123', 0, 'KLASS_LEVEL', NULL, 87, 4177, NULL),
(4200, '2013-05-11 01:52:10', 'apeironsol123', 0, 'KLASS_LEVEL', NULL, 91, 4177, NULL),
(4214, '2013-05-11 01:58:42', 'apeironsol123', 0, 'BRANCH_LEVEL', 192, NULL, 4211, NULL),
(4215, '2013-05-11 01:58:42', 'apeironsol123', 0, 'BRANCH_LEVEL', 202, NULL, 4211, NULL),
(4216, '2013-05-11 01:58:42', 'apeironsol123', 0, 'BRANCH_LEVEL', 204, NULL, 4211, NULL),
(4217, '2013-05-11 01:58:42', 'apeironsol123', 0, 'BRANCH_LEVEL', 999, NULL, 4211, NULL),
(4220, '2013-05-11 01:58:42', 'apeironsol123', 0, 'KLASS_LEVEL', NULL, 87, 4211, NULL),
(4221, '2013-05-11 01:58:42', 'apeironsol123', 0, 'KLASS_LEVEL', NULL, 91, 4211, NULL),
(4241, '2013-05-11 02:05:15', 'apeironsol123', 0, 'BRANCH_LEVEL', 192, NULL, 4232, NULL),
(4242, '2013-05-11 02:05:15', 'apeironsol123', 0, 'BRANCH_LEVEL', 202, NULL, 4232, NULL),
(4243, '2013-05-11 02:05:15', 'apeironsol123', 0, 'BRANCH_LEVEL', 204, NULL, 4232, NULL),
(4244, '2013-05-11 02:05:15', 'apeironsol123', 0, 'BRANCH_LEVEL', 999, NULL, 4232, NULL),
(4247, '2013-05-11 02:05:15', 'apeironsol123', 0, 'KLASS_LEVEL', NULL, 87, 4232, NULL),
(4248, '2013-05-11 02:05:15', 'apeironsol123', 0, 'KLASS_LEVEL', NULL, 91, 4232, NULL),
(4263, '2013-05-11 02:05:56', 'pradeepb', 0, 'BRANCH_LEVEL', 192, NULL, 4259, NULL),
(4264, '2013-05-11 02:05:56', 'pradeepb', 0, 'BRANCH_LEVEL', 202, NULL, 4259, NULL),
(4265, '2013-05-11 02:05:56', 'pradeepb', 0, 'BRANCH_LEVEL', 204, NULL, 4259, NULL),
(4266, '2013-05-11 02:05:56', 'pradeepb', 0, 'BRANCH_LEVEL', 999, NULL, 4259, NULL),
(4269, '2013-05-11 02:05:56', 'pradeepb', 0, 'KLASS_LEVEL', NULL, 87, 4259, NULL),
(4270, '2013-05-11 02:05:56', 'pradeepb', 0, 'KLASS_LEVEL', NULL, 91, 4259, NULL),
(4288, '2013-05-11 02:10:22', 'pradeepb', 0, 'BRANCH_LEVEL', 192, NULL, 4285, NULL),
(4289, '2013-05-11 02:10:22', 'pradeepb', 0, 'BRANCH_LEVEL', 202, NULL, 4285, NULL),
(4290, '2013-05-11 02:10:22', 'pradeepb', 0, 'BRANCH_LEVEL', 204, NULL, 4285, NULL),
(4291, '2013-05-11 02:10:22', 'pradeepb', 0, 'BRANCH_LEVEL', 999, NULL, 4285, NULL),
(4294, '2013-05-11 02:10:22', 'pradeepb', 0, 'KLASS_LEVEL', NULL, 87, 4285, NULL),
(4295, '2013-05-11 02:10:22', 'pradeepb', 0, 'KLASS_LEVEL', NULL, 91, 4285, NULL),
(4315, '2013-05-11 02:13:48', 'apeironsol123', 0, 'BRANCH_LEVEL', 192, NULL, 4306, NULL),
(4316, '2013-05-11 02:13:48', 'apeironsol123', 0, 'BRANCH_LEVEL', 202, NULL, 4306, NULL),
(4317, '2013-05-11 02:13:48', 'apeironsol123', 0, 'BRANCH_LEVEL', 204, NULL, 4306, NULL),
(4318, '2013-05-11 02:13:48', 'apeironsol123', 0, 'BRANCH_LEVEL', 999, NULL, 4306, NULL),
(4321, '2013-05-11 02:13:48', 'apeironsol123', 0, 'KLASS_LEVEL', NULL, 87, 4306, NULL),
(4322, '2013-05-11 02:13:48', 'apeironsol123', 0, 'KLASS_LEVEL', NULL, 91, 4306, NULL),
(4337, '2013-05-11 02:15:05', 'pradeepb', 0, 'BRANCH_LEVEL', 192, NULL, 4333, NULL),
(4338, '2013-05-11 02:15:05', 'pradeepb', 0, 'BRANCH_LEVEL', 202, NULL, 4333, NULL),
(4339, '2013-05-11 02:15:05', 'pradeepb', 0, 'BRANCH_LEVEL', 204, NULL, 4333, NULL),
(4340, '2013-05-11 02:15:05', 'pradeepb', 0, 'BRANCH_LEVEL', 999, NULL, 4333, NULL),
(4343, '2013-05-11 02:15:05', 'pradeepb', 0, 'KLASS_LEVEL', NULL, 87, 4333, NULL),
(4344, '2013-05-11 02:15:05', 'pradeepb', 0, 'KLASS_LEVEL', NULL, 91, 4333, NULL),
(4354, '2013-05-11 02:15:57', 'apeironsol123', 0, 'BRANCH_LEVEL', 192, NULL, 4351, NULL),
(4355, '2013-05-11 02:15:57', 'apeironsol123', 0, 'BRANCH_LEVEL', 202, NULL, 4351, NULL),
(4356, '2013-05-11 02:15:57', 'apeironsol123', 0, 'BRANCH_LEVEL', 204, NULL, 4351, NULL),
(4357, '2013-05-11 02:15:57', 'apeironsol123', 0, 'BRANCH_LEVEL', 999, NULL, 4351, NULL),
(4360, '2013-05-11 02:15:57', 'apeironsol123', 0, 'KLASS_LEVEL', NULL, 87, 4351, NULL),
(4361, '2013-05-11 02:15:57', 'apeironsol123', 0, 'KLASS_LEVEL', NULL, 91, 4351, NULL),
(4383, '2013-05-11 02:19:46', 'pradeepb', 0, 'BRANCH_LEVEL', 192, NULL, 4378, NULL),
(4384, '2013-05-11 02:19:46', 'pradeepb', 0, 'BRANCH_LEVEL', 202, NULL, 4378, NULL),
(4385, '2013-05-11 02:19:46', 'pradeepb', 0, 'BRANCH_LEVEL', 204, NULL, 4378, NULL),
(4386, '2013-05-11 02:19:46', 'pradeepb', 0, 'BRANCH_LEVEL', 999, NULL, 4378, NULL),
(4389, '2013-05-11 02:19:46', 'pradeepb', 0, 'KLASS_LEVEL', NULL, 87, 4378, NULL),
(4390, '2013-05-11 02:19:46', 'pradeepb', 0, 'KLASS_LEVEL', NULL, 91, 4378, NULL),
(4396, '2013-05-11 02:20:20', 'apeironsol123', 0, 'BRANCH_LEVEL', 192, NULL, 4380, NULL),
(4397, '2013-05-11 02:20:20', 'apeironsol123', 0, 'BRANCH_LEVEL', 202, NULL, 4380, NULL),
(4398, '2013-05-11 02:20:20', 'apeironsol123', 0, 'BRANCH_LEVEL', 204, NULL, 4380, NULL),
(4399, '2013-05-11 02:20:20', 'apeironsol123', 0, 'BRANCH_LEVEL', 999, NULL, 4380, NULL),
(4402, '2013-05-11 02:20:20', 'apeironsol123', 0, 'KLASS_LEVEL', NULL, 87, 4380, NULL),
(4403, '2013-05-11 02:20:20', 'apeironsol123', 0, 'KLASS_LEVEL', NULL, 91, 4380, NULL),
(4426, '2013-05-11 02:24:37', 'pradeepb', 0, 'BRANCH_LEVEL', 192, NULL, 4423, NULL),
(4427, '2013-05-11 02:24:37', 'pradeepb', 0, 'BRANCH_LEVEL', 202, NULL, 4423, NULL),
(4428, '2013-05-11 02:24:37', 'pradeepb', 0, 'BRANCH_LEVEL', 204, NULL, 4423, NULL),
(4429, '2013-05-11 02:24:37', 'pradeepb', 0, 'BRANCH_LEVEL', 999, NULL, 4423, NULL),
(4432, '2013-05-11 02:24:37', 'pradeepb', 0, 'KLASS_LEVEL', NULL, 87, 4423, NULL),
(4433, '2013-05-11 02:24:37', 'pradeepb', 0, 'KLASS_LEVEL', NULL, 91, 4423, NULL),
(4450, '2013-05-11 02:25:20', 'apeironsol123', 0, 'BRANCH_LEVEL', 192, NULL, 4444, NULL),
(4451, '2013-05-11 02:25:20', 'apeironsol123', 0, 'BRANCH_LEVEL', 202, NULL, 4444, NULL),
(4452, '2013-05-11 02:25:20', 'apeironsol123', 0, 'BRANCH_LEVEL', 204, NULL, 4444, NULL),
(4453, '2013-05-11 02:25:20', 'apeironsol123', 0, 'BRANCH_LEVEL', 999, NULL, 4444, NULL),
(4456, '2013-05-11 02:25:20', 'apeironsol123', 0, 'KLASS_LEVEL', NULL, 87, 4444, NULL),
(4457, '2013-05-11 02:25:20', 'apeironsol123', 0, 'KLASS_LEVEL', NULL, 91, 4444, NULL),
(4463, '2013-05-11 02:25:33', 'apeironsol123', 0, 'BRANCH_LEVEL', 192, NULL, 4447, NULL),
(4464, '2013-05-11 02:25:33', 'apeironsol123', 0, 'BRANCH_LEVEL', 202, NULL, 4447, NULL),
(4465, '2013-05-11 02:25:33', 'apeironsol123', 0, 'BRANCH_LEVEL', 204, NULL, 4447, NULL),
(4466, '2013-05-11 02:25:33', 'apeironsol123', 0, 'BRANCH_LEVEL', 999, NULL, 4447, NULL),
(4469, '2013-05-11 02:25:34', 'apeironsol123', 0, 'KLASS_LEVEL', NULL, 87, 4447, NULL),
(4470, '2013-05-11 02:25:34', 'apeironsol123', 0, 'KLASS_LEVEL', NULL, 91, 4447, NULL),
(4491, '2013-05-11 02:31:48', 'pradeepb', 0, 'BRANCH_LEVEL', 192, NULL, 4481, NULL),
(4492, '2013-05-11 02:31:48', 'pradeepb', 0, 'BRANCH_LEVEL', 202, NULL, 4481, NULL),
(4493, '2013-05-11 02:31:48', 'pradeepb', 0, 'BRANCH_LEVEL', 204, NULL, 4481, NULL),
(4494, '2013-05-11 02:31:48', 'pradeepb', 0, 'BRANCH_LEVEL', 999, NULL, 4481, NULL),
(4497, '2013-05-11 02:31:48', 'pradeepb', 0, 'KLASS_LEVEL', NULL, 87, 4481, NULL),
(4498, '2013-05-11 02:31:48', 'pradeepb', 0, 'KLASS_LEVEL', NULL, 91, 4481, NULL),
(4513, '2013-05-11 02:32:23', 'pradeepb', 0, 'BRANCH_LEVEL', 192, NULL, 4481, NULL),
(4514, '2013-05-11 02:32:23', 'pradeepb', 0, 'BRANCH_LEVEL', 202, NULL, 4481, NULL),
(4515, '2013-05-11 02:32:23', 'pradeepb', 0, 'BRANCH_LEVEL', 204, NULL, 4481, NULL),
(4516, '2013-05-11 02:32:23', 'pradeepb', 0, 'BRANCH_LEVEL', 999, NULL, 4481, NULL),
(4519, '2013-05-11 02:32:23', 'pradeepb', 0, 'KLASS_LEVEL', NULL, 87, 4481, NULL),
(4520, '2013-05-11 02:32:23', 'pradeepb', 0, 'KLASS_LEVEL', NULL, 91, 4481, NULL),
(4528, '2013-05-11 02:32:25', 'apeironsol123', 0, 'BRANCH_LEVEL', 192, NULL, 4505, NULL),
(4529, '2013-05-11 02:32:25', 'apeironsol123', 0, 'BRANCH_LEVEL', 202, NULL, 4505, NULL),
(4530, '2013-05-11 02:32:25', 'apeironsol123', 0, 'BRANCH_LEVEL', 204, NULL, 4505, NULL),
(4531, '2013-05-11 02:32:25', 'apeironsol123', 0, 'BRANCH_LEVEL', 999, NULL, 4505, NULL),
(4534, '2013-05-11 02:32:25', 'apeironsol123', 0, 'KLASS_LEVEL', NULL, 87, 4505, NULL),
(4535, '2013-05-11 02:32:25', 'apeironsol123', 0, 'KLASS_LEVEL', NULL, 91, 4505, NULL),
(4541, '2013-05-11 02:32:59', 'pradeepb', 0, 'BRANCH_LEVEL', 192, NULL, 4481, NULL),
(4542, '2013-05-11 02:32:59', 'pradeepb', 0, 'BRANCH_LEVEL', 202, NULL, 4481, NULL),
(4543, '2013-05-11 02:32:59', 'pradeepb', 0, 'BRANCH_LEVEL', 204, NULL, 4481, NULL),
(4544, '2013-05-11 02:32:59', 'pradeepb', 0, 'BRANCH_LEVEL', 999, NULL, 4481, NULL),
(4547, '2013-05-11 02:32:59', 'pradeepb', 0, 'KLASS_LEVEL', NULL, 87, 4481, NULL),
(4548, '2013-05-11 02:32:59', 'pradeepb', 0, 'KLASS_LEVEL', NULL, 91, 4481, NULL),
(4560, '2013-05-11 02:33:55', 'apeironsol123', 0, 'BRANCH_LEVEL', 192, NULL, 4557, NULL),
(4561, '2013-05-11 02:33:55', 'apeironsol123', 0, 'BRANCH_LEVEL', 202, NULL, 4557, NULL),
(4562, '2013-05-11 02:33:55', 'apeironsol123', 0, 'BRANCH_LEVEL', 204, NULL, 4557, NULL),
(4563, '2013-05-11 02:33:55', 'apeironsol123', 0, 'BRANCH_LEVEL', 999, NULL, 4557, NULL),
(4566, '2013-05-11 02:33:55', 'apeironsol123', 0, 'KLASS_LEVEL', NULL, 87, 4557, NULL),
(4567, '2013-05-11 02:33:55', 'apeironsol123', 0, 'KLASS_LEVEL', NULL, 91, 4557, NULL),
(4589, '2013-05-11 02:39:04', 'apeironsol123', 0, 'BRANCH_LEVEL', 192, NULL, 4584, NULL),
(4590, '2013-05-11 02:39:04', 'apeironsol123', 0, 'BRANCH_LEVEL', 202, NULL, 4584, NULL),
(4591, '2013-05-11 02:39:04', 'apeironsol123', 0, 'BRANCH_LEVEL', 204, NULL, 4584, NULL),
(4592, '2013-05-11 02:39:04', 'apeironsol123', 0, 'BRANCH_LEVEL', 999, NULL, 4584, NULL),
(4595, '2013-05-11 02:39:05', 'apeironsol123', 0, 'KLASS_LEVEL', NULL, 87, 4584, NULL),
(4596, '2013-05-11 02:39:05', 'apeironsol123', 0, 'KLASS_LEVEL', NULL, 91, 4584, NULL),
(4602, '2013-05-11 02:39:15', 'pradeepb', 0, 'BRANCH_LEVEL', 192, NULL, 4586, NULL),
(4603, '2013-05-11 02:39:15', 'pradeepb', 0, 'BRANCH_LEVEL', 202, NULL, 4586, NULL),
(4604, '2013-05-11 02:39:15', 'pradeepb', 0, 'BRANCH_LEVEL', 204, NULL, 4586, NULL),
(4605, '2013-05-11 02:39:15', 'pradeepb', 0, 'BRANCH_LEVEL', 999, NULL, 4586, NULL),
(4608, '2013-05-11 02:39:15', 'pradeepb', 0, 'KLASS_LEVEL', NULL, 87, 4586, NULL),
(4609, '2013-05-11 02:39:15', 'pradeepb', 0, 'KLASS_LEVEL', NULL, 91, 4586, NULL),
(4626, '2013-05-11 02:40:49', 'apeironsol123', 0, 'BRANCH_LEVEL', 192, NULL, 4623, NULL),
(4627, '2013-05-11 02:40:49', 'apeironsol123', 0, 'BRANCH_LEVEL', 202, NULL, 4623, NULL),
(4628, '2013-05-11 02:40:49', 'apeironsol123', 0, 'BRANCH_LEVEL', 204, NULL, 4623, NULL),
(4629, '2013-05-11 02:40:49', 'apeironsol123', 0, 'BRANCH_LEVEL', 999, NULL, 4623, NULL);
INSERT INTO `STUDENT_FEE` (`ID`, `AUDIT_TIMESTAMP`, `AUDIT_USER_NAME`, `VERSION`, `FEE_CLASSFN`, `BRANCH_LEVEL_FEE_ID`, `KLASS_LEVEL_FEE_ID`, `STUDENT_ACADEMIC_YEAR_ID`, `STUDENT_LEVEL_FEE_ID`) VALUES
(4632, '2013-05-11 02:40:49', 'apeironsol123', 0, 'KLASS_LEVEL', NULL, 87, 4623, NULL),
(4633, '2013-05-11 02:40:49', 'apeironsol123', 0, 'KLASS_LEVEL', NULL, 91, 4623, NULL),
(4655, '2013-05-11 02:44:39', 'apeironsol123', 0, 'BRANCH_LEVEL', 192, NULL, 4650, NULL),
(4656, '2013-05-11 02:44:39', 'apeironsol123', 0, 'BRANCH_LEVEL', 202, NULL, 4650, NULL),
(4657, '2013-05-11 02:44:39', 'apeironsol123', 0, 'BRANCH_LEVEL', 204, NULL, 4650, NULL),
(4658, '2013-05-11 02:44:39', 'apeironsol123', 0, 'BRANCH_LEVEL', 999, NULL, 4650, NULL),
(4661, '2013-05-11 02:44:39', 'apeironsol123', 0, 'KLASS_LEVEL', NULL, 87, 4650, NULL),
(4662, '2013-05-11 02:44:39', 'apeironsol123', 0, 'KLASS_LEVEL', NULL, 91, 4650, NULL),
(4668, '2013-05-11 02:44:44', 'pradeepb', 0, 'BRANCH_LEVEL', 192, NULL, 4652, NULL),
(4669, '2013-05-11 02:44:44', 'pradeepb', 0, 'BRANCH_LEVEL', 202, NULL, 4652, NULL),
(4670, '2013-05-11 02:44:44', 'pradeepb', 0, 'BRANCH_LEVEL', 204, NULL, 4652, NULL),
(4671, '2013-05-11 02:44:44', 'pradeepb', 0, 'BRANCH_LEVEL', 999, NULL, 4652, NULL),
(4674, '2013-05-11 02:44:44', 'pradeepb', 0, 'KLASS_LEVEL', NULL, 87, 4652, NULL),
(4675, '2013-05-11 02:44:44', 'pradeepb', 0, 'KLASS_LEVEL', NULL, 91, 4652, NULL),
(4706, '2013-05-11 02:50:30', 'apeironsol123', 0, 'BRANCH_LEVEL', 192, NULL, 4702, NULL),
(4707, '2013-05-11 02:50:30', 'apeironsol123', 0, 'BRANCH_LEVEL', 202, NULL, 4702, NULL),
(4708, '2013-05-11 02:50:30', 'apeironsol123', 0, 'BRANCH_LEVEL', 204, NULL, 4702, NULL),
(4709, '2013-05-11 02:50:30', 'apeironsol123', 0, 'BRANCH_LEVEL', 999, NULL, 4702, NULL),
(4712, '2013-05-11 02:50:30', 'apeironsol123', 0, 'KLASS_LEVEL', NULL, 87, 4702, NULL),
(4713, '2013-05-11 02:50:30', 'apeironsol123', 0, 'KLASS_LEVEL', NULL, 91, 4702, NULL),
(4722, '2013-05-11 02:51:17', 'apeironsol123', 0, 'BRANCH_LEVEL', 192, NULL, 4718, NULL),
(4723, '2013-05-11 02:51:17', 'apeironsol123', 0, 'BRANCH_LEVEL', 202, NULL, 4718, NULL),
(4724, '2013-05-11 02:51:17', 'apeironsol123', 0, 'BRANCH_LEVEL', 204, NULL, 4718, NULL),
(4725, '2013-05-11 02:51:17', 'apeironsol123', 0, 'BRANCH_LEVEL', 999, NULL, 4718, NULL),
(4726, '2013-05-11 02:51:17', 'apeironsol123', 0, 'KLASS_LEVEL', NULL, 87, 4718, NULL),
(4727, '2013-05-11 02:51:17', 'apeironsol123', 0, 'KLASS_LEVEL', NULL, 91, 4718, NULL);

-- --------------------------------------------------------

--
-- Table structure for table `STUDENT_FEE_TXN`
--

CREATE TABLE IF NOT EXISTS `STUDENT_FEE_TXN` (
  `ID` bigint(20) NOT NULL,
  `AUDIT_TIMESTAMP` datetime NOT NULL,
  `AUDIT_USER_NAME` varchar(255) NOT NULL,
  `VERSION` bigint(20) NOT NULL,
  `AMOUNT` double NOT NULL,
  `BANK_BRANCH` varchar(255) DEFAULT NULL,
  `BANK_NAME` varchar(255) DEFAULT NULL,
  `CHEQUE_NR` varchar(255) DEFAULT NULL,
  `EXT_TRANSACTION_DATE` datetime DEFAULT NULL,
  `EXT_TRANSACTION_NR` varchar(255) DEFAULT NULL,
  `PAYMENT_METHOD` varchar(255) DEFAULT NULL,
  `SFT_STATUS` varchar(255) NOT NULL,
  `SFT_TYPE` varchar(255) NOT NULL,
  `TRANSACTION_DATE` date NOT NULL,
  `TRANSACTION_NR` varchar(255) NOT NULL,
  `STUDENT_ACADEMIC_YEAR_ID` bigint(20) NOT NULL,
  `COMMENTS` longtext,
  PRIMARY KEY (`ID`),
  KEY `FK2F4ECBCDAC13E29D` (`STUDENT_ACADEMIC_YEAR_ID`)
) ENGINE=MyISAM DEFAULT CHARSET=latin1;

--
-- Dumping data for table `STUDENT_FEE_TXN`
--

INSERT INTO `STUDENT_FEE_TXN` (`ID`, `AUDIT_TIMESTAMP`, `AUDIT_USER_NAME`, `VERSION`, `AMOUNT`, `BANK_BRANCH`, `BANK_NAME`, `CHEQUE_NR`, `EXT_TRANSACTION_DATE`, `EXT_TRANSACTION_NR`, `PAYMENT_METHOD`, `SFT_STATUS`, `SFT_TYPE`, `TRANSACTION_DATE`, `TRANSACTION_NR`, `STUDENT_ACADEMIC_YEAR_ID`, `COMMENTS`) VALUES
(1143, '2013-04-21 04:19:06', 'pradeepb', 0, 10000, NULL, NULL, NULL, NULL, NULL, NULL, 'DEDUCTION_PROCESSED', 'DEDUCT', '2013-04-21', 'TXFD210420131', 233, NULL),
(1148, '2013-04-21 04:20:59', 'pradeepb', 0, 100, NULL, NULL, NULL, '2012-05-27 00:00:00', '291', 'CASH', 'PAYMENT_PROCESSED', 'PAYMENT', '2013-04-21', 'TXFP210420131', 233, NULL),
(1150, '2013-04-21 04:23:27', 'pradeepb', 0, 4000, NULL, NULL, NULL, '2012-07-03 00:00:00', '1796', 'CASH', 'PAYMENT_PROCESSED', 'PAYMENT', '2013-04-21', 'TXFP210420132', 233, NULL),
(1152, '2013-04-21 04:27:52', 'pradeepb', 0, 2000, NULL, NULL, NULL, '2012-05-27 00:00:00', '291', 'CASH', 'PAYMENT_PROCESSED', 'PAYMENT', '2013-04-21', 'TXFP210420133', 233, NULL),
(1154, '2013-04-21 04:31:09', 'pradeepb', 0, 5000, NULL, NULL, NULL, '2012-10-11 00:00:00', '349', 'CASH', 'PAYMENT_PROCESSED', 'PAYMENT', '2013-04-21', 'TXFP210420134', 233, NULL),
(1156, '2013-04-21 04:33:10', 'pradeepb', 1, 5000, NULL, NULL, NULL, '2012-12-11 00:00:00', '796', 'CASH', 'TRANSACTOIN_CANCELLED', 'PAYMENT', '2013-04-21', 'TXFP210420135', 233, NULL),
(1159, '2013-04-21 04:38:38', 'pradeepb', 0, 5000, NULL, NULL, NULL, '2012-12-11 00:00:00', '796', 'CASH', 'PAYMENT_PROCESSED', 'PAYMENT', '2013-04-21', 'TXFP210420136', 233, NULL),
(1258, '2013-04-27 03:06:15', 'pradeepb', 0, 4000, NULL, NULL, NULL, '2012-07-06 00:00:00', '646', 'CASH', 'PAYMENT_PROCESSED', 'PAYMENT', '2013-04-27', 'TXFP270420131', 606, NULL),
(1261, '2013-04-27 03:09:00', 'pradeepb', 0, 9000, NULL, NULL, NULL, NULL, NULL, NULL, 'DEDUCTION_PROCESSED', 'DEDUCT', '2013-04-27', 'TXFD270420131', 606, NULL),
(1265, '2013-04-27 03:09:52', 'pradeepb', 1, 50, NULL, NULL, NULL, NULL, NULL, 'CASH', 'TRANSACTOIN_CANCELLED', 'PAYMENT', '2013-04-27', 'TXFP270420132', 606, NULL),
(1267, '2013-04-27 03:11:17', 'pradeepb', 0, 100, NULL, NULL, NULL, '2012-06-05 00:00:00', '1821', 'CASH', 'PAYMENT_PROCESSED', 'PAYMENT', '2013-04-27', 'TXFP270420133', 606, NULL),
(1269, '2013-04-27 03:12:39', 'pradeepb', 0, 2000, NULL, NULL, NULL, '2012-06-05 00:00:00', '1821', 'CASH', 'PAYMENT_PROCESSED', 'PAYMENT', '2013-04-27', 'TXFP270420134', 606, NULL),
(1271, '2013-04-27 03:13:36', 'pradeepb', 0, 5000, NULL, NULL, NULL, '2012-07-09 00:00:00', '2112', 'CASH', 'PAYMENT_PROCESSED', 'PAYMENT', '2013-04-27', 'TXFP270420135', 606, NULL),
(1273, '2013-04-27 03:14:49', 'pradeepb', 0, 6000, NULL, NULL, NULL, '2012-11-09 00:00:00', '530', 'CASH', 'PAYMENT_PROCESSED', 'PAYMENT', '2013-04-27', 'TXFP270420136', 606, NULL),
(1276, '2013-04-27 03:15:58', 'pradeepb', 0, 6000, NULL, NULL, NULL, '2012-12-12 00:00:00', '828', 'CASH', 'PAYMENT_PROCESSED', 'PAYMENT', '2013-04-27', 'TXFP270420137', 606, NULL),
(1279, '2013-04-27 03:18:20', 'pradeepb', 0, 4000, NULL, NULL, NULL, '2012-07-09 00:00:00', '2004', 'CASH', 'PAYMENT_PROCESSED', 'PAYMENT', '2013-04-27', 'TXFP270420138', 618, NULL),
(1281, '2013-04-27 03:21:24', 'pradeepb', 0, 100, NULL, NULL, NULL, '2012-06-06 00:00:00', '1835', 'CASH', 'PAYMENT_PROCESSED', 'PAYMENT', '2013-04-27', 'TXFP270420139', 618, NULL),
(1283, '2013-04-27 03:23:09', 'pradeepb', 0, 11000, NULL, NULL, NULL, NULL, NULL, NULL, 'DEDUCTION_PROCESSED', 'DEDUCT', '2013-04-27', 'TXFD270420132', 618, NULL),
(1287, '2013-04-27 03:24:43', 'pradeepb', 0, 1000, NULL, NULL, NULL, '2012-06-06 00:00:00', '1835', 'CASH', 'PAYMENT_PROCESSED', 'PAYMENT', '2013-04-27', 'TXFP2704201310', 618, NULL),
(1289, '2013-04-27 03:25:32', 'pradeepb', 0, 5000, NULL, NULL, NULL, '2012-07-09 00:00:00', '2107', 'CASH', 'PAYMENT_PROCESSED', 'PAYMENT', '2013-04-27', 'TXFP2704201311', 618, NULL),
(1291, '2013-04-27 03:26:26', 'pradeepb', 0, 5000, NULL, NULL, NULL, '2012-11-10 00:00:00', '542', 'CASH', 'PAYMENT_PROCESSED', 'PAYMENT', '2013-04-27', 'TXFP2704201312', 618, NULL),
(1294, '2013-04-27 03:27:24', 'pradeepb', 0, 6000, NULL, NULL, NULL, '2012-12-12 00:00:00', '842', 'CASH', 'PAYMENT_PROCESSED', 'PAYMENT', '2013-04-27', 'TXFP2704201313', 618, NULL),
(1297, '2013-04-27 03:29:47', 'pradeepb', 0, 600, NULL, NULL, NULL, '2012-06-06 00:00:00', '1759', 'CASH', 'PAYMENT_PROCESSED', 'PAYMENT', '2013-04-27', 'TXFP2704201314', 630, NULL),
(1300, '2013-04-27 03:31:02', 'pradeepb', 0, 16000, NULL, NULL, NULL, NULL, NULL, NULL, 'DEDUCTION_PROCESSED', 'DEDUCT', '2013-04-27', 'TXFD270420133', 630, NULL),
(1304, '2013-04-27 03:31:53', 'pradeepb', 0, 3000, NULL, NULL, NULL, '2012-11-07 00:00:00', '491', 'CASH', 'PAYMENT_PROCESSED', 'PAYMENT', '2013-04-27', 'TXFP2704201315', 630, NULL),
(1306, '2013-04-27 03:32:58', 'pradeepb', 0, 7000, NULL, NULL, NULL, '2012-12-20 00:00:00', '888', 'CASH', 'PAYMENT_PROCESSED', 'PAYMENT', '2013-04-27', 'TXFP2704201316', 630, NULL),
(1310, '2013-04-27 03:35:19', 'pradeepb', 0, 14000, NULL, NULL, NULL, NULL, NULL, NULL, 'DEDUCTION_PROCESSED', 'DEDUCT', '2013-04-27', 'TXFD270420134', 840, NULL),
(1314, '2013-04-27 03:38:07', 'pradeepb', 0, 2100, NULL, NULL, NULL, '2012-06-08 00:00:00', '1908', 'CASH', 'PAYMENT_PROCESSED', 'PAYMENT', '2013-04-27', 'TXFP2704201317', 840, NULL),
(1317, '2013-04-27 03:39:17', 'pradeepb', 0, 8000, NULL, NULL, NULL, '2012-07-09 00:00:00', '2110', 'CASH', 'PAYMENT_PROCESSED', 'PAYMENT', '2013-04-27', 'TXFP2704201318', 840, NULL),
(1320, '2013-04-27 03:39:54', 'pradeepb', 0, 4000, NULL, NULL, NULL, '2012-10-17 00:00:00', '373', 'CASH', 'PAYMENT_PROCESSED', 'PAYMENT', '2013-04-27', 'TXFP2704201319', 840, NULL),
(1323, '2013-04-27 03:42:44', 'pradeepb', 0, 12000, NULL, NULL, NULL, NULL, NULL, NULL, 'DEDUCTION_PROCESSED', 'DEDUCT', '2013-04-27', 'TXFD270420135', 654, NULL),
(1327, '2013-04-27 03:44:35', 'pradeepb', 0, 1100, NULL, NULL, NULL, '2012-06-08 00:00:00', '142', 'CASH', 'PAYMENT_PROCESSED', 'PAYMENT', '2013-04-27', 'TXFP2704201320', 654, NULL),
(1330, '2013-04-27 03:45:34', 'pradeepb', 0, 6000, NULL, NULL, NULL, '2012-10-05 00:00:00', '292', 'CASH', 'PAYMENT_PROCESSED', 'PAYMENT', '2013-04-27', 'TXFP2704201321', 654, NULL),
(1332, '2013-04-27 03:46:12', 'pradeepb', 0, 3000, NULL, NULL, NULL, '2012-12-12 00:00:00', '823', 'CASH', 'PAYMENT_PROCESSED', 'PAYMENT', '2013-04-27', 'TXFP2704201322', 654, NULL),
(1334, '2013-04-27 03:49:08', 'pradeepb', 0, 14000, NULL, NULL, NULL, NULL, NULL, NULL, 'DEDUCTION_PROCESSED', 'DEDUCT', '2013-04-27', 'TXFD270420136', 666, NULL),
(1338, '2013-04-27 03:49:57', 'pradeepb', 0, 1100, NULL, NULL, NULL, '2012-06-08 00:00:00', '1766', 'CASH', 'PAYMENT_PROCESSED', 'PAYMENT', '2013-04-27', 'TXFP2704201323', 666, NULL),
(1341, '2013-04-27 03:50:54', 'pradeepb', 0, 4000, NULL, NULL, NULL, '2012-07-16 00:00:00', '2037', 'CASH', 'PAYMENT_PROCESSED', 'PAYMENT', '2013-04-27', 'TXFP2704201324', 666, NULL),
(1343, '2013-04-27 03:52:06', 'pradeepb', 0, 6000, NULL, NULL, NULL, '2012-07-23 00:00:00', '076', 'CASH', 'PAYMENT_PROCESSED', 'PAYMENT', '2013-04-27', 'TXFP2704201325', 666, NULL),
(1345, '2013-04-27 03:52:59', 'pradeepb', 0, 5000, NULL, NULL, NULL, '2012-12-12 00:00:00', '826', 'CASH', 'PAYMENT_PROCESSED', 'PAYMENT', '2013-04-27', 'TXFP2704201326', 666, NULL),
(1348, '2013-04-27 03:53:43', 'pradeepb', 0, 2000, NULL, NULL, NULL, '2013-02-24 00:00:00', '1304', 'CASH', 'PAYMENT_PROCESSED', 'PAYMENT', '2013-04-27', 'TXFP2704201327', 666, NULL),
(1350, '2013-04-27 03:56:38', 'pradeepb', 0, 12000, NULL, NULL, NULL, NULL, NULL, NULL, 'DEDUCTION_PROCESSED', 'DEDUCT', '2013-04-27', 'TXFD270420137', 856, NULL),
(1354, '2013-04-27 03:59:38', 'pradeepb', 0, 2100, NULL, NULL, NULL, '2012-06-11 00:00:00', '1935', 'CASH', 'PAYMENT_PROCESSED', 'PAYMENT', '2013-04-27', 'TXFP2704201328', 856, NULL),
(1357, '2013-04-27 04:00:41', 'pradeepb', 0, 3000, NULL, NULL, NULL, '2012-10-03 00:00:00', '269', 'CASH', 'PAYMENT_PROCESSED', 'PAYMENT', '2013-04-27', 'TXFP2704201329', 856, NULL),
(1359, '2013-04-27 04:02:00', 'pradeepb', 0, 4000, NULL, NULL, NULL, '2012-12-12 00:00:00', '820', 'CASH', 'PAYMENT_PROCESSED', 'PAYMENT', '2013-04-27', 'TXFP2704201330', 856, NULL),
(1362, '2013-04-27 04:02:51', 'pradeepb', 0, 2000, NULL, NULL, NULL, '2013-01-09 00:00:00', '997', 'CASH', 'PAYMENT_PROCESSED', 'PAYMENT', '2013-04-27', 'TXFP2704201331', 856, NULL),
(1372, '2013-04-28 01:15:14', 'pradeepb', 0, 11000, NULL, NULL, NULL, NULL, NULL, NULL, 'DEDUCTION_PROCESSED', 'DEDUCT', '2013-04-28', 'TXFD280420131', 868, NULL),
(1377, '2013-04-28 01:19:01', 'pradeepb', 0, 2100, NULL, NULL, NULL, '2012-06-12 00:00:00', '1871', 'CASH', 'PAYMENT_PROCESSED', 'PAYMENT', '2013-04-28', 'TXFP280420131', 868, NULL),
(1380, '2013-04-28 01:20:09', 'pradeepb', 0, 5000, NULL, NULL, NULL, '2012-11-10 00:00:00', '608', 'CASH', 'PAYMENT_PROCESSED', 'PAYMENT', '2013-04-28', 'TXFP280420132', 868, NULL),
(1382, '2013-04-28 01:21:23', 'pradeepb', 0, 4000, NULL, NULL, NULL, '2013-01-30 00:00:00', '1138', 'CASH', 'PAYMENT_PROCESSED', 'PAYMENT', '2013-04-28', 'TXFP280420133', 868, NULL),
(1385, '2013-04-28 01:28:18', 'pradeepb', 0, 7000, NULL, NULL, NULL, NULL, NULL, NULL, 'DEDUCTION_PROCESSED', 'DEDUCT', '2013-04-28', 'TXFD280420132', 880, NULL),
(1389, '2013-04-28 01:30:28', 'pradeepb', 0, 2100, NULL, NULL, NULL, '2012-06-13 00:00:00', '1939', 'CASH', 'PAYMENT_PROCESSED', 'PAYMENT', '2013-04-28', 'TXFP280420134', 880, NULL),
(1392, '2013-04-28 01:31:40', 'pradeepb', 0, 4000, NULL, NULL, NULL, '2012-07-10 00:00:00', '2123', 'CASH', 'PAYMENT_PROCESSED', 'PAYMENT', '2013-04-28', 'TXFP280420135', 880, NULL),
(1394, '2013-04-28 01:33:05', 'pradeepb', 0, 7000, NULL, NULL, NULL, '2012-10-18 00:00:00', '384', 'CASH', 'PAYMENT_PROCESSED', 'PAYMENT', '2013-04-28', 'TXFP280420136', 880, NULL),
(1397, '2013-04-28 01:54:16', 'pradeepb', 0, 8000, NULL, NULL, NULL, NULL, NULL, NULL, 'DEDUCTION_PROCESSED', 'DEDUCT', '2013-04-28', 'TXFD280420133', 892, NULL),
(1401, '2013-04-28 01:55:31', 'pradeepb', 0, 1100, NULL, NULL, NULL, '2012-06-14 00:00:00', '2392', 'CASH', 'PAYMENT_PROCESSED', 'PAYMENT', '2013-04-28', 'TXFP280420137', 892, NULL),
(1404, '2013-04-28 01:56:25', 'pradeepb', 0, 10000, NULL, NULL, NULL, '2012-08-06 00:00:00', '114', 'CASH', 'PAYMENT_PROCESSED', 'PAYMENT', '2013-04-28', 'TXFP280420138', 892, NULL),
(1407, '2013-04-28 01:58:28', 'pradeepb', 0, 10000, NULL, NULL, NULL, NULL, NULL, NULL, 'DEDUCTION_PROCESSED', 'DEDUCT', '2013-04-28', 'TXFD280420134', 912, NULL),
(1411, '2013-04-28 02:00:17', 'pradeepb', 0, 8100, NULL, NULL, NULL, '2012-06-19 00:00:00', '153', 'CASH', 'PAYMENT_PROCESSED', 'PAYMENT', '2013-04-28', 'TXFP280420139', 912, NULL),
(1414, '2013-04-28 02:25:47', 'pradeepb', 0, 10000, NULL, NULL, NULL, '2012-12-12 00:00:00', '824', 'CASH', 'PAYMENT_PROCESSED', 'PAYMENT', '2013-04-28', 'TXFP2804201310', 912, NULL),
(1418, '2013-04-28 02:29:20', 'pradeepb', 0, 10000, NULL, NULL, NULL, NULL, NULL, NULL, 'DEDUCTION_PROCESSED', 'DEDUCT', '2013-04-28', 'TXFD280420135', 924, NULL),
(1422, '2013-04-28 02:31:08', 'pradeepb', 0, 8100, NULL, NULL, NULL, '2012-06-19 00:00:00', '154', 'CASH', 'PAYMENT_PROCESSED', 'PAYMENT', '2013-04-28', 'TXFP2804201311', 924, NULL),
(1425, '2013-04-28 02:32:31', 'pradeepb', 0, 10000, NULL, NULL, NULL, '2012-12-12 00:00:00', '825', 'CASH', 'PAYMENT_PROCESSED', 'PAYMENT', '2013-04-28', 'TXFP2804201312', 924, NULL),
(1429, '2013-04-28 02:37:55', 'pradeepb', 0, 13000, NULL, NULL, NULL, NULL, NULL, NULL, 'DEDUCTION_PROCESSED', 'DEDUCT', '2013-04-28', 'TXFD280420136', 936, NULL),
(1433, '2013-04-28 02:38:52', 'pradeepb', 0, 7100, NULL, NULL, NULL, '2012-07-06 00:00:00', '777', 'CASH', 'PAYMENT_PROCESSED', 'PAYMENT', '2013-04-28', 'TXFP2804201313', 936, NULL),
(1436, '2013-04-28 02:40:56', 'pradeepb', 0, 3000, NULL, NULL, NULL, '2012-11-09 00:00:00', '3000', 'CASH', 'PAYMENT_PROCESSED', 'PAYMENT', '2013-04-28', 'TXFP2804201314', 936, NULL),
(1440, '2013-04-29 01:25:08', 'pradeepb', 0, 13000, NULL, NULL, NULL, NULL, NULL, NULL, 'DEDUCTION_PROCESSED', 'DEDUCT', '2013-04-29', 'TXFD290420131', 294, NULL),
(1445, '2013-04-29 01:33:33', 'pradeepb', 0, 4000, NULL, NULL, NULL, '2012-07-11 00:00:00', '2022', 'CASH', 'PAYMENT_PROCESSED', 'PAYMENT', '2013-04-29', 'TXFP290420131', 294, NULL),
(1447, '2013-04-29 01:35:28', 'pradeepb', 0, 2100, NULL, NULL, NULL, '2012-03-20 00:00:00', '101', 'CASH', 'PAYMENT_PROCESSED', 'PAYMENT', '2013-04-29', 'TXFP290420132', 294, NULL),
(1450, '2013-04-29 01:48:42', 'pradeepb', 0, 6000, NULL, NULL, NULL, '2012-07-12 00:00:00', '2148', 'CASH', 'PAYMENT_PROCESSED', 'PAYMENT', '2013-04-29', 'TXFP290420133', 294, NULL),
(1453, '2013-04-29 01:55:16', 'pradeepb', 0, 3000, NULL, NULL, NULL, '2012-12-22 00:00:00', '902', 'CASH', 'PAYMENT_PROCESSED', 'PAYMENT', '2013-04-29', 'TXFP290420134', 294, NULL),
(1455, '2013-04-29 01:56:21', 'pradeepb', 0, 4000, NULL, NULL, NULL, '2013-01-07 00:00:00', '982', 'CASH', 'PAYMENT_PROCESSED', 'PAYMENT', '2013-04-29', 'TXFP290420135', 294, NULL),
(1458, '2013-04-29 01:59:58', 'pradeepb', 0, 10000, NULL, NULL, NULL, NULL, NULL, NULL, 'DEDUCTION_PROCESSED', 'DEDUCT', '2013-04-29', 'TXFD290420132', 948, NULL),
(1462, '2013-04-29 02:32:33', 'pradeepb', 0, 1100, NULL, NULL, NULL, '2012-06-03 00:00:00', '130', 'CASH', 'PAYMENT_PROCESSED', 'PAYMENT', '2013-04-29', 'TXFP290420136', 948, NULL),
(1465, '2013-04-29 02:33:46', 'pradeepb', 0, 6000, NULL, NULL, NULL, '2012-10-15 00:00:00', '364', 'CASH', 'PAYMENT_PROCESSED', 'PAYMENT', '2013-04-29', 'TXFP290420137', 948, NULL),
(1467, '2013-04-29 02:47:11', 'pradeepb', 0, 4000, NULL, NULL, NULL, '2012-12-13 00:00:00', '847', 'CASH', 'PAYMENT_PROCESSED', 'PAYMENT', '2013-04-29', 'TXFP290420138', 948, NULL),
(1470, '2013-04-29 02:49:48', 'pradeepb', 0, 10000, NULL, NULL, NULL, NULL, NULL, NULL, 'DEDUCTION_PROCESSED', 'DEDUCT', '2013-04-29', 'TXFD290420133', 1167, NULL),
(1474, '2013-04-29 02:52:48', 'pradeepb', 0, 1000, NULL, NULL, NULL, '2012-04-24 00:00:00', 'NA', 'CASH', 'PAYMENT_PROCESSED', 'PAYMENT', '2013-04-29', 'TXFP290420139', 1167, NULL),
(1477, '2013-04-29 02:53:44', 'pradeepb', 0, 5000, NULL, NULL, NULL, '2012-12-26 00:00:00', '932', 'CASH', 'PAYMENT_PROCESSED', 'PAYMENT', '2013-04-29', 'TXFP2904201310', 1167, NULL),
(1479, '2013-04-29 06:52:13', 'pradeepb', 0, 4100, NULL, NULL, NULL, '2013-03-01 00:00:00', '1346', 'CASH', 'PAYMENT_PROCESSED', 'PAYMENT', '2013-04-29', 'TXFP2904201311', 1167, NULL),
(1482, '2013-04-29 06:55:00', 'pradeepb', 0, 14000, NULL, NULL, NULL, NULL, NULL, NULL, 'DEDUCTION_PROCESSED', 'DEDUCT', '2013-04-29', 'TXFD290420134', 1180, NULL),
(1486, '2013-04-29 06:56:58', 'pradeepb', 0, 1100, NULL, NULL, NULL, '2013-05-14 00:00:00', '241', 'CASH', 'PAYMENT_PROCESSED', 'PAYMENT', '2013-04-29', 'TXFP2904201312', 1180, NULL),
(1489, '2013-04-29 06:57:51', 'pradeepb', 0, 5000, NULL, NULL, NULL, '2012-12-13 00:00:00', '851', 'CASH', 'PAYMENT_PROCESSED', 'PAYMENT', '2013-04-29', 'TXFP2904201313', 1180, NULL),
(1491, '2013-04-29 06:59:40', 'pradeepb', 0, 10000, NULL, NULL, NULL, NULL, NULL, NULL, 'DEDUCTION_PROCESSED', 'DEDUCT', '2013-04-29', 'TXFD290420135', 1210, NULL),
(1495, '2013-04-29 07:00:41', 'pradeepb', 0, 2100, NULL, NULL, NULL, '2012-05-17 00:00:00', '246', 'CASH', 'PAYMENT_PROCESSED', 'PAYMENT', '2013-04-29', 'TXFP2904201314', 1210, NULL),
(1498, '2013-04-29 07:02:47', 'pradeepb', 0, 8500, NULL, NULL, NULL, '2012-12-22 00:00:00', '897', 'CASH', 'PAYMENT_PROCESSED', 'PAYMENT', '2013-04-29', 'TXFP2904201315', 1210, NULL),
(1501, '2013-04-29 07:07:00', 'pradeepb', 0, 3000, NULL, NULL, NULL, NULL, NULL, NULL, 'DEDUCTION_PROCESSED', 'DEDUCT', '2013-04-29', 'TXFD290420136', 1197, NULL),
(1505, '2013-04-29 07:08:36', 'pradeepb', 0, 2100, NULL, NULL, NULL, '2012-06-02 00:00:00', '77695', 'CASH', 'PAYMENT_PROCESSED', 'PAYMENT', '2013-04-29', 'TXFP2904201316', 1197, NULL),
(1508, '2013-04-29 07:10:00', 'pradeepb', 0, 6000, NULL, NULL, NULL, '2012-07-09 00:00:00', '2111', 'CASH', 'PAYMENT_PROCESSED', 'PAYMENT', '2013-04-29', 'TXFP2904201317', 1197, NULL),
(1510, '2013-04-29 07:11:14', 'pradeepb', 0, 5000, NULL, NULL, NULL, '2012-11-09 00:00:00', '524', 'CASH', 'PAYMENT_PROCESSED', 'PAYMENT', '2013-04-29', 'TXFP2904201318', 1197, NULL),
(1513, '2013-04-29 07:12:56', 'pradeepb', 0, 7000, NULL, NULL, NULL, '2012-12-26 00:00:00', '925', 'CASH', 'PAYMENT_PROCESSED', 'PAYMENT', '2013-04-29', 'TXFP2904201319', 1197, NULL),
(1516, '2013-04-29 07:17:44', 'pradeepb', 0, 11000, NULL, NULL, NULL, NULL, NULL, NULL, 'DEDUCTION_PROCESSED', 'DEDUCT', '2013-04-29', 'TXFD290420137', 1223, NULL),
(1520, '2013-04-29 07:18:42', 'pradeepb', 0, 1100, NULL, NULL, NULL, '2012-06-06 00:00:00', '1750', 'CASH', 'PAYMENT_PROCESSED', 'PAYMENT', '2013-04-29', 'TXFP2904201320', 1223, NULL),
(1523, '2013-04-29 07:20:59', 'pradeepb', 0, 4000, NULL, NULL, NULL, '2012-07-10 00:00:00', '2014', 'CASH', 'PAYMENT_PROCESSED', 'PAYMENT', '2013-04-29', 'TXFP2904201321', 1223, NULL),
(1525, '2013-04-29 07:21:50', 'pradeepb', 0, 6000, NULL, NULL, NULL, '2012-09-28 00:00:00', '263', 'CASH', 'PAYMENT_PROCESSED', 'PAYMENT', '2013-04-29', 'TXFP2904201322', 1223, NULL),
(1527, '2013-04-29 07:23:01', 'pradeepb', 0, 4000, NULL, NULL, NULL, '2012-12-10 00:00:00', '794', 'CASH', 'PAYMENT_PROCESSED', 'PAYMENT', '2013-04-29', 'TXFP2904201323', 1223, NULL),
(1530, '2013-04-29 07:49:28', 'pradeepb', 0, 8000, NULL, NULL, NULL, NULL, NULL, NULL, 'DEDUCTION_PROCESSED', 'DEDUCT', '2013-04-29', 'TXFD290420138', 1236, NULL),
(1534, '2013-04-29 07:50:27', 'pradeepb', 0, 2100, NULL, NULL, NULL, '2012-05-26 00:00:00', '286', 'CASH', 'PAYMENT_PROCESSED', 'PAYMENT', '2013-04-29', 'TXFP2904201324', 1236, NULL),
(1537, '2013-04-29 07:52:40', 'pradeepb', 0, 10000, NULL, NULL, NULL, '2012-11-10 00:00:00', '607', 'CASH', 'PAYMENT_PROCESSED', 'PAYMENT', '2013-04-29', 'TXFP2904201325', 1236, NULL),
(1541, '2013-04-30 00:38:11', 'pradeepb', 0, 8000, NULL, NULL, NULL, NULL, NULL, NULL, 'DEDUCTION_PROCESSED', 'DEDUCT', '2013-04-30', 'TXFD300420131', 1249, NULL),
(1546, '2013-04-30 00:39:05', 'pradeepb', 0, 2100, NULL, NULL, NULL, '2012-02-21 00:00:00', '77653', 'CASH', 'PAYMENT_PROCESSED', 'PAYMENT', '2013-04-30', 'TXFP300420131', 1249, NULL),
(1549, '2013-04-30 00:48:20', 'pradeepb', 0, 4000, NULL, NULL, NULL, '2012-07-09 00:00:00', '2005', 'CASH', 'PAYMENT_PROCESSED', 'PAYMENT', '2013-04-30', 'TXFP300420132', 1249, NULL),
(1551, '2013-04-30 00:49:20', 'pradeepb', 0, 5000, NULL, NULL, NULL, '2012-10-18 00:00:00', '382', 'CASH', 'PAYMENT_PROCESSED', 'PAYMENT', '2013-04-30', 'TXFP300420133', 1249, NULL),
(1553, '2013-04-30 00:49:59', 'pradeepb', 0, 5000, NULL, NULL, NULL, '2012-12-12 00:00:00', '819', 'CASH', 'PAYMENT_PROCESSED', 'PAYMENT', '2013-04-30', 'TXFP300420134', 1249, NULL),
(1556, '2013-04-30 00:50:37', 'pradeepb', 0, 3000, NULL, NULL, NULL, '2013-01-30 00:00:00', '1141', 'CASH', 'PAYMENT_PROCESSED', 'PAYMENT', '2013-04-30', 'TXFP300420135', 1249, NULL),
(1558, '2013-04-30 00:53:47', 'pradeepb', 0, 6000, NULL, NULL, NULL, NULL, NULL, NULL, 'DEDUCTION_PROCESSED', 'DEDUCT', '2013-04-30', 'TXFD300420132', 246, NULL),
(1562, '2013-04-30 00:54:41', 'pradeepb', 0, 2100, NULL, NULL, NULL, '2012-04-26 00:00:00', '216', 'CASH', 'PAYMENT_PROCESSED', 'PAYMENT', '2013-04-30', 'TXFP300420136', 246, NULL),
(1565, '2013-04-30 00:57:22', 'pradeepb', 0, 20000, NULL, NULL, NULL, '2012-06-14 00:00:00', '2407', 'CASH', 'PAYMENT_PROCESSED', 'PAYMENT', '2013-04-30', 'TXFP300420137', 246, NULL),
(1569, '2013-04-30 00:59:12', 'pradeepb', 0, 8000, NULL, NULL, NULL, NULL, NULL, NULL, 'DEDUCTION_PROCESSED', 'DEDUCT', '2013-04-30', 'TXFD300420133', 258, NULL),
(1573, '2013-04-30 01:00:47', 'pradeepb', 0, 2100, NULL, NULL, NULL, '2012-05-15 00:00:00', 'NA', 'CASH', 'PAYMENT_PROCESSED', 'PAYMENT', '2013-04-30', 'TXFP300420138', 258, NULL),
(1576, '2013-04-30 01:02:01', 'pradeepb', 0, 5000, NULL, NULL, NULL, '2012-10-08 00:00:00', '323', 'CASH', 'PAYMENT_PROCESSED', 'PAYMENT', '2013-04-30', 'TXFP300420139', 258, NULL),
(1578, '2013-04-30 01:02:48', 'pradeepb', 0, 5000, NULL, NULL, NULL, '2012-12-12 00:00:00', '822', 'CASH', 'PAYMENT_PROCESSED', 'PAYMENT', '2013-04-30', 'TXFP3004201310', 258, NULL),
(1581, '2013-04-30 01:04:13', 'pradeepb', 0, 8000, NULL, NULL, NULL, NULL, NULL, NULL, 'DEDUCTION_PROCESSED', 'DEDUCT', '2013-04-30', 'TXFD300420134', 282, NULL),
(1585, '2013-04-30 01:05:46', 'pradeepb', 0, 2100, NULL, NULL, NULL, '2012-06-07 00:00:00', '77688', 'CASH', 'PAYMENT_PROCESSED', 'PAYMENT', '2013-04-30', 'TXFP3004201311', 282, NULL),
(1588, '2013-04-30 01:08:15', 'pradeepb', 0, 8000, NULL, NULL, NULL, '2012-06-18 00:00:00', '2448', 'CASH', 'PAYMENT_PROCESSED', 'PAYMENT', '2013-04-30', 'TXFP3004201312', 282, NULL),
(1590, '2013-04-30 01:09:08', 'pradeepb', 0, 5000, NULL, NULL, NULL, '2012-11-09 00:00:00', '529', 'CASH', 'PAYMENT_PROCESSED', 'PAYMENT', '2013-04-30', 'TXFP3004201313', 282, NULL),
(1592, '2013-04-30 01:13:50', 'pradeepb', 0, 13000, NULL, NULL, NULL, NULL, NULL, NULL, 'DEDUCTION_PROCESSED', 'DEDUCT', '2013-04-30', 'TXFD300420135', 306, NULL),
(1596, '2013-04-30 01:15:36', 'pradeepb', 0, 100, NULL, NULL, NULL, '2013-01-30 00:00:00', '1140', 'CASH', 'PAYMENT_PROCESSED', 'PAYMENT', '2013-04-30', 'TXFP3004201314', 306, NULL),
(1598, '2013-04-30 01:16:33', 'pradeepb', 0, 4000, NULL, NULL, NULL, '2012-07-12 00:00:00', '2023', 'CASH', 'PAYMENT_PROCESSED', 'PAYMENT', '2013-04-30', 'TXFP3004201315', 306, NULL),
(1600, '2013-04-30 01:19:01', 'pradeepb', 0, 13000, NULL, NULL, NULL, '2012-07-12 00:00:00', '2138', 'CASH', 'PAYMENT_PROCESSED', 'PAYMENT', '2013-04-30', 'TXFP3004201316', 306, NULL),
(1604, '2013-04-30 01:20:19', 'pradeepb', 0, 10000, NULL, NULL, NULL, NULL, NULL, NULL, 'DEDUCTION_PROCESSED', 'DEDUCT', '2013-04-30', 'TXFD300420136', 558, NULL),
(1608, '2013-04-30 01:21:10', 'pradeepb', 0, 1100, NULL, NULL, NULL, '2012-06-01 00:00:00', '121', 'CASH', 'PAYMENT_PROCESSED', 'PAYMENT', '2013-04-30', 'TXFP3004201317', 558, NULL),
(1611, '2013-04-30 01:22:41', 'pradeepb', 0, 4000, NULL, NULL, NULL, '2012-09-10 00:00:00', '205', 'CASH', 'PAYMENT_PROCESSED', 'PAYMENT', '2013-04-30', 'TXFP3004201318', 558, NULL),
(1613, '2013-04-30 01:23:27', 'pradeepb', 0, 4000, NULL, NULL, NULL, '2012-11-09 00:00:00', '536', 'CASH', 'PAYMENT_PROCESSED', 'PAYMENT', '2013-04-30', 'TXFP3004201319', 558, NULL),
(1615, '2013-04-30 01:24:10', 'pradeepb', 0, 4000, NULL, NULL, NULL, '2012-12-11 00:00:00', '797', 'CASH', 'PAYMENT_PROCESSED', 'PAYMENT', '2013-04-30', 'TXFP3004201320', 558, NULL),
(1617, '2013-04-30 01:28:44', 'pradeepb', 0, 13000, NULL, NULL, NULL, NULL, NULL, NULL, 'DEDUCTION_PROCESSED', 'DEDUCT', '2013-04-30', 'TXFD300420137', 342, NULL),
(1621, '2013-04-30 01:31:25', 'pradeepb', 0, 1100, NULL, NULL, NULL, '2012-04-23 00:00:00', '407', 'CASH', 'PAYMENT_PROCESSED', 'PAYMENT', '2013-04-30', 'TXFP3004201321', 342, NULL),
(1624, '2013-04-30 01:32:56', 'pradeepb', 0, 4000, NULL, NULL, NULL, '2012-12-08 00:00:00', '777', 'CASH', 'PAYMENT_PROCESSED', 'PAYMENT', '2013-04-30', 'TXFP3004201322', 342, NULL),
(1626, '2013-04-30 01:34:53', 'pradeepb', 0, 12000, NULL, NULL, NULL, NULL, NULL, NULL, 'DEDUCTION_PROCESSED', 'DEDUCT', '2013-04-30', 'TXFD300420138', 354, NULL),
(1630, '2013-04-30 01:35:37', 'pradeepb', 0, 1100, NULL, NULL, NULL, '2012-04-28 00:00:00', '410', 'CASH', 'PAYMENT_PROCESSED', 'PAYMENT', '2013-04-30', 'TXFP3004201323', 354, NULL),
(1633, '2013-04-30 01:36:32', 'pradeepb', 0, 4000, NULL, NULL, NULL, '2012-11-11 00:00:00', '623', 'CASH', 'PAYMENT_PROCESSED', 'PAYMENT', '2013-04-30', 'TXFP3004201324', 354, NULL),
(1635, '2013-04-30 01:37:09', 'pradeepb', 0, 4000, NULL, NULL, NULL, '2012-12-11 00:00:00', '798', 'CASH', 'PAYMENT_PROCESSED', 'PAYMENT', '2013-04-30', 'TXFP3004201325', 354, NULL),
(1638, '2013-04-30 01:38:29', 'pradeepb', 0, 10000, NULL, NULL, NULL, NULL, NULL, NULL, 'DEDUCTION_PROCESSED', 'DEDUCT', '2013-04-30', 'TXFD300420139', 366, NULL),
(1642, '2013-04-30 01:39:29', 'pradeepb', 0, 1100, NULL, NULL, NULL, '2012-05-02 00:00:00', 'NA', 'CASH', 'PAYMENT_PROCESSED', 'PAYMENT', '2013-04-30', 'TXFP3004201326', 366, NULL),
(1645, '2013-04-30 01:40:05', 'pradeepb', 0, 4000, NULL, NULL, NULL, '2012-07-07 00:00:00', '658', 'CASH', 'PAYMENT_PROCESSED', 'PAYMENT', '2013-04-30', 'TXFP3004201327', 366, NULL),
(1647, '2013-04-30 01:41:09', 'pradeepb', 0, 6000, NULL, NULL, NULL, '2012-09-28 00:00:00', '262', 'CASH', 'PAYMENT_PROCESSED', 'PAYMENT', '2013-04-30', 'TXFP3004201328', 366, NULL),
(1649, '2013-04-30 01:42:32', 'pradeepb', 0, 7000, NULL, NULL, NULL, '2012-12-06 00:00:00', '761', 'CASH', 'PAYMENT_PROCESSED', 'PAYMENT', '2013-04-30', 'TXFP3004201329', 366, NULL),
(1653, '2013-04-30 02:15:50', 'pradeepb', 0, 13000, NULL, NULL, NULL, NULL, NULL, NULL, 'DEDUCTION_PROCESSED', 'DEDUCT', '2013-04-30', 'TXFD3004201310', 390, NULL),
(1657, '2013-04-30 02:16:57', 'pradeepb', 0, 100, NULL, NULL, NULL, '2013-02-02 00:00:00', '1168', 'CASH', 'PAYMENT_PROCESSED', 'PAYMENT', '2013-04-30', 'TXFP3004201330', 390, NULL),
(1659, '2013-04-30 02:18:05', 'pradeepb', 0, 4000, NULL, NULL, NULL, '2012-07-09 00:00:00', '2113', 'CASH', 'PAYMENT_PROCESSED', 'PAYMENT', '2013-04-30', 'TXFP3004201331', 390, NULL),
(1661, '2013-04-30 02:19:00', 'pradeepb', 0, 2500, NULL, NULL, NULL, '2012-10-04 00:00:00', '283', 'CASH', 'PAYMENT_PROCESSED', 'PAYMENT', '2013-04-30', 'TXFP3004201332', 390, NULL),
(1663, '2013-04-30 02:19:43', 'pradeepb', 0, 2000, NULL, NULL, NULL, '2012-10-29 00:00:00', '408', 'CASH', 'PAYMENT_PROCESSED', 'PAYMENT', '2013-04-30', 'TXFP3004201333', 390, NULL),
(1666, '2013-04-30 02:20:40', 'pradeepb', 0, 5500, NULL, NULL, NULL, '2013-01-03 00:00:00', '964', 'CASH', 'PAYMENT_PROCESSED', 'PAYMENT', '2013-04-30', 'TXFP3004201334', 390, NULL),
(1669, '2013-04-30 02:22:11', 'pradeepb', 0, 14000, NULL, NULL, NULL, NULL, NULL, NULL, 'DEDUCTION_PROCESSED', 'DEDUCT', '2013-04-30', 'TXFD3004201311', 642, NULL),
(1673, '2013-04-30 02:23:15', 'pradeepb', 0, 5100, NULL, NULL, NULL, '2012-06-07 00:00:00', '1613', 'CASH', 'PAYMENT_PROCESSED', 'PAYMENT', '2013-04-30', 'TXFP3004201335', 642, NULL),
(1676, '2013-04-30 02:38:55', 'pradeepb', 0, 12000, NULL, NULL, NULL, NULL, NULL, NULL, 'DEDUCTION_PROCESSED', 'DEDUCT', '2013-04-30', 'TXFD3004201312', 270, NULL),
(1680, '2013-04-30 02:39:52', 'pradeepb', 0, 2100, NULL, NULL, NULL, '2012-04-04 00:00:00', '102', 'CASH', 'PAYMENT_PROCESSED', 'PAYMENT', '2013-04-30', 'TXFP3004201336', 270, NULL),
(1683, '2013-04-30 02:40:29', 'pradeepb', 0, 5000, NULL, NULL, NULL, '2012-10-06 00:00:00', '305', 'CASH', 'PAYMENT_PROCESSED', 'PAYMENT', '2013-04-30', 'TXFP3004201337', 270, NULL),
(1685, '2013-04-30 02:41:00', 'pradeepb', 0, 4000, NULL, NULL, NULL, '2012-12-10 00:00:00', '791', 'CASH', 'PAYMENT_PROCESSED', 'PAYMENT', '2013-04-30', 'TXFP3004201338', 270, NULL),
(1688, '2013-04-30 02:42:52', 'pradeepb', 0, 13000, NULL, NULL, NULL, NULL, NULL, NULL, 'DEDUCTION_PROCESSED', 'DEDUCT', '2013-04-30', 'TXFD3004201313', 438, NULL),
(1692, '2013-04-30 02:47:22', 'pradeepb', 0, 100, NULL, NULL, NULL, '2012-05-26 00:00:00', '508', 'CASH', 'PAYMENT_PROCESSED', 'PAYMENT', '2013-04-30', 'TXFP3004201339', 438, NULL),
(1694, '2013-04-30 02:48:07', 'pradeepb', 1, 4000, NULL, NULL, NULL, '2012-07-18 00:00:00', '2038', 'CASH', 'TRANSACTOIN_CANCELLED', 'PAYMENT', '2013-04-30', 'TXFP3004201340', 438, NULL),
(1696, '2013-04-30 02:49:59', 'pradeepb', 1, 2000, NULL, NULL, NULL, '2012-08-06 00:00:00', '119', 'CASH', 'TRANSACTOIN_CANCELLED', 'PAYMENT', '2013-04-30', 'TXFP3004201341', 438, NULL),
(1698, '2013-04-30 02:50:47', 'pradeepb', 1, 2000, NULL, NULL, NULL, '2012-08-07 00:00:00', '125', 'CASH', 'TRANSACTOIN_CANCELLED', 'PAYMENT', '2013-04-30', 'TXFP3004201342', 438, NULL),
(1700, '2013-04-30 02:51:20', 'pradeepb', 1, 2000, NULL, NULL, NULL, '2012-09-28 00:00:00', '259', 'CASH', 'TRANSACTOIN_CANCELLED', 'PAYMENT', '2013-04-30', 'TXFP3004201343', 438, NULL),
(1702, '2013-04-30 02:52:21', 'pradeepb', 1, 4000, NULL, NULL, NULL, '2012-10-04 00:00:00', '285', 'CASH', 'TRANSACTOIN_CANCELLED', 'PAYMENT', '2013-04-30', 'TXFP3004201344', 438, NULL),
(1705, '2013-04-30 02:53:03', 'pradeepb', 1, 4000, NULL, NULL, NULL, '2012-11-10 00:00:00', '620', 'CASH', 'TRANSACTOIN_CANCELLED', 'PAYMENT', '2013-04-30', 'TXFP3004201345', 438, NULL),
(1708, '2013-04-30 03:21:25', 'pradeepb', 0, 4000, NULL, NULL, NULL, '2012-10-04 00:00:00', '285', 'CASH', 'PAYMENT_PROCESSED', 'PAYMENT', '2013-04-30', 'TXFP3004201346', 342, NULL),
(1711, '2013-04-30 03:25:09', 'pradeepb', 0, 4000, NULL, NULL, NULL, '2012-07-18 00:00:00', '2038', 'CASH', 'PAYMENT_PROCESSED', 'PAYMENT', '2013-04-30', 'TXFP3004201347', 438, NULL),
(1713, '2013-04-30 03:26:04', 'pradeepb', 0, 2000, NULL, NULL, NULL, '2012-08-06 00:00:00', '119', 'CASH', 'PAYMENT_PROCESSED', 'PAYMENT', '2013-04-30', 'TXFP3004201348', 438, NULL),
(1715, '2013-04-30 03:26:55', 'pradeepb', 0, 2000, NULL, NULL, NULL, '2012-08-07 00:00:00', '125', 'CASH', 'PAYMENT_PROCESSED', 'PAYMENT', '2013-04-30', 'TXFP3004201349', 438, NULL),
(1717, '2013-04-30 03:27:31', 'pradeepb', 0, 2000, NULL, NULL, NULL, '2012-09-28 00:00:00', '259', 'CASH', 'PAYMENT_PROCESSED', 'PAYMENT', '2013-04-30', 'TXFP3004201350', 438, NULL),
(1719, '2013-04-30 03:28:10', 'pradeepb', 0, 4000, NULL, NULL, NULL, '2012-11-10 00:00:00', '620', 'CASH', 'PAYMENT_PROCESSED', 'PAYMENT', '2013-04-30', 'TXFP3004201351', 438, NULL),
(1722, '2013-04-30 03:30:06', 'pradeepb', 0, 4000, NULL, NULL, NULL, '2012-08-06 00:00:00', '119', 'CASH', 'PAYMENT_PROCESSED', 'PAYMENT', '2013-04-30', 'TXFP3004201352', 438, NULL),
(1725, '2013-04-30 03:42:26', 'pradeepb', 0, 11000, NULL, NULL, NULL, NULL, NULL, NULL, 'DEDUCTION_PROCESSED', 'DEDUCT', '2013-04-30', 'TXFD3004201314', 450, NULL),
(1729, '2013-04-30 03:46:01', 'pradeepb', 0, 1100, NULL, NULL, NULL, '2012-05-25 00:00:00', 'NA', 'CASH', 'PAYMENT_PROCESSED', 'PAYMENT', '2013-04-30', 'TXFP3004201353', 450, NULL),
(1732, '2013-04-30 03:46:58', 'pradeepb', 0, 1000, NULL, NULL, NULL, '2012-09-28 00:00:00', '264', 'CASH', 'PAYMENT_PROCESSED', 'PAYMENT', '2013-04-30', 'TXFP3004201354', 450, NULL),
(1734, '2013-04-30 03:47:31', 'pradeepb', 0, 6000, NULL, NULL, NULL, '2012-10-28 00:00:00', '397', 'CASH', 'PAYMENT_PROCESSED', 'PAYMENT', '2013-04-30', 'TXFP3004201355', 450, NULL),
(1736, '2013-04-30 03:48:14', 'pradeepb', 0, 3000, NULL, NULL, NULL, '2012-12-11 00:00:00', '814', 'CASH', 'PAYMENT_PROCESSED', 'PAYMENT', '2013-04-30', 'TXFP3004201356', 450, NULL),
(1739, '2013-04-30 07:19:15', 'pradeepb', 0, 14000, NULL, NULL, NULL, NULL, NULL, NULL, 'DEDUCTION_PROCESSED', 'DEDUCT', '2013-04-30', 'TXFD3004201315', 330, NULL),
(1743, '2013-04-30 07:21:39', 'pradeepb', 0, 1100, NULL, NULL, NULL, '2012-04-19 00:00:00', '405', 'CASH', 'PAYMENT_PROCESSED', 'PAYMENT', '2013-04-30', 'TXFP3004201357', 330, NULL),
(1746, '2013-04-30 07:22:58', 'pradeepb', 0, 1000, NULL, NULL, NULL, '2012-10-03 00:00:00', '272', 'CASH', 'PAYMENT_PROCESSED', 'PAYMENT', '2013-04-30', 'TXFP3004201358', 330, NULL),
(1748, '2013-04-30 07:23:42', 'pradeepb', 0, 7000, NULL, NULL, NULL, '2012-10-10 00:00:00', '343', 'CASH', 'PAYMENT_PROCESSED', 'PAYMENT', '2013-04-30', 'TXFP3004201359', 330, NULL),
(1751, '2013-04-30 07:30:12', 'pradeepb', 0, 11000, NULL, NULL, NULL, NULL, NULL, NULL, 'DEDUCTION_PROCESSED', 'DEDUCT', '2013-04-30', 'TXFD3004201316', 462, NULL),
(1755, '2013-04-30 07:31:02', 'pradeepb', 0, 2100, NULL, NULL, NULL, '2012-05-31 00:00:00', '1721', 'CASH', 'PAYMENT_PROCESSED', 'PAYMENT', '2013-04-30', 'TXFP3004201360', 462, NULL),
(1758, '2013-04-30 07:32:21', 'pradeepb', 0, 4000, NULL, NULL, NULL, '2012-07-10 00:00:00', '2017', 'CASH', 'PAYMENT_PROCESSED', 'PAYMENT', '2013-04-30', 'TXFP3004201361', 462, NULL),
(1760, '2013-04-30 07:33:28', 'pradeepb', 0, 5000, NULL, NULL, NULL, '2012-07-10 00:00:00', '2122', 'CASH', 'PAYMENT_PROCESSED', 'PAYMENT', '2013-04-30', 'TXFP3004201362', 462, NULL),
(1762, '2013-04-30 07:34:56', 'pradeepb', 0, 5000, NULL, NULL, NULL, '2012-10-18 00:00:00', '386', 'CASH', 'PAYMENT_PROCESSED', 'PAYMENT', '2013-04-30', 'TXFP3004201363', 462, NULL),
(1765, '2013-04-30 07:35:47', 'pradeepb', 0, 5000, NULL, NULL, NULL, '2012-12-24 00:00:00', '921', 'CASH', 'PAYMENT_PROCESSED', 'PAYMENT', '2013-04-30', 'TXFP3004201364', 462, NULL),
(1806, '2013-05-01 23:34:22', 'pradeepb', 0, 10000, NULL, NULL, NULL, NULL, NULL, NULL, 'DEDUCTION_PROCESSED', 'DEDUCT', '2013-05-01', 'TXFD010520131', 989, NULL),
(1811, '2013-05-01 23:35:04', 'pradeepb', 0, 2000, NULL, NULL, NULL, '2012-04-24 00:00:00', 'NA', 'CASH', 'PAYMENT_PROCESSED', 'PAYMENT', '2013-05-01', 'TXFP010520131', 989, NULL),
(1813, '2013-05-01 23:35:43', 'pradeepb', 0, 4000, NULL, NULL, NULL, '2012-07-09 00:00:00', '2008', 'CASH', 'PAYMENT_PROCESSED', 'PAYMENT', '2013-05-01', 'TXFP010520132', 989, NULL),
(1815, '2013-05-01 23:38:15', 'pradeepb', 0, 8000, NULL, NULL, NULL, NULL, NULL, NULL, 'DEDUCTION_PROCESSED', 'DEDUCT', '2013-05-01', 'TXFD010520132', 474, NULL),
(1819, '2013-05-01 23:39:05', 'pradeepb', 0, 1100, NULL, NULL, NULL, '2012-05-30 00:00:00', '1711', 'CASH', 'PAYMENT_PROCESSED', 'PAYMENT', '2013-05-01', 'TXFP010520133', 474, NULL),
(1823, '2013-05-02 01:08:28', 'pradeepb', 0, 1100, NULL, NULL, NULL, '2012-06-14 00:00:00', '1940', 'CASH', 'PAYMENT_PROCESSED', 'PAYMENT', '2013-05-02', 'TXFP020520131', 474, NULL),
(1825, '2013-05-02 01:11:59', 'pradeepb', 0, 5000, NULL, NULL, NULL, '2012-10-15 00:00:00', '363', 'CASH', 'PAYMENT_PROCESSED', 'PAYMENT', '2013-05-02', 'TXFP020520132', 474, NULL),
(1827, '2013-05-02 01:14:35', 'pradeepb', 0, 7500, NULL, NULL, NULL, '2012-12-17 00:00:00', '871', 'CASH', 'PAYMENT_PROCESSED', 'PAYMENT', '2013-05-02', 'TXFP020520133', 474, NULL),
(1831, '2013-05-02 02:16:47', 'pradeepb', 0, 9000, NULL, NULL, NULL, NULL, NULL, NULL, 'DEDUCTION_PROCESSED', 'DEDUCT', '2013-05-02', 'TXFD020520131', 486, NULL),
(1835, '2013-05-02 02:17:34', 'pradeepb', 0, 2100, NULL, NULL, NULL, '2012-05-30 00:00:00', '77679', 'CASH', 'PAYMENT_PROCESSED', 'PAYMENT', '2013-05-02', 'TXFP020520134', 486, NULL),
(1838, '2013-05-02 02:19:11', 'pradeepb', 0, 6000, NULL, NULL, NULL, '2012-07-19 00:00:00', '2193', 'CASH', 'PAYMENT_PROCESSED', 'PAYMENT', '2013-05-02', 'TXFP020520135', 486, NULL),
(1840, '2013-05-02 02:20:32', 'pradeepb', 0, 5000, NULL, NULL, NULL, '2012-10-18 00:00:00', '383', 'CASH', 'PAYMENT_PROCESSED', 'PAYMENT', '2013-05-02', 'TXFP020520136', 486, NULL),
(1843, '2013-05-02 02:23:47', 'pradeepb', 0, 6000, NULL, NULL, NULL, '2012-12-13 00:00:00', '843', 'CASH', 'PAYMENT_PROCESSED', 'PAYMENT', '2013-05-02', 'TXFP020520137', 486, NULL),
(1846, '2013-05-02 02:25:29', 'pradeepb', 0, 11000, NULL, NULL, NULL, NULL, NULL, NULL, 'DEDUCTION_PROCESSED', 'DEDUCT', '2013-05-02', 'TXFD020520132', 402, NULL),
(1850, '2013-05-02 02:26:43', 'pradeepb', 0, 2100, NULL, NULL, NULL, '2012-05-17 00:00:00', '245', 'CASH', 'PAYMENT_PROCESSED', 'PAYMENT', '2013-05-02', 'TXFP020520138', 402, NULL),
(1853, '2013-05-02 02:28:02', 'pradeepb', 0, 5000, NULL, NULL, NULL, '2012-11-08 00:00:00', '519', 'CASH', 'PAYMENT_PROCESSED', 'PAYMENT', '2013-05-02', 'TXFP020520139', 402, NULL),
(1855, '2013-05-02 02:28:54', 'pradeepb', 0, 3500, NULL, NULL, NULL, '2012-12-12 00:00:00', '821', 'CASH', 'PAYMENT_PROCESSED', 'PAYMENT', '2013-05-02', 'TXFP0205201310', 402, NULL),
(1858, '2013-05-02 02:34:19', 'pradeepb', 0, 8000, NULL, NULL, NULL, NULL, NULL, NULL, 'DEDUCTION_PROCESSED', 'DEDUCT', '2013-05-02', 'TXFD020520133', 414, NULL),
(1862, '2013-05-02 02:35:23', 'pradeepb', 0, 2100, NULL, NULL, NULL, '2012-05-21 00:00:00', '256', 'CASH', 'PAYMENT_PROCESSED', 'PAYMENT', '2013-05-02', 'TXFP0205201311', 414, NULL),
(1865, '2013-05-02 02:36:14', 'pradeepb', 0, 7000, NULL, NULL, NULL, '2012-08-11 00:00:00', '148', 'CASH', 'PAYMENT_PROCESSED', 'PAYMENT', '2013-05-02', 'TXFP0205201312', 414, NULL),
(1867, '2013-05-02 02:40:26', 'pradeepb', 0, 5000, NULL, NULL, NULL, '2012-10-31 00:00:00', '444', 'CASH', 'PAYMENT_PROCESSED', 'PAYMENT', '2013-05-02', 'TXFP0205201313', 414, NULL),
(1870, '2013-05-02 02:45:37', 'pradeepb', 0, 6000, NULL, NULL, NULL, '2012-12-26 00:00:00', '931', 'CASH', 'PAYMENT_PROCESSED', 'PAYMENT', '2013-05-02', 'TXFP0205201314', 414, NULL),
(1873, '2013-05-02 02:48:42', 'pradeepb', 0, 13000, NULL, NULL, NULL, NULL, NULL, NULL, 'DEDUCTION_PROCESSED', 'DEDUCT', '2013-05-02', 'TXFD020520134', 426, NULL),
(1877, '2013-05-02 02:49:33', 'pradeepb', 0, 1100, NULL, NULL, NULL, '2012-06-21 00:00:00', '264', 'CASH', 'PAYMENT_PROCESSED', 'PAYMENT', '2013-05-02', 'TXFP0205201315', 426, NULL),
(1880, '2013-05-02 02:50:40', 'pradeepb', 0, 7000, NULL, NULL, NULL, '2012-03-12 00:00:00', '2142', 'CASH', 'PAYMENT_PROCESSED', 'PAYMENT', '2013-05-02', 'TXFP0205201316', 426, NULL),
(1883, '2013-05-02 02:52:09', 'pradeepb', 0, 7000, NULL, NULL, NULL, '2012-11-09 00:00:00', '538', 'CASH', 'PAYMENT_PROCESSED', 'PAYMENT', '2013-05-02', 'TXFP0205201317', 426, NULL),
(1886, '2013-05-02 02:57:53', 'pradeepb', 0, 9000, NULL, NULL, NULL, NULL, NULL, NULL, 'DEDUCTION_PROCESSED', 'DEDUCT', '2013-05-02', 'TXFD020520135', 498, NULL),
(1890, '2013-05-02 02:59:28', 'pradeepb', 0, 1100, NULL, NULL, NULL, '2012-05-30 00:00:00', '117', 'CASH', 'PAYMENT_PROCESSED', 'PAYMENT', '2013-05-02', 'TXFP0205201318', 498, NULL),
(1893, '2013-05-02 03:00:30', 'pradeepb', 0, 5000, NULL, NULL, NULL, '2012-11-21 00:00:00', '720', 'CASH', 'PAYMENT_PROCESSED', 'PAYMENT', '2013-05-02', 'TXFP0205201319', 498, NULL),
(1895, '2013-05-02 03:26:22', 'pradeepb', 0, 5000, NULL, NULL, NULL, '2013-02-04 00:00:00', '1184', 'CASH', 'PAYMENT_PROCESSED', 'PAYMENT', '2013-05-02', 'TXFP0205201320', 498, NULL),
(1898, '2013-05-02 03:28:30', 'pradeepb', 0, 13000, NULL, NULL, NULL, NULL, NULL, NULL, 'DEDUCTION_PROCESSED', 'DEDUCT', '2013-05-02', 'TXFD020520136', 510, NULL),
(1902, '2013-05-02 03:29:27', 'pradeepb', 0, 1100, NULL, NULL, NULL, '2012-05-30 00:00:00', '119', 'CASH', 'PAYMENT_PROCESSED', 'PAYMENT', '2013-05-02', 'TXFP0205201321', 510, NULL),
(1905, '2013-05-02 05:47:15', 'pradeepb', 0, 4000, NULL, NULL, NULL, '2012-07-23 00:00:00', '066', 'CASH', 'PAYMENT_PROCESSED', 'PAYMENT', '2013-05-02', 'TXFP0205201322', 510, NULL),
(1907, '2013-05-02 05:48:05', 'pradeepb', 0, 5000, NULL, NULL, NULL, '2012-10-03 00:00:00', '275', 'CASH', 'PAYMENT_PROCESSED', 'PAYMENT', '2013-05-02', 'TXFP0205201323', 510, NULL),
(1910, '2013-05-02 05:48:48', 'pradeepb', 0, 5000, NULL, NULL, NULL, '2013-01-03 00:00:00', '965', 'CASH', 'PAYMENT_PROCESSED', 'PAYMENT', '2013-05-02', 'TXFP0205201324', 510, NULL),
(1913, '2013-05-02 05:50:04', 'pradeepb', 0, 9000, NULL, NULL, NULL, NULL, NULL, NULL, 'DEDUCTION_PROCESSED', 'DEDUCT', '2013-05-02', 'TXFD020520137', 522, NULL),
(1917, '2013-05-02 05:50:51', 'pradeepb', 0, 1100, NULL, NULL, NULL, '2012-05-30 00:00:00', '50', 'CASH', 'PAYMENT_PROCESSED', 'PAYMENT', '2013-05-02', 'TXFP0205201325', 522, NULL),
(1920, '2013-05-02 05:51:41', 'pradeepb', 0, 7000, NULL, NULL, NULL, '2012-12-05 00:00:00', '754', 'CASH', 'PAYMENT_PROCESSED', 'PAYMENT', '2013-05-02', 'TXFP0205201326', 522, NULL),
(1922, '2013-05-02 05:52:52', 'pradeepb', 1, 13000, NULL, NULL, NULL, NULL, NULL, NULL, 'TRANSACTOIN_CANCELLED', 'DEDUCT', '2013-05-02', 'TXFD020520138', 534, NULL),
(1926, '2013-05-02 05:54:28', 'pradeepb', 0, 11000, NULL, NULL, NULL, NULL, NULL, NULL, 'DEDUCTION_PROCESSED', 'DEDUCT', '2013-05-02', 'TXFD020520139', 534, NULL),
(1930, '2013-05-02 05:55:05', 'pradeepb', 0, 2100, NULL, NULL, NULL, '2012-05-31 00:00:00', '1725', 'CASH', 'PAYMENT_PROCESSED', 'PAYMENT', '2013-05-02', 'TXFP0205201327', 534, NULL),
(1933, '2013-05-02 06:20:05', 'pradeepb', 0, 7000, NULL, NULL, NULL, '2012-07-23 00:00:00', '65', 'CASH', 'PAYMENT_PROCESSED', 'PAYMENT', '2013-05-02', 'TXFP0205201328', 534, NULL),
(1936, '2013-05-02 06:21:23', 'pradeepb', 0, 5000, NULL, NULL, NULL, '2013-01-09 00:00:00', '998', 'CASH', 'PAYMENT_PROCESSED', 'PAYMENT', '2013-05-02', 'TXFP0205201329', 534, NULL),
(1939, '2013-05-02 06:21:57', 'pradeepb', 0, 3000, NULL, NULL, NULL, '2013-02-02 00:00:00', '1172', 'CASH', 'PAYMENT_PROCESSED', 'PAYMENT', '2013-05-02', 'TXFP0205201330', 534, NULL),
(1941, '2013-05-02 06:26:28', 'pradeepb', 0, 13000, NULL, NULL, NULL, NULL, NULL, NULL, 'DEDUCTION_PROCESSED', 'DEDUCT', '2013-05-02', 'TXFD0205201310', 546, NULL),
(1945, '2013-05-02 06:28:14', 'pradeepb', 0, 1500, NULL, NULL, NULL, '2012-05-31 00:00:00', '1730', 'CASH', 'PAYMENT_PROCESSED', 'PAYMENT', '2013-05-02', 'TXFP0205201331', 546, NULL),
(1948, '2013-05-02 06:29:53', 'pradeepb', 0, 8600, NULL, NULL, NULL, '2013-01-30 00:00:00', '1145', 'CASH', 'PAYMENT_PROCESSED', 'PAYMENT', '2013-05-02', 'TXFP0205201332', 546, NULL),
(1951, '2013-05-02 06:31:23', 'pradeepb', 0, 4000, NULL, NULL, NULL, '2012-07-07 00:00:00', '650', 'CASH', 'PAYMENT_PROCESSED', 'PAYMENT', '2013-05-02', 'TXFP0205201333', 546, NULL),
(1953, '2013-05-02 06:34:38', 'pradeepb', 0, 8000, NULL, NULL, NULL, NULL, NULL, NULL, 'DEDUCTION_PROCESSED', 'DEDUCT', '2013-05-02', 'TXFD0205201311', 582, NULL),
(1957, '2013-05-02 06:35:24', 'pradeepb', 0, 1100, NULL, NULL, NULL, '2012-05-30 00:00:00', '1712', 'CASH', 'PAYMENT_PROCESSED', 'PAYMENT', '2013-05-02', 'TXFP0205201334', 582, NULL),
(1960, '2013-05-02 06:36:31', 'pradeepb', 0, 4000, NULL, NULL, NULL, '2012-07-26 00:00:00', '091', 'CASH', 'PAYMENT_PROCESSED', 'PAYMENT', '2013-05-02', 'TXFP0205201335', 582, NULL),
(1962, '2013-05-02 06:41:35', 'pradeepb', 0, 10000, NULL, NULL, NULL, '2012-10-05 00:00:00', '293', 'CASH', 'PAYMENT_PROCESSED', 'PAYMENT', '2013-05-02', 'TXFP0205201336', 582, NULL),
(1965, '2013-05-02 06:42:14', 'pradeepb', 0, 5000, NULL, NULL, NULL, '2012-12-19 00:00:00', '886', 'CASH', 'PAYMENT_PROCESSED', 'PAYMENT', '2013-05-02', 'TXFP0205201337', 582, NULL),
(1967, '2013-05-02 06:43:36', 'pradeepb', 0, 10000, NULL, NULL, NULL, NULL, NULL, NULL, 'DEDUCTION_PROCESSED', 'DEDUCT', '2013-05-02', 'TXFD0205201312', 594, NULL),
(1971, '2013-05-02 06:45:51', 'pradeepb', 0, 100, NULL, NULL, NULL, '2013-01-30 00:00:00', '1139', 'CASH', 'PAYMENT_PROCESSED', 'PAYMENT', '2013-05-02', 'TXFP0205201338', 594, NULL),
(1973, '2013-05-02 06:47:06', 'pradeepb', 0, 2500, NULL, NULL, NULL, '2012-06-04 00:00:00', '1811', 'CASH', 'PAYMENT_PROCESSED', 'PAYMENT', '2013-05-02', 'TXFP0205201339', 594, NULL),
(1975, '2013-05-02 06:48:10', 'pradeepb', 0, 6500, NULL, NULL, NULL, '2012-08-06 00:00:00', '120', 'CASH', 'PAYMENT_PROCESSED', 'PAYMENT', '2013-05-02', 'TXFP0205201340', 594, NULL),
(1977, '2013-05-02 06:48:56', 'pradeepb', 0, 4000, NULL, NULL, NULL, '2012-11-10 00:00:00', '604', 'CASH', 'PAYMENT_PROCESSED', 'PAYMENT', '2013-05-02', 'TXFP0205201341', 594, NULL),
(1979, '2013-05-02 06:49:33', 'pradeepb', 1, 500, NULL, NULL, NULL, '2012-12-18 00:00:00', '877', 'CASH', 'TRANSACTOIN_CANCELLED', 'PAYMENT', '2013-05-02', 'TXFP0205201342', 594, NULL),
(1981, '2013-05-02 06:51:16', 'pradeepb', 0, 5000, NULL, NULL, NULL, '2012-12-18 00:00:00', '877', 'CASH', 'PAYMENT_PROCESSED', 'PAYMENT', '2013-05-02', 'TXFP0205201343', 594, NULL),
(1985, '2013-05-03 01:41:19', 'pradeepb', 0, 19000, NULL, NULL, NULL, NULL, NULL, NULL, 'DEDUCTION_PROCESSED', 'DEDUCT', '2013-05-03', 'TXFD030520131', 378, NULL),
(1990, '2013-05-03 01:42:35', 'pradeepb', 0, 2100, NULL, NULL, NULL, '2012-05-10 00:00:00', '236', 'CASH', 'PAYMENT_PROCESSED', 'PAYMENT', '2013-05-03', 'TXFP030520131', 378, NULL),
(1993, '2013-05-03 01:44:21', 'pradeepb', 1, 15000, NULL, NULL, NULL, NULL, NULL, NULL, 'TRANSACTOIN_CANCELLED', 'DEDUCT', '2013-05-03', 'TXFD030520132', 318, NULL),
(1997, '2013-05-03 01:46:44', 'pradeepb', 0, 4000, NULL, NULL, NULL, '2012-07-12 00:00:00', '2025', 'CASH', 'PAYMENT_PROCESSED', 'PAYMENT', '2013-05-03', 'TXFP030520132', 318, NULL),
(1999, '2013-05-03 01:47:19', 'pradeepb', 0, 100, NULL, NULL, NULL, '2012-12-13 00:00:00', '848', 'CASH', 'PAYMENT_PROCESSED', 'PAYMENT', '2013-05-03', 'TXFP030520133', 318, NULL),
(2001, '2013-05-03 01:48:45', 'pradeepb', 0, 2000, NULL, NULL, NULL, '2012-02-21 00:00:00', 'NA', 'CASH', 'PAYMENT_PROCESSED', 'PAYMENT', '2013-05-03', 'TXFP030520134', 318, NULL),
(2003, '2013-05-03 01:49:22', 'pradeepb', 0, 4000, NULL, NULL, NULL, '2012-07-11 00:00:00', '2132', 'CASH', 'PAYMENT_PROCESSED', 'PAYMENT', '2013-05-03', 'TXFP030520135', 318, NULL),
(2005, '2013-05-03 01:51:05', 'pradeepb', 0, 15000, NULL, NULL, NULL, NULL, NULL, NULL, 'DEDUCTION_PROCESSED', 'DEDUCT', '2013-05-03', 'TXFD030520133', 318, NULL),
(2009, '2013-05-03 01:53:11', 'pradeepb', 0, 4000, NULL, NULL, NULL, '2012-12-11 00:00:00', '799', 'CASH', 'PAYMENT_PROCESSED', 'PAYMENT', '2013-05-03', 'TXFP030520136', 318, NULL),
(2023, '2013-05-03 02:18:44', 'pradeepb', 0, 100, NULL, NULL, NULL, '2012-05-30 00:00:00', '77675', NULL, 'PAYMENT_PROCESSED', 'PAYMENT', '2013-05-03', 'TXFP030520137', 2018, NULL),
(2028, '2013-05-03 02:22:13', 'pradeepb', 0, 15000, NULL, NULL, NULL, NULL, NULL, NULL, 'DEDUCTION_PROCESSED', 'DEDUCT', '2013-05-03', 'TXFD030520134', 2018, NULL),
(2032, '2013-05-03 02:23:06', 'pradeepb', 0, 3500, NULL, NULL, NULL, '2012-07-23 00:00:00', '075', 'CASH', 'PAYMENT_PROCESSED', 'PAYMENT', '2013-05-03', 'TXFP030520138', 2018, NULL),
(2034, '2013-05-03 02:33:58', 'pradeepb', 0, 2000, NULL, NULL, NULL, '2012-11-15 00:00:00', '643', 'CASH', 'PAYMENT_PROCESSED', 'PAYMENT', '2013-05-03', 'TXFP030520139', 2018, NULL),
(2036, '2013-05-03 02:34:43', 'pradeepb', 0, 3500, NULL, NULL, NULL, '2012-12-24 00:00:00', '922', 'CASH', 'PAYMENT_PROCESSED', 'PAYMENT', '2013-05-03', 'TXFP0305201310', 2018, NULL),
(2039, '2013-05-03 02:35:22', 'pradeepb', 0, 500, NULL, NULL, NULL, '2012-05-30 00:00:00', '77675', 'CASH', 'PAYMENT_PROCESSED', 'PAYMENT', '2013-05-03', 'TXFP0305201311', 2018, NULL),
(2065, '2013-05-03 05:24:45', 'pradeepb', 0, 100, NULL, NULL, NULL, '2012-05-15 00:00:00', '243', NULL, 'PAYMENT_PROCESSED', 'PAYMENT', '2013-05-03', 'TXFP0305201312', 2052, NULL),
(2068, '2013-05-03 05:24:45', 'pradeepb', 1, 100, NULL, NULL, NULL, NULL, NULL, 'CASH', 'TRANSACTOIN_CANCELLED', 'PAYMENT', '2013-05-03', 'TXFP0305201313', 2052, NULL),
(2072, '2013-05-03 05:26:49', 'pradeepb', 0, 10000, NULL, NULL, NULL, NULL, NULL, NULL, 'DEDUCTION_PROCESSED', 'DEDUCT', '2013-05-03', 'TXFD030520135', 2052, NULL),
(2076, '2013-05-03 05:27:33', 'pradeepb', 0, 4000, NULL, NULL, NULL, '2012-07-10 00:00:00', '2011', 'CASH', 'PAYMENT_PROCESSED', 'PAYMENT', '2013-05-03', 'TXFP0305201314', 2052, NULL),
(2078, '2013-05-03 05:28:43', 'pradeepb', 0, 1000, NULL, NULL, NULL, '2012-05-15 00:00:00', '243', 'CASH', 'PAYMENT_PROCESSED', 'PAYMENT', '2013-05-03', 'TXFP0305201315', 2052, NULL),
(2080, '2013-05-03 05:29:32', 'pradeepb', 0, 10000, NULL, NULL, NULL, '2012-10-06 00:00:00', '300', 'CASH', 'PAYMENT_PROCESSED', 'PAYMENT', '2013-05-03', 'TXFP0305201316', 2052, NULL),
(2083, '2013-05-03 05:30:22', 'pradeepb', 0, 7000, NULL, NULL, NULL, '2012-07-10 00:00:00', '2119', 'CASH', 'PAYMENT_PROCESSED', 'PAYMENT', '2013-05-03', 'TXFP0305201317', 2052, NULL),
(2089, '2013-05-03 05:31:59', 'pradeepb', 0, 100, NULL, NULL, NULL, '2012-05-18 00:00:00', '299', NULL, 'PAYMENT_PROCESSED', 'PAYMENT', '2013-05-03', 'TXFP0305201318', 2060, NULL),
(2092, '2013-05-03 05:31:59', 'pradeepb', 1, 1000, NULL, NULL, NULL, NULL, NULL, 'CASH', 'TRANSACTOIN_CANCELLED', 'PAYMENT', '2013-05-03', 'TXFP0305201319', 2060, NULL),
(2096, '2013-05-03 05:35:09', 'pradeepb', 0, 14000, NULL, NULL, NULL, NULL, NULL, NULL, 'DEDUCTION_PROCESSED', 'DEDUCT', '2013-05-03', 'TXFD030520136', 2060, NULL),
(2128, '2013-05-03 05:51:44', 'pradeepb', 0, 100, NULL, NULL, NULL, '2012-05-25 00:00:00', '280', NULL, 'PAYMENT_PROCESSED', 'PAYMENT', '2013-05-03', 'TXFP0305201320', 2123, NULL),
(2131, '2013-05-03 05:51:44', 'pradeepb', 1, 1000, NULL, NULL, NULL, NULL, NULL, 'CASH', 'TRANSACTOIN_CANCELLED', 'PAYMENT', '2013-05-03', 'TXFP0305201321', 2123, NULL),
(2135, '2013-05-03 05:54:25', 'pradeepb', 0, 7000, NULL, NULL, NULL, NULL, NULL, NULL, 'DEDUCTION_PROCESSED', 'DEDUCT', '2013-05-03', 'TXFD030520137', 2123, NULL),
(2139, '2013-05-03 05:55:42', 'pradeepb', 0, 2000, NULL, NULL, NULL, '2012-05-25 00:00:00', '280', 'CASH', 'PAYMENT_PROCESSED', 'PAYMENT', '2013-05-03', 'TXFP0305201322', 2123, NULL),
(2141, '2013-05-03 05:56:39', 'pradeepb', 0, 10000, NULL, NULL, NULL, '2012-07-31 00:00:00', '106', 'CASH', 'PAYMENT_PROCESSED', 'PAYMENT', '2013-05-03', 'TXFP0305201323', 2123, NULL),
(2144, '2013-05-03 05:57:19', 'pradeepb', 0, 5000, NULL, NULL, NULL, '2012-12-18 00:00:00', '879', 'CASH', 'PAYMENT_PROCESSED', 'PAYMENT', '2013-05-03', 'TXFP0305201324', 2123, NULL),
(2158, '2013-05-03 06:09:07', 'pradeepb', 0, 100, NULL, NULL, NULL, '2012-05-27 00:00:00', '292', NULL, 'PAYMENT_PROCESSED', 'PAYMENT', '2013-05-03', 'TXFP0305201325', 2153, NULL),
(2161, '2013-05-03 06:09:07', 'pradeepb', 1, 2000, NULL, NULL, NULL, NULL, NULL, 'CASH', 'TRANSACTOIN_CANCELLED', 'PAYMENT', '2013-05-03', 'TXFP0305201326', 2153, NULL),
(2165, '2013-05-03 06:11:07', 'pradeepb', 0, 8000, NULL, NULL, NULL, NULL, NULL, NULL, 'DEDUCTION_PROCESSED', 'DEDUCT', '2013-05-03', 'TXFD030520138', 2153, NULL),
(2169, '2013-05-03 06:12:56', 'pradeepb', 0, 10000, NULL, NULL, NULL, '2012-06-10 00:00:00', '1928', 'CASH', 'PAYMENT_PROCESSED', 'PAYMENT', '2013-05-03', 'TXFP0305201327', 2153, NULL),
(2171, '2013-05-03 06:13:44', 'pradeepb', 0, 2000, NULL, NULL, NULL, '2012-05-27 00:00:00', '292', 'CASH', 'PAYMENT_PROCESSED', 'PAYMENT', '2013-05-03', 'TXFP0305201328', 2153, NULL),
(2173, '2013-05-03 06:14:44', 'pradeepb', 0, 8000, NULL, NULL, NULL, '2013-09-26 00:00:00', '1118', 'CASH', 'PAYMENT_PROCESSED', 'PAYMENT', '2013-05-03', 'TXFP0305201329', 2153, NULL),
(2187, '2013-05-03 06:46:05', 'pradeepb', 0, 100, NULL, NULL, NULL, '2012-05-28 00:00:00', '1701', NULL, 'PAYMENT_PROCESSED', 'PAYMENT', '2013-05-03', 'TXFP0305201330', 2182, NULL),
(2190, '2013-05-03 06:46:05', 'pradeepb', 0, 2000, NULL, NULL, NULL, NULL, NULL, 'CASH', 'PAYMENT_PROCESSED', 'PAYMENT', '2013-05-03', 'TXFP0305201331', 2182, NULL),
(2194, '2013-05-03 06:47:03', 'pradeepb', 0, 10000, NULL, NULL, NULL, NULL, NULL, NULL, 'DEDUCTION_PROCESSED', 'DEDUCT', '2013-05-03', 'TXFD030520139', 2182, NULL),
(2198, '2013-05-03 06:48:33', 'pradeepb', 0, 6000, NULL, NULL, NULL, '2012-07-30 00:00:00', '098', 'CASH', 'PAYMENT_PROCESSED', 'PAYMENT', '2013-05-03', 'TXFP0305201332', 2182, NULL),
(2200, '2013-05-03 06:49:08', 'pradeepb', 0, 5000, NULL, NULL, NULL, '2012-11-08 00:00:00', '513', 'CASH', 'PAYMENT_PROCESSED', 'PAYMENT', '2013-05-03', 'TXFP0305201333', 2182, NULL),
(2203, '2013-05-03 06:50:32', 'pradeepb', 0, 5000, NULL, NULL, NULL, '2012-12-07 00:00:00', '768', 'CASH', 'PAYMENT_PROCESSED', 'PAYMENT', '2013-05-03', 'TXFP0305201334', 2182, NULL);
INSERT INTO `STUDENT_FEE_TXN` (`ID`, `AUDIT_TIMESTAMP`, `AUDIT_USER_NAME`, `VERSION`, `AMOUNT`, `BANK_BRANCH`, `BANK_NAME`, `CHEQUE_NR`, `EXT_TRANSACTION_DATE`, `EXT_TRANSACTION_NR`, `PAYMENT_METHOD`, `SFT_STATUS`, `SFT_TYPE`, `TRANSACTION_DATE`, `TRANSACTION_NR`, `STUDENT_ACADEMIC_YEAR_ID`, `COMMENTS`) VALUES
(2217, '2013-05-03 07:17:57', 'pradeepb', 0, 100, NULL, NULL, NULL, '2012-05-23 00:00:00', '1601', NULL, 'PAYMENT_PROCESSED', 'PAYMENT', '2013-05-03', 'TXFP0305201335', 2212, NULL),
(2220, '2013-05-03 07:17:57', 'pradeepb', 0, 2000, NULL, NULL, NULL, NULL, NULL, 'CASH', 'PAYMENT_PROCESSED', 'PAYMENT', '2013-05-03', 'TXFP0305201336', 2212, NULL),
(2224, '2013-05-03 07:19:00', 'pradeepb', 0, 9000, NULL, NULL, NULL, NULL, NULL, NULL, 'DEDUCTION_PROCESSED', 'DEDUCT', '2013-05-03', 'TXFD0305201310', 2212, NULL),
(2228, '2013-05-03 07:20:04', 'pradeepb', 0, 5000, NULL, NULL, NULL, '2012-10-08 00:00:00', '322', 'CASH', 'PAYMENT_PROCESSED', 'PAYMENT', '2013-05-03', 'TXFP0305201337', 2212, NULL),
(2230, '2013-05-03 07:20:58', 'pradeepb', 0, 6000, NULL, NULL, NULL, '2012-12-11 00:00:00', '795', 'CASH', 'PAYMENT_PROCESSED', 'PAYMENT', '2013-05-03', 'TXFP0305201338', 2212, NULL),
(2244, '2013-05-03 07:26:48', 'pradeepb', 0, 100, NULL, NULL, NULL, '2012-05-28 00:00:00', '295', NULL, 'PAYMENT_PROCESSED', 'PAYMENT', '2013-05-03', 'TXFP0305201339', 2239, NULL),
(2247, '2013-05-03 07:26:48', 'pradeepb', 0, 2000, NULL, NULL, NULL, NULL, NULL, 'CASH', 'PAYMENT_PROCESSED', 'PAYMENT', '2013-05-03', 'TXFP0305201340', 2239, NULL),
(2251, '2013-05-03 07:28:04', 'pradeepb', 0, 10000, NULL, NULL, NULL, NULL, NULL, NULL, 'DEDUCTION_PROCESSED', 'DEDUCT', '2013-05-03', 'TXFD0305201311', 2239, NULL),
(2255, '2013-05-03 07:28:38', 'pradeepb', 0, 4000, NULL, NULL, NULL, '2012-10-15 00:00:00', '370', 'CASH', 'PAYMENT_PROCESSED', 'PAYMENT', '2013-05-03', 'TXFP0305201341', 2239, NULL),
(2268, '2013-05-03 07:33:40', 'pradeepb', 0, 100, NULL, NULL, NULL, '2012-05-26 00:00:00', '1604', NULL, 'PAYMENT_PROCESSED', 'PAYMENT', '2013-05-03', 'TXFP0305201342', 2263, NULL),
(2271, '2013-05-03 07:33:40', 'pradeepb', 0, 1000, NULL, NULL, NULL, NULL, NULL, 'CASH', 'PAYMENT_PROCESSED', 'PAYMENT', '2013-05-03', 'TXFP0305201343', 2263, NULL),
(2275, '2013-05-03 07:34:52', 'pradeepb', 0, 12000, NULL, NULL, NULL, NULL, NULL, NULL, 'DEDUCTION_PROCESSED', 'DEDUCT', '2013-05-03', 'TXFD0305201312', 2263, NULL),
(2279, '2013-05-03 07:35:59', 'pradeepb', 0, 5000, NULL, NULL, NULL, '2012-08-03 00:00:00', '112', 'CASH', 'PAYMENT_PROCESSED', 'PAYMENT', '2013-05-03', 'TXFP0305201344', 2263, NULL),
(2281, '2013-05-03 07:36:40', 'pradeepb', 0, 5000, NULL, NULL, NULL, '2012-11-10 00:00:00', '609', 'CASH', 'PAYMENT_PROCESSED', 'PAYMENT', '2013-05-03', 'TXFP0305201345', 2263, NULL),
(2284, '2013-05-03 07:37:17', 'pradeepb', 0, 5000, NULL, NULL, NULL, '2013-02-25 00:00:00', '1308', 'CASH', 'PAYMENT_PROCESSED', 'PAYMENT', '2013-05-03', 'TXFP0305201346', 2263, NULL),
(2298, '2013-05-03 07:43:20', 'pradeepb', 0, 100, NULL, NULL, NULL, '2012-05-28 00:00:00', '002', NULL, 'PAYMENT_PROCESSED', 'PAYMENT', '2013-05-03', 'TXFP0305201347', 2293, NULL),
(2301, '2013-05-03 07:43:20', 'pradeepb', 0, 1000, NULL, NULL, NULL, NULL, NULL, 'CASH', 'PAYMENT_PROCESSED', 'PAYMENT', '2013-05-03', 'TXFP0305201348', 2293, NULL),
(2305, '2013-05-03 07:44:51', 'pradeepb', 0, 12000, NULL, NULL, NULL, NULL, NULL, NULL, 'DEDUCTION_PROCESSED', 'DEDUCT', '2013-05-03', 'TXFD0305201313', 2293, NULL),
(2309, '2013-05-03 07:45:47', 'pradeepb', 0, 6000, NULL, NULL, NULL, '2012-08-07 00:00:00', '126', 'CASH', 'PAYMENT_PROCESSED', 'PAYMENT', '2013-05-03', 'TXFP0305201349', 2293, NULL),
(2311, '2013-05-03 07:47:08', 'pradeepb', 0, 9000, NULL, NULL, NULL, '2012-10-10 00:00:00', '345', 'CASH', 'PAYMENT_PROCESSED', 'PAYMENT', '2013-05-03', 'TXFP0305201350', 2293, NULL),
(2326, '2013-05-03 07:56:01', 'pradeepb', 0, 100, NULL, NULL, NULL, '2012-05-29 00:00:00', '1710', NULL, 'PAYMENT_PROCESSED', 'PAYMENT', '2013-05-03', 'TXFP0305201351', 2321, NULL),
(2329, '2013-05-03 07:56:01', 'pradeepb', 0, 2000, NULL, NULL, NULL, NULL, NULL, 'CASH', 'PAYMENT_PROCESSED', 'PAYMENT', '2013-05-03', 'TXFP0305201352', 2321, NULL),
(2333, '2013-05-03 07:57:27', 'pradeepb', 0, 8000, NULL, NULL, NULL, NULL, NULL, NULL, 'DEDUCTION_PROCESSED', 'DEDUCT', '2013-05-03', 'TXFD0305201314', 2321, NULL),
(2337, '2013-05-03 07:58:22', 'pradeepb', 0, 4000, NULL, NULL, NULL, '2012-07-20 00:00:00', '2055', 'CASH', 'PAYMENT_PROCESSED', 'PAYMENT', '2013-05-03', 'TXFP0305201353', 2321, NULL),
(2339, '2013-05-03 07:59:13', 'pradeepb', 0, 6000, NULL, NULL, NULL, '2012-07-20 00:00:00', '2197', 'CASH', 'PAYMENT_PROCESSED', 'PAYMENT', '2013-05-03', 'TXFP0305201354', 2321, NULL),
(2343, '2013-05-03 08:00:45', 'pradeepb', 0, 3000, NULL, NULL, NULL, '2012-11-19 00:00:00', '540', 'CASH', 'PAYMENT_PROCESSED', 'PAYMENT', '2013-05-03', 'TXFP0305201355', 2321, NULL),
(2345, '2013-05-03 08:01:39', 'pradeepb', 0, 9000, NULL, NULL, NULL, '2012-12-20 00:00:00', '892', 'CASH', 'PAYMENT_PROCESSED', 'PAYMENT', '2013-05-03', 'TXFP0305201356', 2321, NULL),
(2361, '2013-05-04 00:28:45', 'pradeepb', 0, 100, NULL, NULL, NULL, '2013-03-03 00:00:00', '1607', NULL, 'PAYMENT_PROCESSED', 'PAYMENT', '2013-05-04', 'TXFP040520131', 2355, NULL),
(2364, '2013-05-04 00:28:45', 'pradeepb', 0, 1000, NULL, NULL, NULL, NULL, NULL, 'CASH', 'PAYMENT_PROCESSED', 'PAYMENT', '2013-05-04', 'TXFP040520132', 2355, NULL),
(2369, '2013-05-04 00:29:47', 'pradeepb', 0, 10000, NULL, NULL, NULL, NULL, NULL, NULL, 'DEDUCTION_PROCESSED', 'DEDUCT', '2013-05-04', 'TXFD040520131', 2355, NULL),
(2373, '2013-05-04 00:54:48', 'pradeepb', 0, 6000, NULL, NULL, NULL, '2012-10-03 00:00:00', '280', 'CASH', 'PAYMENT_PROCESSED', 'PAYMENT', '2013-05-04', 'TXFP040520133', 2355, NULL),
(2375, '2013-05-04 00:56:43', 'pradeepb', 0, 6000, NULL, NULL, NULL, '2012-12-12 00:00:00', '831', 'CASH', 'PAYMENT_PROCESSED', 'PAYMENT', '2013-05-04', 'TXFP040520134', 2355, NULL),
(2389, '2013-05-04 01:02:44', 'pradeepb', 0, 100, NULL, NULL, NULL, '2012-06-01 00:00:00', '1735', NULL, 'PAYMENT_PROCESSED', 'PAYMENT', '2013-05-04', 'TXFP040520135', 2384, NULL),
(2392, '2013-05-04 01:02:44', 'pradeepb', 0, 1000, NULL, NULL, NULL, NULL, NULL, 'CASH', 'PAYMENT_PROCESSED', 'PAYMENT', '2013-05-04', 'TXFP040520136', 2384, NULL),
(2396, '2013-05-04 01:03:29', 'pradeepb', 0, 10000, NULL, NULL, NULL, NULL, NULL, NULL, 'DEDUCTION_PROCESSED', 'DEDUCT', '2013-05-04', 'TXFD040520132', 2384, NULL),
(2400, '2013-05-04 01:04:15', 'pradeepb', 0, 3000, NULL, NULL, NULL, '2012-12-08 00:00:00', '771', 'CASH', 'PAYMENT_PROCESSED', 'PAYMENT', '2013-05-04', 'TXFP040520137', 2384, NULL),
(2402, '2013-05-04 01:05:11', 'pradeepb', 0, 5000, NULL, NULL, NULL, '2013-01-31 00:00:00', '1149', 'CASH', 'PAYMENT_PROCESSED', 'PAYMENT', '2013-05-04', 'TXFP040520138', 2384, NULL),
(2415, '2013-05-04 01:12:08', 'pradeepb', 0, 100, NULL, NULL, NULL, '2012-06-02 00:00:00', '1736', NULL, 'PAYMENT_PROCESSED', 'PAYMENT', '2013-05-04', 'TXFP040520139', 2410, NULL),
(2418, '2013-05-04 01:12:08', 'pradeepb', 0, 2000, NULL, NULL, NULL, NULL, NULL, 'CASH', 'PAYMENT_PROCESSED', 'PAYMENT', '2013-05-04', 'TXFP0405201310', 2410, NULL),
(2422, '2013-05-04 01:13:23', 'pradeepb', 0, 12000, NULL, NULL, NULL, NULL, NULL, NULL, 'DEDUCTION_PROCESSED', 'DEDUCT', '2013-05-04', 'TXFD040520133', 2410, NULL),
(2426, '2013-05-04 01:15:07', 'pradeepb', 0, 7000, NULL, NULL, NULL, '2012-12-19 00:00:00', '884', 'CASH', 'PAYMENT_PROCESSED', 'PAYMENT', '2013-05-04', 'TXFP0405201311', 2410, NULL),
(2428, '2013-05-04 01:16:45', 'pradeepb', 0, 4000, NULL, NULL, NULL, '2012-07-16 00:00:00', '2039', 'CASH', 'PAYMENT_PROCESSED', 'PAYMENT', '2013-05-04', 'TXFP0405201312', 2410, NULL),
(2441, '2013-05-04 07:04:36', 'pradeepb', 0, 100, NULL, NULL, NULL, '2012-06-04 00:00:00', '1743', NULL, 'PAYMENT_PROCESSED', 'PAYMENT', '2013-05-04', 'TXFP0405201313', 2436, NULL),
(2444, '2013-05-04 07:04:36', 'pradeepb', 0, 1000, NULL, NULL, NULL, NULL, NULL, 'CASH', 'PAYMENT_PROCESSED', 'PAYMENT', '2013-05-04', 'TXFP0405201314', 2436, NULL),
(2448, '2013-05-04 07:06:03', 'pradeepb', 0, 12000, NULL, NULL, NULL, NULL, NULL, NULL, 'DEDUCTION_PROCESSED', 'DEDUCT', '2013-05-04', 'TXFD040520134', 2436, NULL),
(2452, '2013-05-04 07:06:50', 'pradeepb', 0, 5000, NULL, NULL, NULL, '2012-07-26 00:00:00', '095', 'CASH', 'PAYMENT_PROCESSED', 'PAYMENT', '2013-05-04', 'TXFP0405201315', 2436, NULL),
(2454, '2013-05-04 07:07:42', 'pradeepb', 0, 4000, NULL, NULL, NULL, '2012-10-10 00:00:00', '337', 'CASH', 'PAYMENT_PROCESSED', 'PAYMENT', '2013-05-04', 'TXFP0405201316', 2436, NULL),
(2457, '2013-05-04 07:08:26', 'pradeepb', 0, 3000, NULL, NULL, NULL, '2012-12-20 00:00:00', '887', 'CASH', 'PAYMENT_PROCESSED', 'PAYMENT', '2013-05-04', 'TXFP0405201317', 2436, NULL),
(2459, '2013-05-04 07:09:11', 'pradeepb', 0, 3000, NULL, NULL, NULL, '2013-01-05 00:00:00', '975', 'CASH', 'PAYMENT_PROCESSED', 'PAYMENT', '2013-05-04', 'TXFP0405201318', 2436, NULL),
(2472, '2013-05-04 07:27:05', 'pradeepb', 0, 100, NULL, NULL, NULL, '2012-04-16 00:00:00', '601', NULL, 'PAYMENT_PROCESSED', 'PAYMENT', '2013-05-04', 'TXFP0405201319', 2467, NULL),
(2475, '2013-05-04 07:27:05', 'pradeepb', 0, 1000, NULL, NULL, NULL, NULL, NULL, 'CASH', 'PAYMENT_PROCESSED', 'PAYMENT', '2013-05-04', 'TXFP0405201320', 2467, NULL),
(2479, '2013-05-04 07:28:13', 'pradeepb', 0, 11000, NULL, NULL, NULL, NULL, NULL, NULL, 'DEDUCTION_PROCESSED', 'DEDUCT', '2013-05-04', 'TXFD040520135', 2467, NULL),
(2483, '2013-05-04 07:29:12', 'pradeepb', 0, 4000, NULL, NULL, NULL, '2012-09-24 00:00:00', '239', 'CASH', 'PAYMENT_PROCESSED', 'PAYMENT', '2013-05-04', 'TXFP0405201321', 2467, NULL),
(2496, '2013-05-04 07:35:42', 'pradeepb', 0, 100, NULL, NULL, NULL, '2012-04-19 00:00:00', '406', NULL, 'PAYMENT_PROCESSED', 'PAYMENT', '2013-05-04', 'TXFP0405201322', 2491, NULL),
(2499, '2013-05-04 07:35:42', 'pradeepb', 0, 1000, NULL, NULL, NULL, NULL, NULL, 'CASH', 'PAYMENT_PROCESSED', 'PAYMENT', '2013-05-04', 'TXFP0405201323', 2491, NULL),
(2503, '2013-05-04 07:36:38', 'pradeepb', 0, 8000, NULL, NULL, NULL, NULL, NULL, NULL, 'DEDUCTION_PROCESSED', 'DEDUCT', '2013-05-04', 'TXFD040520136', 2491, NULL),
(2507, '2013-05-04 07:59:05', 'pradeepb', 0, 5000, NULL, NULL, NULL, '2012-10-20 00:00:00', '389', 'CASH', 'PAYMENT_PROCESSED', 'PAYMENT', '2013-05-04', 'TXFP0405201324', 2491, NULL),
(2509, '2013-05-04 07:59:47', 'pradeepb', 0, 2500, NULL, NULL, NULL, '2012-12-26 00:00:00', '929', 'CASH', 'PAYMENT_PROCESSED', 'PAYMENT', '2013-05-04', 'TXFP0405201325', 2491, NULL),
(2511, '2013-05-04 08:00:43', 'pradeepb', 0, 2500, NULL, NULL, NULL, '2013-01-21 00:00:00', '1017', 'CASH', 'PAYMENT_PROCESSED', 'PAYMENT', '2013-05-04', 'TXFP0405201326', 2491, NULL),
(2524, '2013-05-04 08:06:50', 'pradeepb', 0, 100, NULL, NULL, NULL, '2012-04-27 00:00:00', '220', NULL, 'PAYMENT_PROCESSED', 'PAYMENT', '2013-05-04', 'TXFP0405201327', 2519, NULL),
(2527, '2013-05-04 08:06:50', 'pradeepb', 0, 1000, NULL, NULL, NULL, NULL, NULL, 'CASH', 'PAYMENT_PROCESSED', 'PAYMENT', '2013-05-04', 'TXFP0405201328', 2519, NULL),
(2531, '2013-05-04 08:10:16', 'pradeepb', 0, 8000, NULL, NULL, NULL, NULL, NULL, NULL, 'DEDUCTION_PROCESSED', 'DEDUCT', '2013-05-04', 'TXFD040520137', 2519, NULL),
(2535, '2013-05-04 08:11:08', 'pradeepb', 0, 4000, NULL, NULL, NULL, '2012-07-21 00:00:00', '2058', 'CASH', 'PAYMENT_PROCESSED', 'PAYMENT', '2013-05-04', 'TXFP0405201329', 2519, NULL),
(2537, '2013-05-04 08:14:15', 'pradeepb', 0, 6000, NULL, NULL, NULL, '2012-07-21 00:00:00', '051', 'CASH', 'PAYMENT_PROCESSED', 'PAYMENT', '2013-05-04', 'TXFP0405201330', 2519, NULL),
(2539, '2013-05-04 08:15:19', 'pradeepb', 0, 5000, NULL, NULL, NULL, '2012-10-31 00:00:00', '452', 'CASH', 'PAYMENT_PROCESSED', 'PAYMENT', '2013-05-04', 'TXFP0405201331', 2519, NULL),
(2542, '2013-05-04 08:16:22', 'pradeepb', 0, 8000, NULL, NULL, NULL, '2013-02-04 00:00:00', '1179', 'CASH', 'PAYMENT_PROCESSED', 'PAYMENT', '2013-05-04', 'TXFP0405201332', 2519, NULL),
(2556, '2013-05-04 08:25:21', 'pradeepb', 0, 100, NULL, NULL, NULL, '2012-04-27 00:00:00', '409', NULL, 'PAYMENT_PROCESSED', 'PAYMENT', '2013-05-04', 'TXFP0405201333', 2551, NULL),
(2559, '2013-05-04 08:25:21', 'pradeepb', 0, 2000, NULL, NULL, NULL, NULL, NULL, 'CASH', 'PAYMENT_PROCESSED', 'PAYMENT', '2013-05-04', 'TXFP0405201334', 2551, NULL),
(2563, '2013-05-04 08:26:46', 'pradeepb', 0, 13000, NULL, NULL, NULL, NULL, NULL, NULL, 'DEDUCTION_PROCESSED', 'DEDUCT', '2013-05-04', 'TXFD040520138', 2551, NULL),
(2567, '2013-05-04 08:27:55', 'pradeepb', 0, 5000, NULL, NULL, NULL, '2012-11-08 00:00:00', '514', 'CASH', 'PAYMENT_PROCESSED', 'PAYMENT', '2013-05-04', 'TXFP0405201335', 2551, NULL),
(2580, '2013-05-04 08:37:16', 'pradeepb', 0, 100, NULL, NULL, NULL, '2012-05-03 00:00:00', '223', NULL, 'PAYMENT_PROCESSED', 'PAYMENT', '2013-05-04', 'TXFP0405201336', 2575, NULL),
(2583, '2013-05-04 08:37:16', 'pradeepb', 0, 1000, NULL, NULL, NULL, NULL, NULL, 'CASH', 'PAYMENT_PROCESSED', 'PAYMENT', '2013-05-04', 'TXFP0405201337', 2575, NULL),
(2590, '2013-05-05 07:21:33', 'pradeepb', 0, 13000, NULL, NULL, NULL, NULL, NULL, NULL, 'DEDUCTION_PROCESSED', 'DEDUCT', '2013-05-05', 'TXFD050520131', 2575, NULL),
(2595, '2013-05-05 07:23:05', 'pradeepb', 0, 4000, NULL, NULL, NULL, '2012-07-09 00:00:00', '2003', 'CASH', 'PAYMENT_PROCESSED', 'PAYMENT', '2013-05-05', 'TXFP050520131', 2575, NULL),
(2597, '2013-05-05 07:24:15', 'pradeepb', 0, 7000, NULL, NULL, NULL, '2012-07-09 00:00:00', '2105', 'CASH', 'PAYMENT_PROCESSED', 'PAYMENT', '2013-05-05', 'TXFP050520132', 2575, NULL),
(2599, '2013-05-05 07:25:06', 'pradeepb', 0, 7000, NULL, NULL, NULL, '2012-12-12 00:00:00', '839', 'CASH', 'PAYMENT_PROCESSED', 'PAYMENT', '2013-05-05', 'TXFP050520133', 2575, NULL),
(2615, '2013-05-06 01:17:46', 'pradeepb', 0, 100, NULL, NULL, NULL, '2012-05-08 00:00:00', '297', NULL, 'PAYMENT_PROCESSED', 'PAYMENT', '2013-05-06', 'TXFP060520131', 2609, NULL),
(2618, '2013-05-06 01:17:46', 'pradeepb', 0, 1000, NULL, NULL, NULL, NULL, NULL, 'CASH', 'PAYMENT_PROCESSED', 'PAYMENT', '2013-05-06', 'TXFP060520132', 2609, NULL),
(2623, '2013-05-06 01:19:06', 'pradeepb', 0, 15000, NULL, NULL, NULL, NULL, NULL, NULL, 'DEDUCTION_PROCESSED', 'DEDUCT', '2013-05-06', 'TXFD060520131', 2609, NULL),
(2627, '2013-05-06 01:19:49', 'pradeepb', 0, 4000, NULL, NULL, NULL, '2012-07-12 00:00:00', '2027', 'CASH', 'PAYMENT_PROCESSED', 'PAYMENT', '2013-05-06', 'TXFP060520133', 2609, NULL),
(2629, '2013-05-06 01:21:01', 'pradeepb', 0, 2000, NULL, NULL, NULL, '2012-08-10 00:00:00', '147', 'CASH', 'PAYMENT_PROCESSED', 'PAYMENT', '2013-05-06', 'TXFP060520134', 2609, NULL),
(2631, '2013-05-06 01:21:35', 'pradeepb', 0, 3000, NULL, NULL, NULL, '2012-11-01 00:00:00', '457', 'CASH', 'PAYMENT_PROCESSED', 'PAYMENT', '2013-05-06', 'TXFP060520135', 2609, NULL),
(2633, '2013-05-06 01:22:20', 'pradeepb', 0, 3000, NULL, NULL, NULL, '2013-02-23 00:00:00', '1296', 'CASH', 'PAYMENT_PROCESSED', 'PAYMENT', '2013-05-06', 'TXFP060520136', 2609, NULL),
(2647, '2013-05-06 06:07:08', 'pradeepb', 0, 100, NULL, NULL, NULL, '2012-05-06 00:00:00', '100', NULL, 'PAYMENT_PROCESSED', 'PAYMENT', '2013-05-06', 'TXFP060520137', 2642, NULL),
(2650, '2013-05-06 06:07:09', 'pradeepb', 0, 1000, NULL, NULL, NULL, NULL, NULL, 'CASH', 'PAYMENT_PROCESSED', 'PAYMENT', '2013-05-06', 'TXFP060520138', 2642, NULL),
(2654, '2013-05-06 06:10:00', 'pradeepb', 0, 12000, NULL, NULL, NULL, NULL, NULL, NULL, 'DEDUCTION_PROCESSED', 'DEDUCT', '2013-05-06', 'TXFD060520132', 2642, NULL),
(2658, '2013-05-06 06:11:21', 'pradeepb', 0, 4000, NULL, NULL, NULL, '2012-07-10 00:00:00', '2013', 'CASH', 'PAYMENT_PROCESSED', 'PAYMENT', '2013-05-06', 'TXFP060520139', 2642, NULL),
(2660, '2013-05-06 06:12:54', 'pradeepb', 0, 6000, NULL, NULL, NULL, '2012-07-10 00:00:00', '2120', 'CASH', 'PAYMENT_PROCESSED', 'PAYMENT', '2013-05-06', 'TXFP0605201310', 2642, NULL),
(2662, '2013-05-06 06:21:44', 'pradeepb', 0, 4000, NULL, NULL, NULL, '2012-11-10 00:00:00', '606', 'CASH', 'PAYMENT_PROCESSED', 'PAYMENT', '2013-05-06', 'TXFP0605201311', 2642, NULL),
(2665, '2013-05-06 06:23:51', 'pradeepb', 0, 5000, NULL, NULL, NULL, '2012-12-17 00:00:00', '869', 'CASH', 'PAYMENT_PROCESSED', 'PAYMENT', '2013-05-06', 'TXFP0605201312', 2642, NULL),
(2679, '2013-05-06 06:32:05', 'pradeepb', 0, 100, NULL, NULL, NULL, '2012-05-08 00:00:00', '606', NULL, 'PAYMENT_PROCESSED', 'PAYMENT', '2013-05-06', 'TXFP0605201313', 2674, NULL),
(2682, '2013-05-06 06:32:06', 'pradeepb', 0, 1000, NULL, NULL, NULL, NULL, NULL, 'CASH', 'PAYMENT_PROCESSED', 'PAYMENT', '2013-05-06', 'TXFP0605201314', 2674, NULL),
(2686, '2013-05-06 06:43:04', 'pradeepb', 1, 15000, NULL, NULL, NULL, NULL, NULL, NULL, 'TRANSACTOIN_CANCELLED', 'DEDUCT', '2013-05-06', 'TXFD060520133', 2674, NULL),
(2690, '2013-05-06 06:44:01', 'pradeepb', 0, 13000, NULL, NULL, NULL, NULL, NULL, NULL, 'DEDUCTION_PROCESSED', 'DEDUCT', '2013-05-06', 'TXFD060520134', 2674, NULL),
(2695, '2013-05-07 02:23:26', 'pradeepb', 0, 5000, NULL, NULL, NULL, '2012-11-08 00:00:00', '512', 'CASH', 'PAYMENT_PROCESSED', 'PAYMENT', '2013-05-07', 'TXFP070520131', 2674, NULL),
(2697, '2013-05-07 02:36:36', 'pradeepb', 0, 4000, NULL, NULL, NULL, '2013-01-31 00:00:00', '1148', 'CASH', 'PAYMENT_PROCESSED', 'PAYMENT', '2013-05-07', 'TXFP070520132', 2674, NULL),
(2711, '2013-05-07 02:43:38', 'pradeepb', 1, 100, NULL, NULL, NULL, NULL, NULL, NULL, 'TRANSACTOIN_CANCELLED', 'PAYMENT', '2013-05-07', 'TXFP070520133', 2706, NULL),
(2720, '2013-05-07 02:44:07', 'pradeepb', 1, 100, NULL, NULL, NULL, NULL, NULL, NULL, 'TRANSACTOIN_CANCELLED', 'PAYMENT', '2013-05-07', 'TXFP070520134', 2706, NULL),
(2746, '2013-05-07 05:15:44', 'pradeepb', 0, 100, NULL, NULL, NULL, '2012-06-11 00:00:00', '1865', NULL, 'PAYMENT_PROCESSED', 'PAYMENT', '2013-05-07', 'TXFP070520135', 2741, NULL),
(2749, '2013-05-07 05:15:44', 'pradeepb', 0, 5000, NULL, NULL, NULL, NULL, NULL, 'CASH', 'PAYMENT_PROCESSED', 'PAYMENT', '2013-05-07', 'TXFP070520136', 2741, NULL),
(2764, '2013-05-07 05:23:56', 'pradeepb', 0, 100, NULL, NULL, NULL, '2012-06-12 00:00:00', '1777', NULL, 'PAYMENT_PROCESSED', 'PAYMENT', '2013-05-07', 'TXFP070520137', 2759, NULL),
(2767, '2013-05-07 05:23:56', 'pradeepb', 0, 1000, NULL, NULL, NULL, NULL, NULL, 'CASH', 'PAYMENT_PROCESSED', 'PAYMENT', '2013-05-07', 'TXFP070520138', 2759, NULL),
(2772, '2013-05-07 05:24:34', 'pradeepb', 0, 10000, NULL, NULL, NULL, NULL, NULL, NULL, 'DEDUCTION_PROCESSED', 'DEDUCT', '2013-05-07', 'TXFD070520131', 2759, NULL),
(2776, '2013-05-07 05:26:34', 'pradeepb', 0, 7000, NULL, NULL, NULL, '2012-07-30 00:00:00', '099', 'CASH', 'PAYMENT_PROCESSED', 'PAYMENT', '2013-05-07', 'TXFP070520139', 2759, NULL),
(2778, '2013-05-07 05:27:19', 'pradeepb', 0, 3000, NULL, NULL, NULL, '2012-11-07 00:00:00', '496', 'CASH', 'PAYMENT_PROCESSED', 'PAYMENT', '2013-05-07', 'TXFP0705201310', 2759, NULL),
(2781, '2013-05-07 05:28:11', 'pradeepb', 0, 2000, NULL, NULL, NULL, '2013-01-22 00:00:00', '1042', 'CASH', 'PAYMENT_PROCESSED', 'PAYMENT', '2013-05-07', 'TXFP0705201311', 2759, NULL),
(2783, '2013-05-07 05:28:58', 'pradeepb', 0, 3000, NULL, NULL, NULL, '2013-02-11 00:00:00', '1259', 'CASH', 'PAYMENT_PROCESSED', 'PAYMENT', '2013-05-07', 'TXFP0705201312', 2759, NULL),
(2797, '2013-05-07 05:41:49', 'pradeepb', 0, 100, NULL, NULL, NULL, '2012-06-12 00:00:00', '1776', NULL, 'PAYMENT_PROCESSED', 'PAYMENT', '2013-05-07', 'TXFP0705201313', 2792, NULL),
(2800, '2013-05-07 05:41:49', 'pradeepb', 0, 1000, NULL, NULL, NULL, NULL, NULL, 'CASH', 'PAYMENT_PROCESSED', 'PAYMENT', '2013-05-07', 'TXFP0705201314', 2792, NULL),
(2804, '2013-05-07 05:42:34', 'pradeepb', 0, 10000, NULL, NULL, NULL, NULL, NULL, NULL, 'DEDUCTION_PROCESSED', 'DEDUCT', '2013-05-07', 'TXFD070520132', 2792, NULL),
(2808, '2013-05-07 06:10:50', 'pradeepb', 0, 10000, NULL, NULL, NULL, '2012-10-29 00:00:00', '405', 'CASH', 'PAYMENT_PROCESSED', 'PAYMENT', '2013-05-07', 'TXFP0705201315', 2792, NULL),
(2811, '2013-05-07 06:12:28', 'pradeepb', 0, 3000, NULL, NULL, NULL, '2013-02-11 00:00:00', '1260', 'CASH', 'PAYMENT_PROCESSED', 'PAYMENT', '2013-05-07', 'TXFP0705201316', 2792, NULL),
(2833, '2013-05-07 06:38:52', 'pradeepb', 0, 100, NULL, NULL, NULL, '2012-06-10 00:00:00', '618', NULL, 'PAYMENT_PROCESSED', 'PAYMENT', '2013-05-07', 'TXFP0705201317', 2828, NULL),
(2836, '2013-05-07 06:38:52', 'pradeepb', 0, 1000, NULL, NULL, NULL, NULL, NULL, 'CASH', 'PAYMENT_PROCESSED', 'PAYMENT', '2013-05-07', 'TXFP0705201318', 2828, NULL),
(2840, '2013-05-07 06:39:51', 'pradeepb', 0, 12000, NULL, NULL, NULL, NULL, NULL, NULL, 'DEDUCTION_PROCESSED', 'DEDUCT', '2013-05-07', 'TXFD070520133', 2828, NULL),
(2844, '2013-05-07 06:40:50', 'pradeepb', 0, 5000, NULL, NULL, NULL, '2012-08-07 00:00:00', '132', 'CASH', 'PAYMENT_PROCESSED', 'PAYMENT', '2013-05-07', 'TXFP0705201319', 2828, NULL),
(2846, '2013-05-07 06:41:54', 'pradeepb', 0, 1000, NULL, NULL, NULL, '2013-01-05 00:00:00', '978', 'CASH', 'PAYMENT_PROCESSED', 'PAYMENT', '2013-05-07', 'TXFP0705201320', 2828, NULL),
(2859, '2013-05-07 23:54:23', 'pradeepb', 0, 100, NULL, NULL, NULL, '2012-06-13 00:00:00', '1791', NULL, 'PAYMENT_PROCESSED', 'PAYMENT', '2013-05-07', 'TXFP0705201321', 2854, NULL),
(2862, '2013-05-07 23:54:23', 'pradeepb', 0, 2000, NULL, NULL, NULL, NULL, NULL, 'CASH', 'PAYMENT_PROCESSED', 'PAYMENT', '2013-05-07', 'TXFP0705201322', 2854, NULL),
(2866, '2013-05-07 23:55:19', 'pradeepb', 0, 8000, NULL, NULL, NULL, NULL, NULL, NULL, 'DEDUCTION_PROCESSED', 'DEDUCT', '2013-05-07', 'TXFD070520134', 2854, NULL),
(2870, '2013-05-07 23:56:27', 'pradeepb', 0, 5000, NULL, NULL, NULL, '2012-07-14 00:00:00', '2164', 'CASH', 'PAYMENT_PROCESSED', 'PAYMENT', '2013-05-07', 'TXFP0705201323', 2854, NULL),
(2872, '2013-05-07 23:57:17', 'pradeepb', 0, 5000, NULL, NULL, NULL, '2012-12-03 00:00:00', '745', 'CASH', 'PAYMENT_PROCESSED', 'PAYMENT', '2013-05-07', 'TXFP0705201324', 2854, NULL),
(2874, '2013-05-07 23:58:07', 'pradeepb', 0, 4000, NULL, NULL, NULL, '2013-02-06 00:00:00', '1193', 'CASH', 'PAYMENT_PROCESSED', 'PAYMENT', '2013-05-07', 'TXFP0705201325', 2854, NULL),
(2876, '2013-05-07 23:59:11', 'pradeepb', 0, 3000, NULL, NULL, NULL, '2013-02-21 00:00:00', '1294', 'CASH', 'PAYMENT_PROCESSED', 'PAYMENT', '2013-05-07', 'TXFP0705201326', 2854, NULL),
(2891, '2013-05-08 00:04:04', 'pradeepb', 0, 100, NULL, NULL, NULL, '2012-06-13 00:00:00', '1790', NULL, 'PAYMENT_PROCESSED', 'PAYMENT', '2013-05-08', 'TXFP080520131', 2885, NULL),
(2894, '2013-05-08 00:04:04', 'pradeepb', 0, 2000, NULL, NULL, NULL, NULL, NULL, 'CASH', 'PAYMENT_PROCESSED', 'PAYMENT', '2013-05-08', 'TXFP080520132', 2885, NULL),
(2899, '2013-05-08 00:04:43', 'pradeepb', 0, 8000, NULL, NULL, NULL, NULL, NULL, NULL, 'DEDUCTION_PROCESSED', 'DEDUCT', '2013-05-08', 'TXFD080520131', 2885, NULL),
(2903, '2013-05-08 00:05:29', 'pradeepb', 0, 4000, NULL, NULL, NULL, '2012-07-11 00:00:00', '2021', 'CASH', 'PAYMENT_PROCESSED', 'PAYMENT', '2013-05-08', 'TXFP080520133', 2885, NULL),
(2905, '2013-05-08 01:32:54', 'pradeepb', 0, 6000, NULL, NULL, NULL, '2012-10-08 00:00:00', '320', 'CASH', 'PAYMENT_PROCESSED', 'PAYMENT', '2013-05-08', 'TXFP080520134', 2885, NULL),
(2907, '2013-05-08 01:33:33', 'pradeepb', 0, 7000, NULL, NULL, NULL, '2013-01-07 00:00:00', '981', 'CASH', 'PAYMENT_PROCESSED', 'PAYMENT', '2013-05-08', 'TXFP080520135', 2885, NULL),
(2921, '2013-05-08 01:47:14', 'pradeepb', 0, 100, NULL, NULL, NULL, '2012-06-14 00:00:00', '1940', NULL, 'PAYMENT_PROCESSED', 'PAYMENT', '2013-05-08', 'TXFP080520136', 2916, NULL),
(2924, '2013-05-08 01:47:14', 'pradeepb', 0, 1000, NULL, NULL, NULL, NULL, NULL, 'CASH', 'PAYMENT_PROCESSED', 'PAYMENT', '2013-05-08', 'TXFP080520137', 2916, NULL),
(2928, '2013-05-08 01:48:53', 'pradeepb', 1, 19000, NULL, NULL, NULL, NULL, NULL, NULL, 'TRANSACTOIN_CANCELLED', 'DEDUCT', '2013-05-08', 'TXFD080520132', 2916, NULL),
(2932, '2013-05-08 01:50:52', 'pradeepb', 0, 9000, NULL, NULL, NULL, NULL, NULL, NULL, 'DEDUCTION_PROCESSED', 'DEDUCT', '2013-05-08', 'TXFD080520133', 2916, NULL),
(2936, '2013-05-08 01:52:37', 'pradeepb', 0, 18000, NULL, NULL, NULL, '2012-07-23 00:00:00', '071', 'CASH', 'PAYMENT_PROCESSED', 'PAYMENT', '2013-05-08', 'TXFP080520138', 2916, NULL),
(2951, '2013-05-08 02:04:43', 'pradeepb', 0, 100, NULL, NULL, NULL, NULL, NULL, NULL, 'PAYMENT_PROCESSED', 'PAYMENT', '2013-05-08', 'TXFP080520139', 2946, NULL),
(2954, '2013-05-08 02:04:43', 'pradeepb', 0, 2000, NULL, NULL, NULL, NULL, NULL, 'CASH', 'PAYMENT_PROCESSED', 'PAYMENT', '2013-05-08', 'TXFP0805201310', 2946, NULL),
(2958, '2013-05-08 02:06:32', 'pradeepb', 0, 13000, NULL, NULL, NULL, NULL, NULL, NULL, 'DEDUCTION_PROCESSED', 'DEDUCT', '2013-05-08', 'TXFD080520134', 2946, NULL),
(2962, '2013-05-08 02:07:27', 'pradeepb', 0, 5000, NULL, NULL, NULL, '2012-09-27 00:00:00', '254', 'CASH', 'PAYMENT_PROCESSED', 'PAYMENT', '2013-05-08', 'TXFP0805201311', 2946, NULL),
(2964, '2013-05-08 02:08:16', 'pradeepb', 0, 5000, NULL, NULL, NULL, '2012-11-09 00:00:00', '531', 'CASH', 'PAYMENT_PROCESSED', 'PAYMENT', '2013-05-08', 'TXFP0805201312', 2946, NULL),
(2978, '2013-05-08 02:18:53', 'pradeepb', 0, 100, NULL, NULL, NULL, '2012-06-18 00:00:00', '2445', NULL, 'PAYMENT_PROCESSED', 'PAYMENT', '2013-05-08', 'TXFP0805201313', 2973, NULL),
(2981, '2013-05-08 02:18:53', 'pradeepb', 0, 2000, NULL, NULL, NULL, NULL, NULL, 'CASH', 'PAYMENT_PROCESSED', 'PAYMENT', '2013-05-08', 'TXFP0805201314', 2973, NULL),
(2985, '2013-05-08 02:19:36', 'pradeepb', 0, 10000, NULL, NULL, NULL, NULL, NULL, NULL, 'DEDUCTION_PROCESSED', 'DEDUCT', '2013-05-08', 'TXFD080520135', 2973, NULL),
(2989, '2013-05-08 02:20:57', 'pradeepb', 0, 5000, NULL, NULL, NULL, '2013-01-02 00:00:00', '959', 'CASH', 'PAYMENT_PROCESSED', 'PAYMENT', '2013-05-08', 'TXFP0805201315', 2973, NULL),
(2991, '2013-05-08 02:21:34', 'pradeepb', 0, 5000, NULL, NULL, NULL, '2013-01-02 00:00:00', '960', 'CASH', 'PAYMENT_PROCESSED', 'PAYMENT', '2013-05-08', 'TXFP0805201316', 2973, NULL),
(3005, '2013-05-08 02:28:35', 'pradeepb', 0, 100, NULL, NULL, NULL, '2012-06-18 00:00:00', '2446', NULL, 'PAYMENT_PROCESSED', 'PAYMENT', '2013-05-08', 'TXFP0805201317', 3000, NULL),
(3008, '2013-05-08 02:28:35', 'pradeepb', 0, 2000, NULL, NULL, NULL, NULL, NULL, 'CASH', 'PAYMENT_PROCESSED', 'PAYMENT', '2013-05-08', 'TXFP0805201318', 3000, NULL),
(3023, '2013-05-08 02:50:47', 'pradeepb', 0, 100, NULL, NULL, NULL, '2012-06-20 00:00:00', '2461', NULL, 'PAYMENT_PROCESSED', 'PAYMENT', '2013-05-08', 'TXFP0805201319', 3018, NULL),
(3028, '2013-05-08 03:06:16', 'pradeepb', 0, 10000, NULL, NULL, NULL, NULL, NULL, NULL, 'DEDUCTION_PROCESSED', 'DEDUCT', '2013-05-08', 'TXFD080520136', 3018, NULL),
(3032, '2013-05-08 03:07:17', 'pradeepb', 0, 4000, NULL, NULL, NULL, '2012-07-18 00:00:00', '2044', 'CASH', 'PAYMENT_PROCESSED', 'PAYMENT', '2013-05-08', 'TXFP0805201320', 3018, NULL),
(3034, '2013-05-08 03:21:26', 'pradeepb', 0, 5100, NULL, NULL, NULL, '2012-06-11 00:00:00', '1934', 'CASH', 'PAYMENT_PROCESSED', 'PAYMENT', '2013-05-08', 'TXFP0805201321', 3018, NULL),
(3036, '2013-05-08 03:22:33', 'pradeepb', 0, 5000, NULL, NULL, NULL, '2012-12-18 00:00:00', '876', 'CASH', 'PAYMENT_PROCESSED', 'PAYMENT', '2013-05-08', 'TXFP0805201322', 3018, NULL),
(3039, '2013-05-08 03:25:43', 'pradeepb', 0, 5000, NULL, NULL, NULL, '2013-01-31 00:00:00', '1155', 'CASH', 'PAYMENT_PROCESSED', 'PAYMENT', '2013-05-08', 'TXFP0805201323', 3018, NULL),
(3053, '2013-05-08 03:30:29', 'pradeepb', 0, 100, NULL, NULL, NULL, '2012-07-07 00:00:00', '791', NULL, 'PAYMENT_PROCESSED', 'PAYMENT', '2013-05-08', 'TXFP0805201324', 3048, NULL),
(3056, '2013-05-08 03:30:29', 'pradeepb', 0, 5000, NULL, NULL, NULL, NULL, NULL, 'CASH', 'PAYMENT_PROCESSED', 'PAYMENT', '2013-05-08', 'TXFP0805201325', 3048, NULL),
(3060, '2013-05-08 03:31:08', 'pradeepb', 0, 10000, NULL, NULL, NULL, NULL, NULL, NULL, 'DEDUCTION_PROCESSED', 'DEDUCT', '2013-05-08', 'TXFD080520137', 3048, NULL),
(3064, '2013-05-08 03:32:44', 'pradeepb', 0, 3000, NULL, NULL, NULL, '2012-07-25 00:00:00', '082', 'CASH', 'PAYMENT_PROCESSED', 'PAYMENT', '2013-05-08', 'TXFP0805201326', 3048, NULL),
(3066, '2013-05-08 05:04:48', 'pradeepb', 0, 3000, NULL, NULL, NULL, '2012-12-21 00:00:00', '896', 'CASH', 'PAYMENT_PROCESSED', 'PAYMENT', '2013-05-08', 'TXFP0805201327', 3048, NULL),
(3068, '2013-05-08 05:05:32', 'pradeepb', 0, 4000, NULL, NULL, NULL, '2013-01-09 00:00:00', '996', 'CASH', 'PAYMENT_PROCESSED', 'PAYMENT', '2013-05-08', 'TXFP0805201328', 3048, NULL),
(3071, '2013-05-08 05:06:35', 'pradeepb', 0, 3000, NULL, NULL, NULL, '2012-12-20 00:00:00', '889', 'CASH', 'PAYMENT_PROCESSED', 'PAYMENT', '2013-05-08', 'TXFP0805201329', 3048, NULL),
(3084, '2013-05-08 05:12:54', 'pradeepb', 0, 100, NULL, NULL, NULL, '2012-06-11 00:00:00', '1616', NULL, 'PAYMENT_PROCESSED', 'PAYMENT', '2013-05-08', 'TXFP0805201330', 3079, NULL),
(3087, '2013-05-08 05:12:54', 'pradeepb', 0, 2000, NULL, NULL, NULL, NULL, NULL, 'CASH', 'PAYMENT_PROCESSED', 'PAYMENT', '2013-05-08', 'TXFP0805201331', 3079, NULL),
(3091, '2013-05-08 05:13:34', 'pradeepb', 0, 10000, NULL, NULL, NULL, NULL, NULL, NULL, 'DEDUCTION_PROCESSED', 'DEDUCT', '2013-05-08', 'TXFD080520138', 3079, NULL),
(3095, '2013-05-08 05:15:18', 'pradeepb', 0, 4000, NULL, NULL, NULL, '2012-07-09 00:00:00', '2104', 'CASH', 'PAYMENT_PROCESSED', 'PAYMENT', '2013-05-08', 'TXFP0805201332', 3079, NULL),
(3097, '2013-05-08 05:16:09', 'pradeepb', 0, 1000, NULL, NULL, NULL, '2012-08-03 00:00:00', '134', 'CASH', 'PAYMENT_PROCESSED', 'PAYMENT', '2013-05-08', 'TXFP0805201333', 3079, NULL),
(3099, '2013-05-08 05:16:49', 'pradeepb', 0, 2000, NULL, NULL, NULL, '2012-11-08 00:00:00', '515', 'CASH', 'PAYMENT_PROCESSED', 'PAYMENT', '2013-05-08', 'TXFP0805201334', 3079, NULL),
(3101, '2013-05-08 05:17:46', 'pradeepb', 0, 4000, NULL, NULL, NULL, '2013-01-08 00:00:00', '989', 'CASH', 'PAYMENT_PROCESSED', 'PAYMENT', '2013-05-08', 'TXFP0805201335', 3079, NULL),
(3104, '2013-05-08 05:18:32', 'pradeepb', 0, 5000, NULL, NULL, NULL, '2013-02-08 00:00:00', '1199', 'CASH', 'PAYMENT_PROCESSED', 'PAYMENT', '2013-05-08', 'TXFP0805201336', 3079, NULL),
(3118, '2013-05-08 05:43:45', 'pradeepb', 0, 100, NULL, NULL, NULL, '2012-06-11 00:00:00', '1934', NULL, 'PAYMENT_PROCESSED', 'PAYMENT', '2013-05-08', 'TXFP0805201337', 3113, NULL),
(3121, '2013-05-08 05:43:45', 'pradeepb', 0, 5000, NULL, NULL, NULL, NULL, NULL, 'CASH', 'PAYMENT_PROCESSED', 'PAYMENT', '2013-05-08', 'TXFP0805201338', 3113, NULL),
(3125, '2013-05-08 05:44:35', 'pradeepb', 0, 4000, NULL, NULL, NULL, '2012-07-19 00:00:00', '2048', 'CASH', 'PAYMENT_PROCESSED', 'PAYMENT', '2013-05-08', 'TXFP0805201339', 3113, NULL),
(3127, '2013-05-08 05:46:18', 'pradeepb', 0, 8000, NULL, NULL, NULL, NULL, NULL, NULL, 'DEDUCTION_PROCESSED', 'DEDUCT', '2013-05-08', 'TXFD080520139', 3113, NULL),
(3131, '2013-05-08 05:46:59', 'pradeepb', 0, 8000, NULL, NULL, NULL, '2013-01-30 00:00:00', '1135', 'CASH', 'PAYMENT_PROCESSED', 'PAYMENT', '2013-05-08', 'TXFP0805201340', 3113, NULL),
(3144, '2013-05-08 06:55:52', 'pradeepb', 0, 100, NULL, NULL, NULL, '2012-06-11 00:00:00', '143', NULL, 'PAYMENT_PROCESSED', 'PAYMENT', '2013-05-08', 'TXFP0805201341', 3139, NULL),
(3147, '2013-05-08 06:55:52', 'pradeepb', 0, 1000, NULL, NULL, NULL, NULL, NULL, 'CASH', 'PAYMENT_PROCESSED', 'PAYMENT', '2013-05-08', 'TXFP0805201342', 3139, NULL),
(3151, '2013-05-08 06:56:52', 'pradeepb', 0, 12000, NULL, NULL, NULL, NULL, NULL, NULL, 'DEDUCTION_PROCESSED', 'DEDUCT', '2013-05-08', 'TXFD0805201310', 3139, NULL),
(3155, '2013-05-08 06:57:37', 'pradeepb', 0, 5000, NULL, NULL, NULL, '2012-11-03 00:00:00', '477', 'CASH', 'PAYMENT_PROCESSED', 'PAYMENT', '2013-05-08', 'TXFP0805201343', 3139, NULL),
(3157, '2013-05-08 06:59:32', 'pradeepb', 0, 3000, NULL, NULL, NULL, '2013-01-05 00:00:00', '972', 'CASH', 'PAYMENT_PROCESSED', 'PAYMENT', '2013-05-08', 'TXFP0805201344', 3139, NULL),
(3159, '2013-05-08 07:00:21', 'pradeepb', 0, 3000, NULL, NULL, NULL, '2013-01-31 00:00:00', '1147', 'CASH', 'PAYMENT_PROCESSED', 'PAYMENT', '2013-05-08', 'TXFP0805201345', 3139, NULL),
(3172, '2013-05-08 07:28:00', 'pradeepb', 0, 100, NULL, NULL, NULL, '2012-06-11 00:00:00', '1775', NULL, 'PAYMENT_PROCESSED', 'PAYMENT', '2013-05-08', 'TXFP0805201346', 3167, NULL),
(3175, '2013-05-08 07:28:00', 'pradeepb', 0, 5000, NULL, NULL, NULL, NULL, NULL, 'CASH', 'PAYMENT_PROCESSED', 'PAYMENT', '2013-05-08', 'TXFP0805201347', 3167, NULL),
(3179, '2013-05-08 07:29:35', 'pradeepb', 0, 9000, NULL, NULL, NULL, NULL, NULL, NULL, 'DEDUCTION_PROCESSED', 'DEDUCT', '2013-05-08', 'TXFD0805201311', 3167, NULL),
(3183, '2013-05-08 07:30:47', 'pradeepb', 0, 5000, NULL, NULL, NULL, '2012-08-01 00:00:00', '108', 'CASH', 'PAYMENT_PROCESSED', 'PAYMENT', '2013-05-08', 'TXFP0805201348', 3167, NULL),
(3185, '2013-05-08 07:31:41', 'pradeepb', 0, 4000, NULL, NULL, NULL, '2012-11-10 00:00:00', '613', 'CASH', 'PAYMENT_PROCESSED', 'PAYMENT', '2013-05-08', 'TXFP0805201349', 3167, NULL),
(3187, '2013-05-08 07:32:41', 'pradeepb', 0, 5000, NULL, NULL, NULL, '2013-01-05 00:00:00', '971', 'CASH', 'PAYMENT_PROCESSED', 'PAYMENT', '2013-05-08', 'TXFP0805201350', 3167, NULL),
(3201, '2013-05-08 07:38:55', 'pradeepb', 0, 100, NULL, NULL, NULL, '2012-06-11 00:00:00', '1863', NULL, 'PAYMENT_PROCESSED', 'PAYMENT', '2013-05-08', 'TXFP0805201351', 3196, NULL),
(3204, '2013-05-08 07:38:55', 'pradeepb', 0, 1000, NULL, NULL, NULL, NULL, NULL, 'CASH', 'PAYMENT_PROCESSED', 'PAYMENT', '2013-05-08', 'TXFP0805201352', 3196, NULL),
(3208, '2013-05-08 07:40:05', 'pradeepb', 0, 10000, NULL, NULL, NULL, NULL, NULL, NULL, 'DEDUCTION_PROCESSED', 'DEDUCT', '2013-05-08', 'TXFD0805201312', 3196, NULL),
(3212, '2013-05-08 07:40:41', 'pradeepb', 0, 5000, NULL, NULL, NULL, '2012-12-27 00:00:00', '941', 'CASH', 'PAYMENT_PROCESSED', 'PAYMENT', '2013-05-08', 'TXFP0805201353', 3196, NULL),
(3225, '2013-05-08 07:48:31', 'pradeepb', 0, 100, NULL, NULL, NULL, '2012-06-04 00:00:00', '136', NULL, 'PAYMENT_PROCESSED', 'PAYMENT', '2013-05-08', 'TXFP0805201354', 3220, NULL),
(3228, '2013-05-08 07:48:31', 'pradeepb', 0, 3000, NULL, NULL, NULL, NULL, NULL, 'CASH', 'PAYMENT_PROCESSED', 'PAYMENT', '2013-05-08', 'TXFP0805201355', 3220, NULL),
(3232, '2013-05-08 07:49:27', 'pradeepb', 0, 3000, NULL, NULL, NULL, NULL, NULL, NULL, 'DEDUCTION_PROCESSED', 'DEDUCT', '2013-05-08', 'TXFD0805201313', 3220, NULL),
(3236, '2013-05-08 07:50:17', 'pradeepb', 0, 10000, NULL, NULL, NULL, '2012-12-22 00:00:00', '903', 'CASH', 'PAYMENT_PROCESSED', 'PAYMENT', '2013-05-08', 'TXFP0805201356', 3220, NULL),
(3249, '2013-05-08 07:55:31', 'pradeepb', 0, 100, NULL, NULL, NULL, '2012-06-04 00:00:00', 'NA', NULL, 'PAYMENT_PROCESSED', 'PAYMENT', '2013-05-08', 'TXFP0805201357', 3244, NULL),
(3252, '2013-05-08 07:55:31', 'pradeepb', 0, 1000, NULL, NULL, NULL, NULL, NULL, 'CASH', 'PAYMENT_PROCESSED', 'PAYMENT', '2013-05-08', 'TXFP0805201358', 3244, NULL),
(3256, '2013-05-08 07:56:14', 'pradeepb', 0, 12000, NULL, NULL, NULL, NULL, NULL, NULL, 'DEDUCTION_PROCESSED', 'DEDUCT', '2013-05-08', 'TXFD0805201314', 3244, NULL),
(3260, '2013-05-08 07:56:47', 'pradeepb', 0, 3000, NULL, NULL, NULL, '2012-08-02 00:00:00', '016', 'CASH', 'PAYMENT_PROCESSED', 'PAYMENT', '2013-05-08', 'TXFP0805201359', 3244, NULL),
(3262, '2013-05-08 07:57:33', 'pradeepb', 0, 10000, NULL, NULL, NULL, '2012-11-02 00:00:00', '468', 'CASH', 'PAYMENT_PROCESSED', 'PAYMENT', '2013-05-08', 'TXFP0805201360', 3244, NULL),
(3287, '2013-05-08 08:04:43', 'pradeepb', 0, 100, NULL, NULL, NULL, '2012-06-06 00:00:00', '1755', NULL, 'PAYMENT_PROCESSED', 'PAYMENT', '2013-05-08', 'TXFP0805201361', 3282, NULL),
(3290, '2013-05-08 08:04:43', 'pradeepb', 0, 1000, NULL, NULL, NULL, NULL, NULL, 'CASH', 'PAYMENT_PROCESSED', 'PAYMENT', '2013-05-08', 'TXFP0805201362', 3282, NULL),
(3294, '2013-05-08 08:05:33', 'pradeepb', 0, 13000, NULL, NULL, NULL, NULL, NULL, NULL, 'DEDUCTION_PROCESSED', 'DEDUCT', '2013-05-08', 'TXFD0805201315', 3282, NULL),
(3298, '2013-05-08 08:14:25', 'pradeepb', 0, 8000, NULL, NULL, NULL, '2012-07-28 00:00:00', '096', 'CASH', 'PAYMENT_PROCESSED', 'PAYMENT', '2013-05-08', 'TXFP0805201363', 3282, NULL),
(3301, '2013-05-08 08:15:04', 'pradeepb', 0, 1000, NULL, NULL, NULL, '2012-12-26 00:00:00', '930', 'CASH', 'PAYMENT_PROCESSED', 'PAYMENT', '2013-05-08', 'TXFP0805201364', 3282, NULL),
(3314, '2013-05-08 23:36:26', 'pradeepb', 0, 100, NULL, NULL, NULL, '2012-06-06 00:00:00', '1756', NULL, 'PAYMENT_PROCESSED', 'PAYMENT', '2013-05-08', 'TXFP0805201365', 3309, NULL),
(3317, '2013-05-08 23:36:26', 'pradeepb', 0, 1000, NULL, NULL, NULL, NULL, NULL, 'CASH', 'PAYMENT_PROCESSED', 'PAYMENT', '2013-05-08', 'TXFP0805201366', 3309, NULL),
(3321, '2013-05-08 23:37:41', 'pradeepb', 0, 12000, NULL, NULL, NULL, NULL, NULL, NULL, 'DEDUCTION_PROCESSED', 'DEDUCT', '2013-05-08', 'TXFD0805201316', 3309, NULL),
(3325, '2013-05-08 23:38:24', 'pradeepb', 0, 5000, NULL, NULL, NULL, '2012-09-27 00:00:00', '253', 'CASH', 'PAYMENT_PROCESSED', 'PAYMENT', '2013-05-08', 'TXFP0805201367', 3309, NULL),
(3327, '2013-05-08 23:39:08', 'pradeepb', 0, 5000, NULL, NULL, NULL, '2012-12-12 00:00:00', '818', 'CASH', 'PAYMENT_PROCESSED', 'PAYMENT', '2013-05-08', 'TXFP0805201368', 3309, NULL),
(3341, '2013-05-08 23:45:48', 'pradeepb', 0, 100, NULL, NULL, NULL, '2012-06-06 00:00:00', '1760', NULL, 'PAYMENT_PROCESSED', 'PAYMENT', '2013-05-08', 'TXFP0805201369', 3336, NULL),
(3344, '2013-05-08 23:45:48', 'pradeepb', 0, 1000, NULL, NULL, NULL, NULL, NULL, 'CASH', 'PAYMENT_PROCESSED', 'PAYMENT', '2013-05-08', 'TXFP0805201370', 3336, NULL),
(3348, '2013-05-08 23:46:42', 'pradeepb', 0, 14000, NULL, NULL, NULL, NULL, NULL, NULL, 'DEDUCTION_PROCESSED', 'DEDUCT', '2013-05-08', 'TXFD0805201317', 3336, NULL),
(3352, '2013-05-08 23:47:28', 'pradeepb', 0, 3000, NULL, NULL, NULL, '2012-12-24 00:00:00', '655', 'CASH', 'PAYMENT_PROCESSED', 'PAYMENT', '2013-05-08', 'TXFP0805201371', 3336, NULL),
(3354, '2013-05-08 23:48:12', 'pradeepb', 0, 2000, NULL, NULL, NULL, '2012-12-24 00:00:00', '920', 'CASH', 'PAYMENT_PROCESSED', 'PAYMENT', '2013-05-08', 'TXFP0805201372', 3336, NULL),
(3356, '2013-05-08 23:48:52', 'pradeepb', 0, 3000, NULL, NULL, NULL, '2013-02-09 00:00:00', '1200', 'CASH', 'PAYMENT_PROCESSED', 'PAYMENT', '2013-05-08', 'TXFP0805201373', 3336, NULL),
(3370, '2013-05-08 23:55:17', 'pradeepb', 0, 100, NULL, NULL, NULL, '2012-06-01 00:00:00', '1608', NULL, 'PAYMENT_PROCESSED', 'PAYMENT', '2013-05-08', 'TXFP0805201374', 3365, NULL),
(3373, '2013-05-08 23:55:17', 'pradeepb', 0, 1000, NULL, NULL, NULL, NULL, NULL, 'CASH', 'PAYMENT_PROCESSED', 'PAYMENT', '2013-05-08', 'TXFP0805201375', 3365, NULL),
(3377, '2013-05-08 23:56:00', 'pradeepb', 0, 12000, NULL, NULL, NULL, NULL, NULL, NULL, 'DEDUCTION_PROCESSED', 'DEDUCT', '2013-05-08', 'TXFD0805201318', 3365, NULL),
(3381, '2013-05-08 23:56:54', 'pradeepb', 0, 5000, NULL, NULL, NULL, '2012-11-01 00:00:00', '456', 'CASH', 'PAYMENT_PROCESSED', 'PAYMENT', '2013-05-08', 'TXFP0805201376', 3365, NULL),
(3383, '2013-05-08 23:57:43', 'pradeepb', 0, 5000, NULL, NULL, NULL, '2013-01-21 00:00:00', '1039', 'CASH', 'PAYMENT_PROCESSED', 'PAYMENT', '2013-05-08', 'TXFP0805201377', 3365, NULL),
(3398, '2013-05-09 00:03:15', 'pradeepb', 0, 100, NULL, NULL, NULL, '2012-06-08 00:00:00', '1907', NULL, 'PAYMENT_PROCESSED', 'PAYMENT', '2013-05-09', 'TXFP090520131', 3392, NULL),
(3401, '2013-05-09 00:03:15', 'pradeepb', 0, 1000, NULL, NULL, NULL, NULL, NULL, 'CASH', 'PAYMENT_PROCESSED', 'PAYMENT', '2013-05-09', 'TXFP090520132', 3392, NULL),
(3406, '2013-05-09 00:03:55', 'pradeepb', 0, 10000, NULL, NULL, NULL, NULL, NULL, NULL, 'DEDUCTION_PROCESSED', 'DEDUCT', '2013-05-09', 'TXFD090520131', 3392, NULL),
(3410, '2013-05-09 00:04:40', 'pradeepb', 0, 4000, NULL, NULL, NULL, '2012-10-01 00:00:00', '266', 'CASH', 'PAYMENT_PROCESSED', 'PAYMENT', '2013-05-09', 'TXFP090520133', 3392, NULL),
(3412, '2013-05-09 00:05:28', 'pradeepb', 0, 10000, NULL, NULL, NULL, '2012-12-15 00:00:00', '860', 'CASH', 'PAYMENT_PROCESSED', 'PAYMENT', '2013-05-09', 'TXFP090520134', 3392, NULL),
(3416, '2013-05-09 00:06:00', 'pradeepb', 0, 3000, NULL, NULL, NULL, '2013-02-22 00:00:00', '1295', 'CASH', 'PAYMENT_PROCESSED', 'PAYMENT', '2013-05-09', 'TXFP090520135', 3392, NULL),
(3434, '2013-05-09 00:34:55', 'pradeepb', 0, 100, NULL, NULL, NULL, '2012-08-25 00:00:00', '183', NULL, 'PAYMENT_PROCESSED', 'PAYMENT', '2013-05-09', 'TXFP090520136', 3429, NULL),
(3437, '2013-05-09 00:34:55', 'pradeepb', 0, 1000, NULL, NULL, NULL, NULL, NULL, 'CASH', 'PAYMENT_PROCESSED', 'PAYMENT', '2013-05-09', 'TXFP090520137', 3429, NULL),
(3441, '2013-05-09 00:38:13', 'pradeepb', 0, 13000, NULL, NULL, NULL, NULL, NULL, NULL, 'DEDUCTION_PROCESSED', 'DEDUCT', '2013-05-09', 'TXFD090520132', 3429, NULL),
(3445, '2013-05-09 00:39:47', 'pradeepb', 0, 9000, NULL, NULL, NULL, '2012-08-25 00:00:00', '183', 'CASH', 'PAYMENT_PROCESSED', 'PAYMENT', '2013-05-09', 'TXFP090520138', 3429, NULL),
(3448, '2013-05-09 00:41:29', 'pradeepb', 0, 5000, NULL, NULL, NULL, '2012-12-24 00:00:00', '911', 'CASH', 'PAYMENT_PROCESSED', 'PAYMENT', '2013-05-09', 'TXFP090520139', 3429, NULL),
(3462, '2013-05-09 00:50:19', 'pradeepb', 0, 100, NULL, NULL, NULL, '2012-06-08 00:00:00', '1851', NULL, 'PAYMENT_PROCESSED', 'PAYMENT', '2013-05-09', 'TXFP0905201310', 3457, NULL),
(3465, '2013-05-09 00:50:19', 'pradeepb', 0, 5000, NULL, NULL, NULL, NULL, NULL, 'CASH', 'PAYMENT_PROCESSED', 'PAYMENT', '2013-05-09', 'TXFP0905201311', 3457, NULL),
(3469, '2013-05-09 00:51:36', 'pradeepb', 0, 12000, NULL, NULL, NULL, NULL, NULL, NULL, 'DEDUCTION_PROCESSED', 'DEDUCT', '2013-05-09', 'TXFD090520133', 3457, NULL),
(3473, '2013-05-09 00:52:49', 'pradeepb', 0, 500, NULL, NULL, NULL, '2012-07-03 00:00:00', '1792', 'CASH', 'PAYMENT_PROCESSED', 'PAYMENT', '2013-05-09', 'TXFP0905201312', 3457, NULL),
(3486, '2013-05-09 01:03:51', 'pradeepb', 0, 100, NULL, NULL, NULL, '2012-06-09 00:00:00', '145', NULL, 'PAYMENT_PROCESSED', 'PAYMENT', '2013-05-09', 'TXFP0905201313', 3481, NULL),
(3489, '2013-05-09 01:03:52', 'pradeepb', 0, 1000, NULL, NULL, NULL, NULL, NULL, 'CASH', 'PAYMENT_PROCESSED', 'PAYMENT', '2013-05-09', 'TXFP0905201314', 3481, NULL),
(3493, '2013-05-09 01:08:51', 'pradeepb', 0, 12000, NULL, NULL, NULL, NULL, NULL, NULL, 'DEDUCTION_PROCESSED', 'DEDUCT', '2013-05-09', 'TXFD090520134', 3481, NULL),
(3497, '2013-05-09 01:10:17', 'pradeepb', 0, 3000, NULL, NULL, NULL, '2012-07-05 00:00:00', '645', 'CASH', 'PAYMENT_PROCESSED', 'PAYMENT', '2013-05-09', 'TXFP0905201315', 3481, NULL),
(3499, '2013-05-09 01:11:19', 'pradeepb', 0, 7000, NULL, NULL, NULL, '2012-07-14 00:00:00', '2161', 'CASH', 'PAYMENT_PROCESSED', 'PAYMENT', '2013-05-09', 'TXFP0905201316', 3481, NULL),
(3501, '2013-05-09 01:12:11', 'pradeepb', 0, 6000, NULL, NULL, NULL, '2012-12-24 00:00:00', '749', 'CASH', 'PAYMENT_PROCESSED', 'PAYMENT', '2013-05-09', 'TXFP0905201317', 3481, NULL),
(3505, '2013-05-09 01:12:50', 'pradeepb', 0, 2000, NULL, NULL, NULL, '2013-02-06 00:00:00', '1189', 'CASH', 'PAYMENT_PROCESSED', 'PAYMENT', '2013-05-09', 'TXFP0905201318', 3481, NULL),
(3518, '2013-05-09 01:23:15', 'pradeepb', 0, 100, NULL, NULL, NULL, '2012-10-05 00:00:00', 'NA', NULL, 'PAYMENT_PROCESSED', 'PAYMENT', '2013-05-09', 'TXFP0905201319', 3513, NULL),
(3521, '2013-05-09 01:23:15', 'pradeepb', 0, 1000, NULL, NULL, NULL, NULL, NULL, 'CASH', 'PAYMENT_PROCESSED', 'PAYMENT', '2013-05-09', 'TXFP0905201320', 3513, NULL),
(3525, '2013-05-09 01:24:29', 'pradeepb', 0, 8000, NULL, NULL, NULL, NULL, NULL, NULL, 'DEDUCTION_PROCESSED', 'DEDUCT', '2013-05-09', 'TXFD090520135', 3513, NULL),
(3529, '2013-05-09 01:25:31', 'pradeepb', 0, 6500, NULL, NULL, NULL, '2012-10-05 00:00:00', '295', 'CASH', 'PAYMENT_PROCESSED', 'PAYMENT', '2013-05-09', 'TXFP0905201321', 3513, NULL),
(3531, '2013-05-09 01:26:36', 'pradeepb', 0, 6000, NULL, NULL, NULL, '2012-12-12 00:00:00', '829', 'CASH', 'PAYMENT_PROCESSED', 'PAYMENT', '2013-05-09', 'TXFP0905201322', 3513, NULL),
(3534, '2013-05-09 01:27:32', 'pradeepb', 0, 3500, NULL, NULL, NULL, '2013-02-22 00:00:00', '1300', 'CASH', 'PAYMENT_PROCESSED', 'PAYMENT', '2013-05-09', 'TXFP0905201323', 3513, NULL),
(3548, '2013-05-09 01:38:53', 'pradeepb', 0, 100, NULL, NULL, NULL, '2012-06-08 00:00:00', '1768', NULL, 'PAYMENT_PROCESSED', 'PAYMENT', '2013-05-09', 'TXFP0905201324', 3543, NULL),
(3551, '2013-05-09 01:38:53', 'pradeepb', 0, 5000, NULL, NULL, NULL, NULL, NULL, 'CASH', 'PAYMENT_PROCESSED', 'PAYMENT', '2013-05-09', 'TXFP0905201325', 3543, NULL),
(3555, '2013-05-09 01:41:44', 'pradeepb', 0, 3000, NULL, NULL, NULL, NULL, NULL, NULL, 'DEDUCTION_PROCESSED', 'DEDUCT', '2013-05-09', 'TXFD090520136', 3543, NULL),
(3559, '2013-05-09 01:42:41', 'pradeepb', 0, 10000, NULL, NULL, NULL, '2012-12-03 00:00:00', '748', 'CASH', 'PAYMENT_PROCESSED', 'PAYMENT', '2013-05-09', 'TXFP0905201326', 3543, NULL),
(3572, '2013-05-09 01:48:06', 'pradeepb', 0, 100, NULL, NULL, NULL, '2012-04-15 00:00:00', '701', NULL, 'PAYMENT_PROCESSED', 'PAYMENT', '2013-05-09', 'TXFP0905201327', 3567, NULL),
(3575, '2013-05-09 01:48:06', 'pradeepb', 0, 2000, NULL, NULL, NULL, NULL, NULL, 'CASH', 'PAYMENT_PROCESSED', 'PAYMENT', '2013-05-09', 'TXFP0905201328', 3567, NULL),
(3579, '2013-05-09 01:50:13', 'pradeepb', 0, 7000, NULL, NULL, NULL, NULL, NULL, NULL, 'DEDUCTION_PROCESSED', 'DEDUCT', '2013-05-09', 'TXFD090520137', 3567, NULL),
(3583, '2013-05-09 01:51:11', 'pradeepb', 0, 5000, NULL, NULL, NULL, '2013-02-13 00:00:00', '1269', 'CASH', 'PAYMENT_PROCESSED', 'PAYMENT', '2013-05-09', 'TXFP0905201329', 3567, NULL),
(3585, '2013-05-09 01:53:46', 'pradeepb', 0, 8600, NULL, NULL, NULL, NULL, NULL, NULL, 'DEDUCTION_PROCESSED', 'DEDUCT', '2013-05-09', 'TXFD090520138', 2741, NULL),
(3589, '2013-05-09 01:54:26', 'pradeepb', 0, 8000, NULL, NULL, NULL, '2012-08-31 00:00:00', '193', 'CASH', 'PAYMENT_PROCESSED', 'PAYMENT', '2013-05-09', 'TXFP0905201330', 2741, NULL),
(3591, '2013-05-09 01:55:13', 'pradeepb', 0, 6400, NULL, NULL, NULL, '2012-10-22 00:00:00', '395', 'CASH', 'PAYMENT_PROCESSED', 'PAYMENT', '2013-05-09', 'TXFP0905201331', 2741, NULL),
(3605, '2013-05-09 02:02:56', 'pradeepb', 0, 100, NULL, NULL, NULL, '2012-06-04 00:00:00', '1815', NULL, 'PAYMENT_PROCESSED', 'PAYMENT', '2013-05-09', 'TXFP0905201332', 3600, NULL),
(3608, '2013-05-09 02:02:56', 'pradeepb', 0, 5000, NULL, NULL, NULL, NULL, NULL, 'CASH', 'PAYMENT_PROCESSED', 'PAYMENT', '2013-05-09', 'TXFP0905201333', 3600, NULL),
(3612, '2013-05-09 02:04:27', 'pradeepb', 0, 3000, NULL, NULL, NULL, NULL, NULL, NULL, 'DEDUCTION_PROCESSED', 'DEDUCT', '2013-05-09', 'TXFD090520139', 3600, NULL),
(3616, '2013-05-09 02:05:24', 'pradeepb', 0, 3100, NULL, NULL, NULL, '2012-12-08 00:00:00', '778', 'CASH', 'PAYMENT_PROCESSED', 'PAYMENT', '2013-05-09', 'TXFP0905201334', 3600, NULL),
(3626, '2013-05-09 02:23:57', 'pradeepb', 0, 10000, NULL, NULL, NULL, NULL, NULL, NULL, 'DEDUCTION_PROCESSED', 'DEDUCT', '2013-05-09', 'TXFD0905201310', 570, NULL),
(3630, '2013-05-09 02:24:47', 'pradeepb', 0, 100, NULL, NULL, NULL, '2012-06-01 00:00:00', '77682', 'CASH', 'PAYMENT_PROCESSED', 'PAYMENT', '2013-05-09', 'TXFP0905201335', 570, NULL),
(3632, '2013-05-09 02:25:29', 'pradeepb', 0, 2000, NULL, NULL, NULL, '2012-06-01 00:00:00', '77682', 'CASH', 'PAYMENT_PROCESSED', 'PAYMENT', '2013-05-09', 'TXFP0905201336', 570, NULL),
(3634, '2013-05-09 02:26:05', 'pradeepb', 0, 4000, NULL, NULL, NULL, '2012-11-10 00:00:00', '605', 'CASH', 'PAYMENT_PROCESSED', 'PAYMENT', '2013-05-09', 'TXFP0905201337', 570, NULL),
(3636, '2013-05-09 02:27:35', 'pradeepb', 0, 8000, NULL, NULL, NULL, '2013-02-13 00:00:00', '1268', 'CASH', 'PAYMENT_PROCESSED', 'PAYMENT', '2013-05-09', 'TXFP0905201338', 570, NULL),
(3653, '2013-05-09 03:17:49', 'pradeepb', 0, 100, NULL, NULL, NULL, '2012-06-19 00:00:00', '2456', NULL, 'PAYMENT_PROCESSED', 'PAYMENT', '2013-05-09', 'TXFP0905201339', 3646, NULL),
(3672, '2013-05-09 05:49:19', 'pradeepb', 0, 100, NULL, NULL, NULL, '2012-05-30 00:00:00', '1717', NULL, 'PAYMENT_PROCESSED', 'PAYMENT', '2013-05-09', 'TXFP0905201340', 3665, NULL),
(3676, '2013-05-09 05:49:19', 'pradeepb', 0, 5000, NULL, NULL, NULL, NULL, NULL, 'CASH', 'PAYMENT_PROCESSED', 'PAYMENT', '2013-05-09', 'TXFP0905201341', 3665, NULL),
(3693, '2013-05-09 06:01:41', 'pradeepb', 0, 100, NULL, NULL, NULL, '2012-06-12 00:00:00', '1779', NULL, 'PAYMENT_PROCESSED', 'PAYMENT', '2013-05-09', 'TXFP0905201342', 3686, NULL),
(3697, '2013-05-09 06:01:41', 'pradeepb', 0, 5000, NULL, NULL, NULL, NULL, NULL, 'CASH', 'PAYMENT_PROCESSED', 'PAYMENT', '2013-05-09', 'TXFP0905201343', 3686, NULL),
(3714, '2013-05-09 06:07:00', 'pradeepb', 0, 100, NULL, NULL, NULL, '2012-04-24 00:00:00', 'NA', NULL, 'PAYMENT_PROCESSED', 'PAYMENT', '2013-05-09', 'TXFP0905201344', 3707, NULL),
(3718, '2013-05-09 06:07:00', 'pradeepb', 0, 2000, NULL, NULL, NULL, NULL, NULL, 'CASH', 'PAYMENT_PROCESSED', 'PAYMENT', '2013-05-09', 'TXFP0905201345', 3707, NULL),
(3735, '2013-05-09 07:13:17', 'pradeepb', 0, 100, NULL, NULL, NULL, '2012-06-07 00:00:00', '1849', NULL, 'PAYMENT_PROCESSED', 'PAYMENT', '2013-05-09', 'TXFP0905201346', 3728, NULL),
(3754, '2013-05-09 07:20:48', 'pradeepb', 0, 100, NULL, NULL, NULL, '2012-06-07 00:00:00', '1842', NULL, 'PAYMENT_PROCESSED', 'PAYMENT', '2013-05-09', 'TXFP0905201347', 3747, NULL),
(3758, '2013-05-09 07:20:48', 'pradeepb', 0, 5000, NULL, NULL, NULL, NULL, NULL, 'CASH', 'PAYMENT_PROCESSED', 'PAYMENT', '2013-05-09', 'TXFP0905201348', 3747, NULL),
(3775, '2013-05-09 23:51:51', 'pradeepb', 0, 100, NULL, NULL, NULL, '2012-06-10 00:00:00', 'NA', NULL, 'PAYMENT_PROCESSED', 'PAYMENT', '2013-05-09', 'TXFP0905201349', 3768, NULL),
(3779, '2013-05-09 23:51:51', 'pradeepb', 0, 5000, NULL, NULL, NULL, NULL, NULL, 'CASH', 'PAYMENT_PROCESSED', 'PAYMENT', '2013-05-09', 'TXFP0905201350', 3768, NULL),
(3797, '2013-05-10 00:11:41', 'pradeepb', 0, 100, NULL, NULL, NULL, '2012-06-11 00:00:00', '5000', NULL, 'PAYMENT_PROCESSED', 'PAYMENT', '2013-05-10', 'TXFP100520131', 3789, NULL),
(3801, '2013-05-10 00:11:41', 'pradeepb', 0, 5000, NULL, NULL, NULL, NULL, NULL, 'CASH', 'PAYMENT_PROCESSED', 'PAYMENT', '2013-05-10', 'TXFP100520132', 3789, NULL),
(3820, '2013-05-10 01:39:53', 'pradeepb', 0, 5000, NULL, NULL, NULL, NULL, NULL, 'CASH', 'PAYMENT_PROCESSED', 'PAYMENT', '2013-05-10', 'TXFP100520133', 3810, NULL),
(3837, '2013-05-10 01:56:21', 'pradeepb', 0, 100, NULL, NULL, NULL, '2012-06-20 00:00:00', '2468', NULL, 'PAYMENT_PROCESSED', 'PAYMENT', '2013-05-10', 'TXFP100520134', 3830, NULL),
(3841, '2013-05-10 01:56:21', 'pradeepb', 0, 5000, NULL, NULL, NULL, NULL, NULL, 'CASH', 'PAYMENT_PROCESSED', 'PAYMENT', '2013-05-10', 'TXFP100520135', 3830, NULL);
INSERT INTO `STUDENT_FEE_TXN` (`ID`, `AUDIT_TIMESTAMP`, `AUDIT_USER_NAME`, `VERSION`, `AMOUNT`, `BANK_BRANCH`, `BANK_NAME`, `CHEQUE_NR`, `EXT_TRANSACTION_DATE`, `EXT_TRANSACTION_NR`, `PAYMENT_METHOD`, `SFT_STATUS`, `SFT_TYPE`, `TRANSACTION_DATE`, `TRANSACTION_NR`, `STUDENT_ACADEMIC_YEAR_ID`, `COMMENTS`) VALUES
(3858, '2013-05-10 02:06:38', 'pradeepb', 0, 100, NULL, NULL, NULL, '2012-04-26 00:00:00', '219', NULL, 'PAYMENT_PROCESSED', 'PAYMENT', '2013-05-10', 'TXFP100520136', 3851, NULL),
(3862, '2013-05-10 02:06:38', 'pradeepb', 0, 1500, NULL, NULL, NULL, NULL, NULL, 'CASH', 'PAYMENT_PROCESSED', 'PAYMENT', '2013-05-10', 'TXFP100520137', 3851, NULL),
(3866, '2013-05-10 02:07:42', 'pradeepb', 0, 3500, NULL, NULL, NULL, '2012-04-26 00:00:00', '214', 'CASH', 'PAYMENT_PROCESSED', 'PAYMENT', '2013-05-10', 'TXFP100520138', 3851, NULL),
(3881, '2013-05-10 02:25:45', 'pradeepb', 0, 100, NULL, NULL, NULL, '2012-06-14 00:00:00', '2344', NULL, 'PAYMENT_PROCESSED', 'PAYMENT', '2013-05-10', 'TXFP100520139', 3874, NULL),
(3885, '2013-05-10 02:25:45', 'pradeepb', 0, 5000, NULL, NULL, NULL, NULL, NULL, 'CASH', 'PAYMENT_PROCESSED', 'PAYMENT', '2013-05-10', 'TXFP1005201310', 3874, NULL),
(3902, '2013-05-10 02:56:09', 'pradeepb', 0, 100, NULL, NULL, NULL, '2012-06-02 00:00:00', 'NA', NULL, 'PAYMENT_PROCESSED', 'PAYMENT', '2013-05-10', 'TXFP1005201311', 3895, NULL),
(3906, '2013-05-10 02:56:09', 'pradeepb', 0, 5000, NULL, NULL, NULL, NULL, NULL, 'CASH', 'PAYMENT_PROCESSED', 'PAYMENT', '2013-05-10', 'TXFP1005201312', 3895, NULL),
(3923, '2013-05-10 04:33:32', 'pradeepb', 0, 100, NULL, NULL, NULL, '2012-06-05 00:00:00', '1822', NULL, 'PAYMENT_PROCESSED', 'PAYMENT', '2013-05-10', 'TXFP1005201313', 3916, NULL),
(3927, '2013-05-10 04:33:32', 'pradeepb', 0, 3000, NULL, NULL, NULL, NULL, NULL, 'CASH', 'PAYMENT_PROCESSED', 'PAYMENT', '2013-05-10', 'TXFP1005201314', 3916, NULL),
(3944, '2013-05-10 04:45:30', 'pradeepb', 0, 100, NULL, NULL, NULL, '2012-05-19 00:00:00', '253', NULL, 'PAYMENT_PROCESSED', 'PAYMENT', '2013-05-10', 'TXFP1005201315', 3937, NULL),
(3948, '2013-05-10 04:45:30', 'pradeepb', 0, 5000, NULL, NULL, NULL, NULL, NULL, 'CASH', 'PAYMENT_PROCESSED', 'PAYMENT', '2013-05-10', 'TXFP1005201316', 3937, NULL),
(3965, '2013-05-10 04:52:34', 'pradeepb', 0, 100, NULL, NULL, NULL, '2012-06-02 00:00:00', '77699', NULL, 'PAYMENT_PROCESSED', 'PAYMENT', '2013-05-10', 'TXFP1005201317', 3958, NULL),
(3969, '2013-05-10 04:52:34', 'pradeepb', 0, 5000, NULL, NULL, NULL, NULL, NULL, 'CASH', 'PAYMENT_PROCESSED', 'PAYMENT', '2013-05-10', 'TXFP1005201318', 3958, NULL),
(3986, '2013-05-10 05:30:38', 'pradeepb', 0, 100, NULL, NULL, NULL, '2012-06-08 00:00:00', '1915', NULL, 'PAYMENT_PROCESSED', 'PAYMENT', '2013-05-10', 'TXFP1005201319', 3979, NULL),
(3990, '2013-05-10 05:30:38', 'pradeepb', 0, 5000, NULL, NULL, NULL, NULL, NULL, 'CASH', 'PAYMENT_PROCESSED', 'PAYMENT', '2013-05-10', 'TXFP1005201320', 3979, NULL),
(4012, '2013-05-10 23:58:08', 'pradeepb', 0, 100, NULL, NULL, NULL, '2012-04-25 00:00:00', '212', NULL, 'PAYMENT_PROCESSED', 'PAYMENT', '2013-05-10', 'TXFP1005201321', 4005, NULL),
(4016, '2013-05-10 23:58:09', 'pradeepb', 0, 5000, NULL, NULL, NULL, NULL, NULL, 'CASH', 'PAYMENT_PROCESSED', 'PAYMENT', '2013-05-10', 'TXFP1005201322', 4005, NULL),
(4034, '2013-05-11 00:08:14', 'pradeepb', 0, 100, NULL, NULL, NULL, '2012-06-13 00:00:00', '1789', NULL, 'PAYMENT_PROCESSED', 'PAYMENT', '2013-05-11', 'TXFP110520131', 4026, NULL),
(4038, '2013-05-11 00:08:14', 'pradeepb', 0, 5000, NULL, NULL, NULL, NULL, NULL, 'CASH', 'PAYMENT_PROCESSED', 'PAYMENT', '2013-05-11', 'TXFP110520132', 4026, NULL),
(4055, '2013-05-11 00:13:12', 'pradeepb', 0, 100, NULL, NULL, NULL, '2012-05-30 00:00:00', '1715', NULL, 'PAYMENT_PROCESSED', 'PAYMENT', '2013-05-11', 'TXFP110520133', 4048, NULL),
(4059, '2013-05-11 00:13:12', 'pradeepb', 0, 5000, NULL, NULL, NULL, NULL, NULL, 'CASH', 'PAYMENT_PROCESSED', 'PAYMENT', '2013-05-11', 'TXFP110520134', 4048, NULL),
(4076, '2013-05-11 00:17:58', 'pradeepb', 0, 100, NULL, NULL, NULL, '2012-05-25 00:00:00', '283', NULL, 'PAYMENT_PROCESSED', 'PAYMENT', '2013-05-11', 'TXFP110520135', 4069, NULL),
(4080, '2013-05-11 00:17:58', 'pradeepb', 0, 5000, NULL, NULL, NULL, NULL, NULL, 'CASH', 'PAYMENT_PROCESSED', 'PAYMENT', '2013-05-11', 'TXFP110520136', 4069, NULL),
(4099, '2013-05-11 00:23:18', 'pradeepb', 0, 3500, NULL, NULL, NULL, NULL, NULL, 'CASH', 'PAYMENT_PROCESSED', 'PAYMENT', '2013-05-11', 'TXFP110520137', 4089, NULL),
(4116, '2013-05-11 00:30:20', 'pradeepb', 0, 100, NULL, NULL, NULL, '2012-05-15 00:00:00', 'NA', NULL, 'PAYMENT_PROCESSED', 'PAYMENT', '2013-05-11', 'TXFP110520138', 4109, NULL),
(4120, '2013-05-11 00:30:20', 'pradeepb', 0, 5000, NULL, NULL, NULL, NULL, NULL, 'CASH', 'PAYMENT_PROCESSED', 'PAYMENT', '2013-05-11', 'TXFP110520139', 4109, NULL),
(4153, '2013-05-11 01:38:24', 'pradeepb', 0, 100, NULL, NULL, NULL, '2012-07-04 00:00:00', 'NA', NULL, 'PAYMENT_PROCESSED', 'PAYMENT', '2013-05-11', 'TXFP1105201310', 4146, NULL),
(4157, '2013-05-11 01:38:25', 'pradeepb', 0, 4000, NULL, NULL, NULL, NULL, NULL, 'CASH', 'PAYMENT_PROCESSED', 'PAYMENT', '2013-05-11', 'TXFP1105201311', 4146, NULL),
(4184, '2013-05-11 01:52:10', 'apeironsol123', 0, 100, NULL, NULL, NULL, '2013-06-13 00:00:00', '1785', NULL, 'PAYMENT_PROCESSED', 'PAYMENT', '2013-05-11', 'TXFP1105201312', 4168, NULL),
(4188, '2013-05-11 01:52:10', 'apeironsol123', 0, 5000, NULL, NULL, NULL, NULL, NULL, 'CASH', 'PAYMENT_PROCESSED', 'PAYMENT', '2013-05-11', 'TXFP1105201313', 4168, NULL),
(4197, '2013-05-11 01:52:10', 'apeironsol123', 0, 100, NULL, NULL, NULL, '2012-06-09 00:00:00', '1855', NULL, 'PAYMENT_PROCESSED', 'PAYMENT', '2013-05-11', 'TXFP1105201314', 4177, NULL),
(4201, '2013-05-11 01:52:10', 'apeironsol123', 0, 5000, NULL, NULL, NULL, NULL, NULL, 'CASH', 'PAYMENT_PROCESSED', 'PAYMENT', '2013-05-11', 'TXFP1105201315', 4177, NULL),
(4218, '2013-05-11 01:58:42', 'apeironsol123', 0, 100, NULL, NULL, NULL, '2012-06-08 00:00:00', '1916', NULL, 'PAYMENT_PROCESSED', 'PAYMENT', '2013-05-11', 'TXFP1105201316', 4211, NULL),
(4222, '2013-05-11 01:58:42', 'apeironsol123', 0, 5000, NULL, NULL, NULL, NULL, NULL, 'CASH', 'PAYMENT_PROCESSED', 'PAYMENT', '2013-05-11', 'TXFP1105201317', 4211, NULL),
(4245, '2013-05-11 02:05:15', 'apeironsol123', 0, 100, NULL, NULL, NULL, '2012-06-06 00:00:00', '1828', NULL, 'PAYMENT_PROCESSED', 'PAYMENT', '2013-05-11', 'TXFP1105201318', 4232, NULL),
(4249, '2013-05-11 02:05:15', 'apeironsol123', 1, 3100, NULL, NULL, NULL, NULL, NULL, 'CASH', 'TRANSACTOIN_CANCELLED', 'PAYMENT', '2013-05-11', 'TXFP1105201319', 4232, NULL),
(4267, '2013-05-11 02:05:56', 'pradeepb', 0, 100, NULL, NULL, NULL, '2012-06-20 00:00:00', '2473', NULL, 'PAYMENT_PROCESSED', 'PAYMENT', '2013-05-11', 'TXFP1105201320', 4259, NULL),
(4271, '2013-05-11 02:05:56', 'pradeepb', 0, 4000, NULL, NULL, NULL, NULL, NULL, 'CASH', 'PAYMENT_PROCESSED', 'PAYMENT', '2013-05-11', 'TXFP1105201321', 4259, NULL),
(4275, '2013-05-11 02:06:01', 'apeironsol123', 0, 3000, NULL, NULL, NULL, NULL, NULL, 'CASH', 'PAYMENT_PROCESSED', 'PAYMENT', '2013-05-11', 'TXFP1105201322', 4232, NULL),
(4292, '2013-05-11 02:10:22', 'pradeepb', 0, 100, NULL, NULL, NULL, '2012-06-03 00:00:00', '1738', NULL, 'PAYMENT_PROCESSED', 'PAYMENT', '2013-05-11', 'TXFP1105201323', 4285, NULL),
(4296, '2013-05-11 02:10:22', 'pradeepb', 0, 5000, NULL, NULL, NULL, NULL, NULL, 'CASH', 'PAYMENT_PROCESSED', 'PAYMENT', '2013-05-11', 'TXFP1105201324', 4285, NULL),
(4319, '2013-05-11 02:13:48', 'apeironsol123', 0, 100, NULL, NULL, NULL, '2012-05-31 00:00:00', '1722', NULL, 'PAYMENT_PROCESSED', 'PAYMENT', '2013-05-11', 'TXFP1105201325', 4306, NULL),
(4323, '2013-05-11 02:13:48', 'apeironsol123', 0, 5000, NULL, NULL, NULL, NULL, NULL, 'CASH', 'PAYMENT_PROCESSED', 'PAYMENT', '2013-05-11', 'TXFP1105201326', 4306, NULL),
(4341, '2013-05-11 02:15:05', 'pradeepb', 0, 100, NULL, NULL, NULL, '2012-06-24 00:00:00', '155', NULL, 'PAYMENT_PROCESSED', 'PAYMENT', '2013-05-11', 'TXFP1105201327', 4333, NULL),
(4345, '2013-05-11 02:15:05', 'pradeepb', 0, 5000, NULL, NULL, NULL, NULL, NULL, 'CASH', 'PAYMENT_PROCESSED', 'PAYMENT', '2013-05-11', 'TXFP1105201328', 4333, NULL),
(4347, '2013-05-11 02:15:05', 'pradeepb', 0, 5000, NULL, NULL, NULL, NULL, NULL, 'CASH', 'PAYMENT_PROCESSED', 'PAYMENT', '2013-05-11', 'TXFP1105201329', 4333, NULL),
(4358, '2013-05-11 02:15:57', 'apeironsol123', 0, 100, NULL, NULL, NULL, '2012-05-30 00:00:00', '77678', NULL, 'PAYMENT_PROCESSED', 'PAYMENT', '2013-05-11', 'TXFP1105201330', 4351, NULL),
(4362, '2013-05-11 02:15:57', 'apeironsol123', 0, 3000, NULL, NULL, NULL, NULL, NULL, 'CASH', 'PAYMENT_PROCESSED', 'PAYMENT', '2013-05-11', 'TXFP1105201331', 4351, NULL),
(4387, '2013-05-11 02:19:46', 'pradeepb', 0, 100, NULL, NULL, NULL, '2012-05-03 00:00:00', '224', NULL, 'PAYMENT_PROCESSED', 'PAYMENT', '2013-05-11', 'TXFP1105201332', 4378, NULL),
(4391, '2013-05-11 02:19:46', 'pradeepb', 0, 3000, NULL, NULL, NULL, NULL, NULL, 'CASH', 'PAYMENT_PROCESSED', 'PAYMENT', '2013-05-11', 'TXFP1105201333', 4378, NULL),
(4400, '2013-05-11 02:20:20', 'apeironsol123', 0, 100, NULL, NULL, NULL, '2012-06-14 00:00:00', '2345', NULL, 'PAYMENT_PROCESSED', 'PAYMENT', '2013-05-11', 'TXFP1105201334', 4380, NULL),
(4404, '2013-05-11 02:20:20', 'apeironsol123', 0, 5000, NULL, NULL, NULL, NULL, NULL, 'CASH', 'PAYMENT_PROCESSED', 'PAYMENT', '2013-05-11', 'TXFP1105201335', 4380, NULL),
(4406, '2013-05-11 02:20:20', 'apeironsol123', 0, 5000, NULL, NULL, NULL, NULL, NULL, 'CASH', 'PAYMENT_PROCESSED', 'PAYMENT', '2013-05-11', 'TXFP1105201336', 4380, NULL),
(4430, '2013-05-11 02:24:37', 'pradeepb', 0, 100, NULL, NULL, NULL, '2012-06-13 00:00:00', '1783', NULL, 'PAYMENT_PROCESSED', 'PAYMENT', '2013-05-11', 'TXFP1105201337', 4423, NULL),
(4434, '2013-05-11 02:24:37', 'pradeepb', 0, 5000, NULL, NULL, NULL, NULL, NULL, 'CASH', 'PAYMENT_PROCESSED', 'PAYMENT', '2013-05-11', 'TXFP1105201338', 4423, NULL),
(4454, '2013-05-11 02:25:20', 'apeironsol123', 0, 100, NULL, NULL, NULL, '2012-06-07 00:00:00', '1845', NULL, 'PAYMENT_PROCESSED', 'PAYMENT', '2013-05-11', 'TXFP1105201339', 4444, NULL),
(4458, '2013-05-11 02:25:20', 'apeironsol123', 0, 4000, NULL, NULL, NULL, NULL, NULL, 'CASH', 'PAYMENT_PROCESSED', 'PAYMENT', '2013-05-11', 'TXFP1105201340', 4444, NULL),
(4467, '2013-05-11 02:25:33', 'apeironsol123', 0, 100, NULL, NULL, NULL, '2012-06-09 00:00:00', '1854', NULL, 'PAYMENT_PROCESSED', 'PAYMENT', '2013-05-11', 'TXFP1105201341', 4447, NULL),
(4471, '2013-05-11 02:25:34', 'apeironsol123', 0, 1000, NULL, NULL, NULL, NULL, NULL, 'CASH', 'PAYMENT_PROCESSED', 'PAYMENT', '2013-05-11', 'TXFP1105201342', 4447, NULL),
(4495, '2013-05-11 02:31:48', 'pradeepb', 0, 100, NULL, NULL, NULL, '2012-08-03 00:00:00', '2215', NULL, 'PAYMENT_PROCESSED', 'PAYMENT', '2013-05-11', 'TXFP1105201343', 4481, NULL),
(4499, '2013-05-11 02:31:48', 'pradeepb', 0, 7500, NULL, NULL, NULL, NULL, NULL, 'CASH', 'PAYMENT_PROCESSED', 'PAYMENT', '2013-05-11', 'TXFP1105201344', 4481, NULL),
(4517, '2013-05-11 02:32:23', 'pradeepb', 0, 100, NULL, NULL, NULL, '2012-08-03 00:00:00', '2215', NULL, 'PAYMENT_PROCESSED', 'PAYMENT', '2013-05-11', 'TXFP1105201345', 4481, NULL),
(4521, '2013-05-11 02:32:23', 'pradeepb', 0, 5000, NULL, NULL, NULL, NULL, NULL, 'CASH', 'PAYMENT_PROCESSED', 'PAYMENT', '2013-05-11', 'TXFP1105201346', 4481, NULL),
(4532, '2013-05-11 02:32:25', 'apeironsol123', 0, 100, NULL, NULL, NULL, '2012-06-29 00:00:00', '721', NULL, 'PAYMENT_PROCESSED', 'PAYMENT', '2013-05-11', 'TXFP1105201347', 4505, NULL),
(4536, '2013-05-11 02:32:25', 'apeironsol123', 0, 5000, NULL, NULL, NULL, NULL, NULL, 'CASH', 'PAYMENT_PROCESSED', 'PAYMENT', '2013-05-11', 'TXFP1105201348', 4505, NULL),
(4545, '2013-05-11 02:32:59', 'pradeepb', 0, 100, NULL, NULL, NULL, '2012-08-03 00:00:00', '2215', NULL, 'PAYMENT_PROCESSED', 'PAYMENT', '2013-05-11', 'TXFP1105201349', 4481, NULL),
(4549, '2013-05-11 02:32:59', 'pradeepb', 0, 3000, NULL, NULL, NULL, NULL, NULL, 'CASH', 'PAYMENT_PROCESSED', 'PAYMENT', '2013-05-11', 'TXFP1105201350', 4481, NULL),
(4551, '2013-05-11 02:32:59', 'pradeepb', 0, 5000, NULL, NULL, NULL, NULL, NULL, 'CASH', 'PAYMENT_PROCESSED', 'PAYMENT', '2013-05-11', 'TXFP1105201351', 4481, NULL),
(4553, '2013-05-11 02:32:59', 'pradeepb', 0, 7000, NULL, NULL, NULL, NULL, NULL, 'CASH', 'PAYMENT_PROCESSED', 'PAYMENT', '2013-05-11', 'TXFP1105201352', 4481, NULL),
(4564, '2013-05-11 02:33:55', 'apeironsol123', 0, 100, NULL, NULL, NULL, '2012-06-04 00:00:00', '1817', NULL, 'PAYMENT_PROCESSED', 'PAYMENT', '2013-05-11', 'TXFP1105201353', 4557, NULL),
(4568, '2013-05-11 02:33:55', 'apeironsol123', 0, 5000, NULL, NULL, NULL, NULL, NULL, 'CASH', 'PAYMENT_PROCESSED', 'PAYMENT', '2013-05-11', 'TXFP1105201354', 4557, NULL),
(4593, '2013-05-11 02:39:05', 'apeironsol123', 0, 100, NULL, NULL, NULL, '2012-06-07 00:00:00', '1844', NULL, 'PAYMENT_PROCESSED', 'PAYMENT', '2013-05-11', 'TXFP1105201355', 4584, NULL),
(4597, '2013-05-11 02:39:05', 'apeironsol123', 0, 5000, NULL, NULL, NULL, NULL, NULL, 'CASH', 'PAYMENT_PROCESSED', 'PAYMENT', '2013-05-11', 'TXFP1105201356', 4584, NULL),
(4606, '2013-05-11 02:39:15', 'pradeepb', 0, 100, NULL, NULL, NULL, '2012-08-07 00:00:00', '2216', NULL, 'PAYMENT_PROCESSED', 'PAYMENT', '2013-05-11', 'TXFP1105201357', 4586, NULL),
(4610, '2013-05-11 02:39:15', 'pradeepb', 0, 5000, NULL, NULL, NULL, NULL, NULL, 'CASH', 'PAYMENT_PROCESSED', 'PAYMENT', '2013-05-11', 'TXFP1105201358', 4586, NULL),
(4612, '2013-05-11 02:39:15', 'pradeepb', 0, 5000, NULL, NULL, NULL, NULL, NULL, 'CASH', 'PAYMENT_PROCESSED', 'PAYMENT', '2013-05-11', 'TXFP1105201359', 4586, NULL),
(4630, '2013-05-11 02:40:49', 'apeironsol123', 0, 100, NULL, NULL, NULL, '2012-05-06 00:00:00', '296', NULL, 'PAYMENT_PROCESSED', 'PAYMENT', '2013-05-11', 'TXFP1105201360', 4623, NULL),
(4634, '2013-05-11 02:40:49', 'apeironsol123', 0, 3000, NULL, NULL, NULL, NULL, NULL, 'CASH', 'PAYMENT_PROCESSED', 'PAYMENT', '2013-05-11', 'TXFP1105201361', 4623, NULL),
(4659, '2013-05-11 02:44:39', 'apeironsol123', 0, 100, NULL, NULL, NULL, '2012-05-31 00:00:00', '1724', NULL, 'PAYMENT_PROCESSED', 'PAYMENT', '2013-05-11', 'TXFP1105201362', 4650, NULL),
(4663, '2013-05-11 02:44:39', 'apeironsol123', 0, 5000, NULL, NULL, NULL, NULL, NULL, 'CASH', 'PAYMENT_PROCESSED', 'PAYMENT', '2013-05-11', 'TXFP1105201363', 4650, NULL),
(4672, '2013-05-11 02:44:44', 'pradeepb', 0, 100, NULL, NULL, NULL, '2012-06-11 00:00:00', '1774', NULL, 'PAYMENT_PROCESSED', 'PAYMENT', '2013-05-11', 'TXFP1105201364', 4652, NULL),
(4676, '2013-05-11 02:44:44', 'pradeepb', 0, 5000, NULL, NULL, NULL, NULL, NULL, 'CASH', 'PAYMENT_PROCESSED', 'PAYMENT', '2013-05-11', 'TXFP1105201365', 4652, NULL),
(4710, '2013-05-11 02:50:30', 'apeironsol123', 0, 100, NULL, NULL, NULL, '2012-05-31 00:00:00', '1723', NULL, 'PAYMENT_PROCESSED', 'PAYMENT', '2013-05-11', 'TXFP1105201366', 4702, NULL),
(4714, '2013-05-11 02:50:30', 'apeironsol123', 0, 5000, NULL, NULL, NULL, NULL, NULL, 'CASH', 'PAYMENT_PROCESSED', 'PAYMENT', '2013-05-11', 'TXFP1105201367', 4702, NULL),
(4728, '2013-05-11 02:51:17', 'apeironsol123', 0, 5000, NULL, NULL, NULL, NULL, NULL, 'CASH', 'PAYMENT_PROCESSED', 'PAYMENT', '2013-05-11', 'TXFP1105201368', 4718, NULL);

-- --------------------------------------------------------

--
-- Table structure for table `STUDENT_FEE_TXN_DETAILS`
--

CREATE TABLE IF NOT EXISTS `STUDENT_FEE_TXN_DETAILS` (
  `ID` bigint(20) NOT NULL,
  `AUDIT_TIMESTAMP` datetime NOT NULL,
  `AUDIT_USER_NAME` varchar(255) NOT NULL,
  `VERSION` bigint(20) NOT NULL,
  `AMOUNT` double NOT NULL,
  `BRANCH_LEVEL_FEE_CATALOG_ID` bigint(20) DEFAULT NULL,
  `KLASS_LEVEL_FEE_CATALOG_ID` bigint(20) DEFAULT NULL,
  `STUDENT_FEE_ID` bigint(20) NOT NULL,
  `STUDENT_FEE_TXN_ID` bigint(20) NOT NULL,
  `STUDENT_LEVEL_FEE_CATALOG_ID` bigint(20) DEFAULT NULL,
  PRIMARY KEY (`ID`),
  KEY `FK1454D3B06391273E` (`KLASS_LEVEL_FEE_CATALOG_ID`),
  KEY `FK1454D3B0AF9F8FAD` (`STUDENT_FEE_TXN_ID`),
  KEY `FK1454D3B0345E3288` (`STUDENT_LEVEL_FEE_CATALOG_ID`),
  KEY `FK1454D3B0FE0F49B6` (`STUDENT_FEE_ID`),
  KEY `FK1454D3B0D2777EF4` (`BRANCH_LEVEL_FEE_CATALOG_ID`)
) ENGINE=MyISAM DEFAULT CHARSET=latin1;

--
-- Dumping data for table `STUDENT_FEE_TXN_DETAILS`
--

INSERT INTO `STUDENT_FEE_TXN_DETAILS` (`ID`, `AUDIT_TIMESTAMP`, `AUDIT_USER_NAME`, `VERSION`, `AMOUNT`, `BRANCH_LEVEL_FEE_CATALOG_ID`, `KLASS_LEVEL_FEE_CATALOG_ID`, `STUDENT_FEE_ID`, `STUDENT_FEE_TXN_ID`, `STUDENT_LEVEL_FEE_CATALOG_ID`) VALUES
(1144, '2013-04-21 04:19:06', 'pradeepb', 0, 5000, NULL, 972, 238, 1143, NULL),
(1145, '2013-04-21 04:19:06', 'pradeepb', 0, 2500, NULL, 973, 238, 1143, NULL),
(1146, '2013-04-21 04:19:06', 'pradeepb', 0, 2500, NULL, 974, 238, 1143, NULL),
(1149, '2013-04-21 04:20:59', 'pradeepb', 0, 100, 1000, NULL, 1001, 1148, NULL),
(1151, '2013-04-21 04:23:27', 'pradeepb', 0, 4000, 971, NULL, 237, 1150, NULL),
(1153, '2013-04-21 04:27:52', 'pradeepb', 0, 2000, NULL, 972, 238, 1152, NULL),
(1155, '2013-04-21 04:31:09', 'pradeepb', 0, 5000, NULL, 972, 238, 1154, NULL),
(1157, '2013-04-21 04:33:10', 'pradeepb', 0, 2000, NULL, 972, 238, 1156, NULL),
(1158, '2013-04-21 04:33:10', 'pradeepb', 0, 3000, NULL, 973, 238, 1156, NULL),
(1160, '2013-04-21 04:38:38', 'pradeepb', 0, 2000, NULL, 972, 238, 1159, NULL),
(1161, '2013-04-21 04:38:38', 'pradeepb', 0, 3000, NULL, 973, 238, 1159, NULL),
(1259, '2013-04-27 03:06:15', 'pradeepb', 0, 4000, 971, NULL, 609, 1258, NULL),
(1262, '2013-04-27 03:09:00', 'pradeepb', 0, 4000, NULL, 972, 610, 1261, NULL),
(1263, '2013-04-27 03:09:00', 'pradeepb', 0, 2000, NULL, 973, 610, 1261, NULL),
(1264, '2013-04-27 03:09:00', 'pradeepb', 0, 3000, NULL, 974, 610, 1261, NULL),
(1266, '2013-04-27 03:09:52', 'pradeepb', 0, 50, 1000, NULL, 1032, 1265, NULL),
(1268, '2013-04-27 03:11:17', 'pradeepb', 0, 100, 1000, NULL, 1032, 1267, NULL),
(1270, '2013-04-27 03:12:39', 'pradeepb', 0, 2000, NULL, 972, 610, 1269, NULL),
(1272, '2013-04-27 03:13:36', 'pradeepb', 0, 5000, NULL, 972, 610, 1271, NULL),
(1274, '2013-04-27 03:14:49', 'pradeepb', 0, 3000, NULL, 972, 610, 1273, NULL),
(1275, '2013-04-27 03:14:49', 'pradeepb', 0, 3000, NULL, 973, 610, 1273, NULL),
(1277, '2013-04-27 03:15:58', 'pradeepb', 0, 2000, NULL, 973, 610, 1276, NULL),
(1278, '2013-04-27 03:15:58', 'pradeepb', 0, 4000, NULL, 974, 610, 1276, NULL),
(1280, '2013-04-27 03:18:20', 'pradeepb', 0, 4000, 971, NULL, 621, 1279, NULL),
(1282, '2013-04-27 03:21:24', 'pradeepb', 0, 100, 1000, NULL, 1033, 1281, NULL),
(1284, '2013-04-27 03:23:09', 'pradeepb', 0, 5000, NULL, 972, 622, 1283, NULL),
(1285, '2013-04-27 03:23:09', 'pradeepb', 0, 3000, NULL, 973, 622, 1283, NULL),
(1286, '2013-04-27 03:23:09', 'pradeepb', 0, 3000, NULL, 974, 622, 1283, NULL),
(1288, '2013-04-27 03:24:43', 'pradeepb', 0, 1000, NULL, 972, 622, 1287, NULL),
(1290, '2013-04-27 03:25:32', 'pradeepb', 0, 5000, NULL, 972, 622, 1289, NULL),
(1292, '2013-04-27 03:26:26', 'pradeepb', 0, 3000, NULL, 972, 622, 1291, NULL),
(1293, '2013-04-27 03:26:26', 'pradeepb', 0, 2000, NULL, 973, 622, 1291, NULL),
(1295, '2013-04-27 03:27:24', 'pradeepb', 0, 2000, NULL, 973, 622, 1294, NULL),
(1296, '2013-04-27 03:27:24', 'pradeepb', 0, 4000, NULL, 974, 622, 1294, NULL),
(1298, '2013-04-27 03:29:47', 'pradeepb', 0, 100, 1000, NULL, 1034, 1297, NULL),
(1299, '2013-04-27 03:29:47', 'pradeepb', 0, 500, NULL, 972, 634, 1297, NULL),
(1301, '2013-04-27 03:31:02', 'pradeepb', 0, 8000, NULL, 972, 634, 1300, NULL),
(1302, '2013-04-27 03:31:02', 'pradeepb', 0, 4000, NULL, 973, 634, 1300, NULL),
(1303, '2013-04-27 03:31:02', 'pradeepb', 0, 4000, NULL, 974, 634, 1300, NULL),
(1305, '2013-04-27 03:31:53', 'pradeepb', 0, 3000, NULL, 972, 634, 1304, NULL),
(1307, '2013-04-27 03:32:58', 'pradeepb', 0, 2500, NULL, 972, 634, 1306, NULL),
(1308, '2013-04-27 03:32:58', 'pradeepb', 0, 3000, NULL, 973, 634, 1306, NULL),
(1309, '2013-04-27 03:32:58', 'pradeepb', 0, 1500, NULL, 974, 634, 1306, NULL),
(1311, '2013-04-27 03:35:19', 'pradeepb', 0, 7000, NULL, 972, 844, 1310, NULL),
(1312, '2013-04-27 03:35:19', 'pradeepb', 0, 3000, NULL, 973, 844, 1310, NULL),
(1313, '2013-04-27 03:35:19', 'pradeepb', 0, 4000, NULL, 974, 844, 1310, NULL),
(1315, '2013-04-27 03:38:07', 'pradeepb', 0, 100, 1000, NULL, 1038, 1314, NULL),
(1316, '2013-04-27 03:38:07', 'pradeepb', 0, 2000, 971, NULL, 843, 1314, NULL),
(1318, '2013-04-27 03:39:17', 'pradeepb', 0, 7000, NULL, 972, 844, 1317, NULL),
(1319, '2013-04-27 03:39:17', 'pradeepb', 0, 1000, NULL, 973, 844, 1317, NULL),
(1321, '2013-04-27 03:39:54', 'pradeepb', 0, 3000, NULL, 973, 844, 1320, NULL),
(1322, '2013-04-27 03:39:54', 'pradeepb', 0, 1000, NULL, 974, 844, 1320, NULL),
(1324, '2013-04-27 03:42:44', 'pradeepb', 0, 6000, NULL, 972, 658, 1323, NULL),
(1325, '2013-04-27 03:42:44', 'pradeepb', 0, 3000, NULL, 973, 658, 1323, NULL),
(1326, '2013-04-27 03:42:44', 'pradeepb', 0, 3000, NULL, 974, 658, 1323, NULL),
(1328, '2013-04-27 03:44:35', 'pradeepb', 0, 1000, NULL, 972, 658, 1327, NULL),
(1329, '2013-04-27 03:44:35', 'pradeepb', 0, 100, 1000, NULL, 1036, 1327, NULL),
(1331, '2013-04-27 03:45:34', 'pradeepb', 0, 6000, NULL, 972, 658, 1330, NULL),
(1333, '2013-04-27 03:46:12', 'pradeepb', 0, 3000, NULL, 973, 658, 1332, NULL),
(1335, '2013-04-27 03:49:08', 'pradeepb', 0, 7000, NULL, 972, 670, 1334, NULL),
(1336, '2013-04-27 03:49:08', 'pradeepb', 0, 3000, NULL, 973, 670, 1334, NULL),
(1337, '2013-04-27 03:49:08', 'pradeepb', 0, 4000, NULL, 974, 670, 1334, NULL),
(1339, '2013-04-27 03:49:57', 'pradeepb', 0, 1000, NULL, 972, 670, 1338, NULL),
(1340, '2013-04-27 03:49:57', 'pradeepb', 0, 100, 1000, NULL, 1037, 1338, NULL),
(1342, '2013-04-27 03:50:54', 'pradeepb', 0, 4000, 971, NULL, 669, 1341, NULL),
(1344, '2013-04-27 03:52:06', 'pradeepb', 0, 6000, NULL, 972, 670, 1343, NULL),
(1346, '2013-04-27 03:52:59', 'pradeepb', 0, 4000, NULL, 973, 670, 1345, NULL),
(1347, '2013-04-27 03:52:59', 'pradeepb', 0, 1000, NULL, 974, 670, 1345, NULL),
(1349, '2013-04-27 03:53:43', 'pradeepb', 0, 2000, NULL, 974, 670, 1348, NULL),
(1351, '2013-04-27 03:56:38', 'pradeepb', 0, 6000, NULL, 972, 860, 1350, NULL),
(1352, '2013-04-27 03:56:38', 'pradeepb', 0, 4000, NULL, 973, 860, 1350, NULL),
(1353, '2013-04-27 03:56:38', 'pradeepb', 0, 2000, NULL, 974, 860, 1350, NULL),
(1355, '2013-04-27 03:59:38', 'pradeepb', 0, 100, 1000, NULL, 1039, 1354, NULL),
(1356, '2013-04-27 03:59:38', 'pradeepb', 0, 2000, NULL, 972, 860, 1354, NULL),
(1358, '2013-04-27 04:00:41', 'pradeepb', 0, 3000, NULL, 972, 860, 1357, NULL),
(1360, '2013-04-27 04:02:00', 'pradeepb', 0, 3000, NULL, 972, 860, 1359, NULL),
(1361, '2013-04-27 04:02:00', 'pradeepb', 0, 1000, NULL, 973, 860, 1359, NULL),
(1363, '2013-04-27 04:02:51', 'pradeepb', 0, 2000, NULL, 973, 860, 1362, NULL),
(1373, '2013-04-28 01:15:14', 'pradeepb', 0, 5500, NULL, 972, 872, 1372, NULL),
(1374, '2013-04-28 01:15:14', 'pradeepb', 0, 3000, NULL, 973, 872, 1372, NULL),
(1375, '2013-04-28 01:15:14', 'pradeepb', 0, 2500, NULL, 974, 872, 1372, NULL),
(1378, '2013-04-28 01:19:01', 'pradeepb', 0, 100, 1000, NULL, 1040, 1377, NULL),
(1379, '2013-04-28 01:19:01', 'pradeepb', 0, 2000, NULL, 972, 872, 1377, NULL),
(1381, '2013-04-28 01:20:09', 'pradeepb', 0, 5000, NULL, 972, 872, 1380, NULL),
(1383, '2013-04-28 01:21:23', 'pradeepb', 0, 1500, NULL, 972, 872, 1382, NULL),
(1384, '2013-04-28 01:21:23', 'pradeepb', 0, 2500, NULL, 973, 872, 1382, NULL),
(1386, '2013-04-28 01:28:18', 'pradeepb', 0, 3500, NULL, 972, 884, 1385, NULL),
(1387, '2013-04-28 01:28:18', 'pradeepb', 0, 1500, NULL, 973, 884, 1385, NULL),
(1388, '2013-04-28 01:28:18', 'pradeepb', 0, 2000, NULL, 974, 884, 1385, NULL),
(1390, '2013-04-28 01:30:28', 'pradeepb', 0, 100, 1000, NULL, 1041, 1389, NULL),
(1391, '2013-04-28 01:30:28', 'pradeepb', 0, 2000, NULL, 972, 884, 1389, NULL),
(1393, '2013-04-28 01:31:40', 'pradeepb', 0, 4000, NULL, 972, 884, 1392, NULL),
(1395, '2013-04-28 01:33:05', 'pradeepb', 0, 4500, NULL, 972, 884, 1394, NULL),
(1396, '2013-04-28 01:33:05', 'pradeepb', 0, 2500, NULL, 973, 884, 1394, NULL),
(1398, '2013-04-28 01:54:16', 'pradeepb', 0, 4000, NULL, 972, 896, 1397, NULL),
(1399, '2013-04-28 01:54:16', 'pradeepb', 0, 2000, NULL, 973, 896, 1397, NULL),
(1400, '2013-04-28 01:54:16', 'pradeepb', 0, 2000, NULL, 974, 896, 1397, NULL),
(1402, '2013-04-28 01:55:31', 'pradeepb', 0, 100, 1000, NULL, 1042, 1401, NULL),
(1403, '2013-04-28 01:55:31', 'pradeepb', 0, 1000, NULL, 972, 896, 1401, NULL),
(1405, '2013-04-28 01:56:25', 'pradeepb', 0, 9000, NULL, 972, 896, 1404, NULL),
(1406, '2013-04-28 01:56:25', 'pradeepb', 0, 1000, NULL, 973, 896, 1404, NULL),
(1408, '2013-04-28 01:58:28', 'pradeepb', 0, 5000, NULL, 972, 916, 1407, NULL),
(1409, '2013-04-28 01:58:28', 'pradeepb', 0, 2500, NULL, 973, 916, 1407, NULL),
(1410, '2013-04-28 01:58:28', 'pradeepb', 0, 2500, NULL, 974, 916, 1407, NULL),
(1412, '2013-04-28 02:00:17', 'pradeepb', 0, 8000, NULL, 972, 916, 1411, NULL),
(1413, '2013-04-28 02:00:17', 'pradeepb', 0, 100, 1000, NULL, 1043, 1411, NULL),
(1415, '2013-04-28 02:25:47', 'pradeepb', 0, 1000, NULL, 972, 916, 1414, NULL),
(1416, '2013-04-28 02:25:47', 'pradeepb', 0, 4500, NULL, 973, 916, 1414, NULL),
(1417, '2013-04-28 02:25:47', 'pradeepb', 0, 4500, NULL, 974, 916, 1414, NULL),
(1419, '2013-04-28 02:29:20', 'pradeepb', 0, 5000, NULL, 972, 928, 1418, NULL),
(1420, '2013-04-28 02:29:20', 'pradeepb', 0, 2500, NULL, 973, 928, 1418, NULL),
(1421, '2013-04-28 02:29:20', 'pradeepb', 0, 2500, NULL, 974, 928, 1418, NULL),
(1423, '2013-04-28 02:31:08', 'pradeepb', 0, 8000, NULL, 972, 928, 1422, NULL),
(1424, '2013-04-28 02:31:08', 'pradeepb', 0, 100, 1000, NULL, 1044, 1422, NULL),
(1426, '2013-04-28 02:32:31', 'pradeepb', 0, 1000, NULL, 972, 928, 1425, NULL),
(1427, '2013-04-28 02:32:31', 'pradeepb', 0, 4500, NULL, 973, 928, 1425, NULL),
(1428, '2013-04-28 02:32:31', 'pradeepb', 0, 4500, NULL, 974, 928, 1425, NULL),
(1430, '2013-04-28 02:37:55', 'pradeepb', 0, 6500, NULL, 972, 940, 1429, NULL),
(1431, '2013-04-28 02:37:55', 'pradeepb', 0, 2500, NULL, 973, 940, 1429, NULL),
(1432, '2013-04-28 02:37:55', 'pradeepb', 0, 4000, NULL, 974, 940, 1429, NULL),
(1434, '2013-04-28 02:38:52', 'pradeepb', 0, 7000, NULL, 972, 940, 1433, NULL),
(1435, '2013-04-28 02:38:52', 'pradeepb', 0, 100, 1000, NULL, 1045, 1433, NULL),
(1437, '2013-04-28 02:40:56', 'pradeepb', 0, 500, NULL, 972, 940, 1436, NULL),
(1438, '2013-04-28 02:40:56', 'pradeepb', 0, 2500, NULL, 973, 940, 1436, NULL),
(1441, '2013-04-29 01:25:08', 'pradeepb', 0, 6500, NULL, 972, 298, 1440, NULL),
(1442, '2013-04-29 01:25:08', 'pradeepb', 0, 3000, NULL, 973, 298, 1440, NULL),
(1443, '2013-04-29 01:25:08', 'pradeepb', 0, 3500, NULL, 974, 298, 1440, NULL),
(1446, '2013-04-29 01:33:33', 'pradeepb', 0, 4000, 971, NULL, 297, 1445, NULL),
(1448, '2013-04-29 01:35:28', 'pradeepb', 0, 2000, NULL, 972, 298, 1447, NULL),
(1449, '2013-04-29 01:35:28', 'pradeepb', 0, 100, 1000, NULL, 1006, 1447, NULL),
(1451, '2013-04-29 01:48:42', 'pradeepb', 0, 5500, NULL, 972, 298, 1450, NULL),
(1452, '2013-04-29 01:48:42', 'pradeepb', 0, 500, NULL, 973, 298, 1450, NULL),
(1454, '2013-04-29 01:55:16', 'pradeepb', 0, 3000, NULL, 973, 298, 1453, NULL),
(1456, '2013-04-29 01:56:21', 'pradeepb', 0, 500, NULL, 973, 298, 1455, NULL),
(1457, '2013-04-29 01:56:21', 'pradeepb', 0, 3500, NULL, 974, 298, 1455, NULL),
(1459, '2013-04-29 01:59:58', 'pradeepb', 0, 5000, NULL, 972, 952, 1458, NULL),
(1460, '2013-04-29 01:59:58', 'pradeepb', 0, 2500, NULL, 973, 952, 1458, NULL),
(1461, '2013-04-29 01:59:58', 'pradeepb', 0, 2500, NULL, 974, 952, 1458, NULL),
(1463, '2013-04-29 02:32:33', 'pradeepb', 0, 1000, NULL, 972, 952, 1462, NULL),
(1464, '2013-04-29 02:32:33', 'pradeepb', 0, 100, 1000, NULL, 1046, 1462, NULL),
(1466, '2013-04-29 02:33:46', 'pradeepb', 0, 6000, NULL, 972, 952, 1465, NULL),
(1468, '2013-04-29 02:47:11', 'pradeepb', 0, 2000, NULL, 972, 952, 1467, NULL),
(1469, '2013-04-29 02:47:11', 'pradeepb', 0, 2000, NULL, 973, 952, 1467, NULL),
(1471, '2013-04-29 02:49:48', 'pradeepb', 0, 5000, NULL, 972, 1172, 1470, NULL),
(1472, '2013-04-29 02:49:48', 'pradeepb', 0, 2500, NULL, 973, 1172, 1470, NULL),
(1473, '2013-04-29 02:49:48', 'pradeepb', 0, 2500, NULL, 974, 1172, 1470, NULL),
(1475, '2013-04-29 02:52:48', 'pradeepb', 0, 100, 1000, NULL, 1171, 1474, NULL),
(1476, '2013-04-29 02:52:48', 'pradeepb', 0, 900, NULL, 972, 1172, 1474, NULL),
(1478, '2013-04-29 02:53:44', 'pradeepb', 0, 5000, NULL, 972, 1172, 1477, NULL),
(1480, '2013-04-29 06:52:13', 'pradeepb', 0, 3100, NULL, 972, 1172, 1479, NULL),
(1481, '2013-04-29 06:52:13', 'pradeepb', 0, 1000, NULL, 973, 1172, 1479, NULL),
(1483, '2013-04-29 06:55:00', 'pradeepb', 0, 7000, NULL, 972, 1185, 1482, NULL),
(1484, '2013-04-29 06:55:00', 'pradeepb', 0, 3500, NULL, 973, 1185, 1482, NULL),
(1485, '2013-04-29 06:55:00', 'pradeepb', 0, 3500, NULL, 974, 1185, 1482, NULL),
(1487, '2013-04-29 06:56:58', 'pradeepb', 0, 100, 1000, NULL, 1184, 1486, NULL),
(1488, '2013-04-29 06:56:58', 'pradeepb', 0, 1000, NULL, 972, 1185, 1486, NULL),
(1490, '2013-04-29 06:57:51', 'pradeepb', 0, 5000, NULL, 972, 1185, 1489, NULL),
(1492, '2013-04-29 06:59:40', 'pradeepb', 0, 5000, NULL, 972, 1215, 1491, NULL),
(1493, '2013-04-29 06:59:40', 'pradeepb', 0, 2500, NULL, 973, 1215, 1491, NULL),
(1494, '2013-04-29 06:59:40', 'pradeepb', 0, 2500, NULL, 974, 1215, 1491, NULL),
(1496, '2013-04-29 07:00:41', 'pradeepb', 0, 100, 1000, NULL, 1214, 1495, NULL),
(1497, '2013-04-29 07:00:41', 'pradeepb', 0, 2000, NULL, 972, 1215, 1495, NULL),
(1499, '2013-04-29 07:02:47', 'pradeepb', 0, 7000, NULL, 972, 1215, 1498, NULL),
(1500, '2013-04-29 07:02:47', 'pradeepb', 0, 1500, NULL, 973, 1215, 1498, NULL),
(1502, '2013-04-29 07:07:00', 'pradeepb', 0, 1500, NULL, 972, 1202, 1501, NULL),
(1503, '2013-04-29 07:07:00', 'pradeepb', 0, 500, NULL, 973, 1202, 1501, NULL),
(1504, '2013-04-29 07:07:00', 'pradeepb', 0, 1000, NULL, 974, 1202, 1501, NULL),
(1506, '2013-04-29 07:08:36', 'pradeepb', 0, 100, 1000, NULL, 1201, 1505, NULL),
(1507, '2013-04-29 07:08:36', 'pradeepb', 0, 2000, NULL, 972, 1202, 1505, NULL),
(1509, '2013-04-29 07:10:00', 'pradeepb', 0, 6000, NULL, 972, 1202, 1508, NULL),
(1511, '2013-04-29 07:11:14', 'pradeepb', 0, 4500, NULL, 972, 1202, 1510, NULL),
(1512, '2013-04-29 07:11:14', 'pradeepb', 0, 500, NULL, 973, 1202, 1510, NULL),
(1514, '2013-04-29 07:12:56', 'pradeepb', 0, 6000, NULL, 973, 1202, 1513, NULL),
(1515, '2013-04-29 07:12:56', 'pradeepb', 0, 1000, NULL, 974, 1202, 1513, NULL),
(1517, '2013-04-29 07:17:44', 'pradeepb', 0, 5500, NULL, 972, 1228, 1516, NULL),
(1518, '2013-04-29 07:17:44', 'pradeepb', 0, 2500, NULL, 973, 1228, 1516, NULL),
(1519, '2013-04-29 07:17:44', 'pradeepb', 0, 3000, NULL, 974, 1228, 1516, NULL),
(1521, '2013-04-29 07:18:42', 'pradeepb', 0, 100, 1000, NULL, 1227, 1520, NULL),
(1522, '2013-04-29 07:18:42', 'pradeepb', 0, 1000, NULL, 972, 1228, 1520, NULL),
(1524, '2013-04-29 07:20:59', 'pradeepb', 0, 4000, 971, NULL, 1226, 1523, NULL),
(1526, '2013-04-29 07:21:50', 'pradeepb', 0, 6000, NULL, 972, 1228, 1525, NULL),
(1528, '2013-04-29 07:23:01', 'pradeepb', 0, 1500, NULL, 972, 1228, 1527, NULL),
(1529, '2013-04-29 07:23:01', 'pradeepb', 0, 2500, NULL, 973, 1228, 1527, NULL),
(1531, '2013-04-29 07:49:28', 'pradeepb', 0, 4000, NULL, 972, 1241, 1530, NULL),
(1532, '2013-04-29 07:49:28', 'pradeepb', 0, 2000, NULL, 973, 1241, 1530, NULL),
(1533, '2013-04-29 07:49:28', 'pradeepb', 0, 2000, NULL, 974, 1241, 1530, NULL),
(1535, '2013-04-29 07:50:27', 'pradeepb', 0, 100, 1000, NULL, 1240, 1534, NULL),
(1536, '2013-04-29 07:50:27', 'pradeepb', 0, 2000, NULL, 972, 1241, 1534, NULL),
(1538, '2013-04-29 07:52:40', 'pradeepb', 0, 8000, NULL, 972, 1241, 1537, NULL),
(1539, '2013-04-29 07:52:40', 'pradeepb', 0, 2000, NULL, 973, 1241, 1537, NULL),
(1542, '2013-04-30 00:38:11', 'pradeepb', 0, 4000, NULL, 972, 1254, 1541, NULL),
(1543, '2013-04-30 00:38:11', 'pradeepb', 0, 2000, NULL, 973, 1254, 1541, NULL),
(1544, '2013-04-30 00:38:11', 'pradeepb', 0, 2000, NULL, 974, 1254, 1541, NULL),
(1547, '2013-04-30 00:39:05', 'pradeepb', 0, 100, 1000, NULL, 1253, 1546, NULL),
(1548, '2013-04-30 00:39:05', 'pradeepb', 0, 2000, NULL, 972, 1254, 1546, NULL),
(1550, '2013-04-30 00:48:20', 'pradeepb', 0, 4000, 971, NULL, 1252, 1549, NULL),
(1552, '2013-04-30 00:49:20', 'pradeepb', 0, 5000, NULL, 972, 1254, 1551, NULL),
(1554, '2013-04-30 00:49:59', 'pradeepb', 0, 3000, NULL, 972, 1254, 1553, NULL),
(1555, '2013-04-30 00:49:59', 'pradeepb', 0, 2000, NULL, 973, 1254, 1553, NULL),
(1557, '2013-04-30 00:50:37', 'pradeepb', 0, 3000, NULL, 973, 1254, 1556, NULL),
(1559, '2013-04-30 00:53:47', 'pradeepb', 0, 3000, NULL, 972, 250, 1558, NULL),
(1560, '2013-04-30 00:53:47', 'pradeepb', 0, 1000, NULL, 973, 250, 1558, NULL),
(1561, '2013-04-30 00:53:47', 'pradeepb', 0, 2000, NULL, 974, 250, 1558, NULL),
(1563, '2013-04-30 00:54:41', 'pradeepb', 0, 2000, NULL, 972, 250, 1562, NULL),
(1564, '2013-04-30 00:54:41', 'pradeepb', 0, 100, 1000, NULL, 1002, 1562, NULL),
(1566, '2013-04-30 00:57:22', 'pradeepb', 0, 9000, NULL, 972, 250, 1565, NULL),
(1567, '2013-04-30 00:57:22', 'pradeepb', 0, 6000, NULL, 973, 250, 1565, NULL),
(1568, '2013-04-30 00:57:22', 'pradeepb', 0, 5000, NULL, 974, 250, 1565, NULL),
(1570, '2013-04-30 00:59:12', 'pradeepb', 0, 4000, NULL, 972, 262, 1569, NULL),
(1571, '2013-04-30 00:59:12', 'pradeepb', 0, 2000, NULL, 973, 262, 1569, NULL),
(1572, '2013-04-30 00:59:12', 'pradeepb', 0, 2000, NULL, 974, 262, 1569, NULL),
(1574, '2013-04-30 01:00:47', 'pradeepb', 0, 2000, NULL, 972, 262, 1573, NULL),
(1575, '2013-04-30 01:00:47', 'pradeepb', 0, 100, 1000, NULL, 1003, 1573, NULL),
(1577, '2013-04-30 01:02:01', 'pradeepb', 0, 5000, NULL, 972, 262, 1576, NULL),
(1579, '2013-04-30 01:02:48', 'pradeepb', 0, 3000, NULL, 972, 262, 1578, NULL),
(1580, '2013-04-30 01:02:48', 'pradeepb', 0, 2000, NULL, 973, 262, 1578, NULL),
(1582, '2013-04-30 01:04:13', 'pradeepb', 0, 4000, NULL, 972, 286, 1581, NULL),
(1583, '2013-04-30 01:04:13', 'pradeepb', 0, 2000, NULL, 973, 286, 1581, NULL),
(1584, '2013-04-30 01:04:13', 'pradeepb', 0, 2000, NULL, 974, 286, 1581, NULL),
(1586, '2013-04-30 01:05:47', 'pradeepb', 0, 2000, NULL, 972, 286, 1585, NULL),
(1587, '2013-04-30 01:05:47', 'pradeepb', 0, 100, 1000, NULL, 1005, 1585, NULL),
(1589, '2013-04-30 01:08:15', 'pradeepb', 0, 8000, NULL, 972, 286, 1588, NULL),
(1591, '2013-04-30 01:09:09', 'pradeepb', 0, 5000, NULL, 973, 286, 1590, NULL),
(1593, '2013-04-30 01:13:50', 'pradeepb', 0, 6500, NULL, 972, 310, 1592, NULL),
(1594, '2013-04-30 01:13:50', 'pradeepb', 0, 2500, NULL, 973, 310, 1592, NULL),
(1595, '2013-04-30 01:13:50', 'pradeepb', 0, 4000, NULL, 974, 310, 1592, NULL),
(1597, '2013-04-30 01:15:36', 'pradeepb', 0, 100, 1000, NULL, 1007, 1596, NULL),
(1599, '2013-04-30 01:16:33', 'pradeepb', 0, 4000, 971, NULL, 309, 1598, NULL),
(1601, '2013-04-30 01:19:01', 'pradeepb', 0, 7500, NULL, 972, 310, 1600, NULL),
(1602, '2013-04-30 01:19:01', 'pradeepb', 0, 4500, NULL, 973, 310, 1600, NULL),
(1603, '2013-04-30 01:19:01', 'pradeepb', 0, 1000, NULL, 974, 310, 1600, NULL),
(1605, '2013-04-30 01:20:19', 'pradeepb', 0, 5000, NULL, 972, 562, 1604, NULL),
(1606, '2013-04-30 01:20:19', 'pradeepb', 0, 2500, NULL, 973, 562, 1604, NULL),
(1607, '2013-04-30 01:20:19', 'pradeepb', 0, 2500, NULL, 974, 562, 1604, NULL),
(1609, '2013-04-30 01:21:10', 'pradeepb', 0, 1000, NULL, 972, 562, 1608, NULL),
(1610, '2013-04-30 01:21:10', 'pradeepb', 0, 100, 1000, NULL, 1028, 1608, NULL),
(1612, '2013-04-30 01:22:41', 'pradeepb', 0, 4000, NULL, 972, 562, 1611, NULL),
(1614, '2013-04-30 01:23:27', 'pradeepb', 0, 4000, NULL, 972, 562, 1613, NULL),
(1616, '2013-04-30 01:24:10', 'pradeepb', 0, 4000, NULL, 973, 562, 1615, NULL),
(1618, '2013-04-30 01:28:44', 'pradeepb', 0, 6500, NULL, 972, 346, 1617, NULL),
(1619, '2013-04-30 01:28:44', 'pradeepb', 0, 2500, NULL, 973, 346, 1617, NULL),
(1620, '2013-04-30 01:28:44', 'pradeepb', 0, 4000, NULL, 974, 346, 1617, NULL),
(1622, '2013-04-30 01:31:25', 'pradeepb', 0, 1000, NULL, 972, 346, 1621, NULL),
(1623, '2013-04-30 01:31:25', 'pradeepb', 0, 100, 1000, NULL, 1010, 1621, NULL),
(1625, '2013-04-30 01:32:56', 'pradeepb', 0, 4000, NULL, 972, 346, 1624, NULL),
(1627, '2013-04-30 01:34:53', 'pradeepb', 0, 6000, NULL, 972, 358, 1626, NULL),
(1628, '2013-04-30 01:34:53', 'pradeepb', 0, 3000, NULL, 973, 358, 1626, NULL),
(1629, '2013-04-30 01:34:53', 'pradeepb', 0, 3000, NULL, 974, 358, 1626, NULL),
(1631, '2013-04-30 01:35:37', 'pradeepb', 0, 1000, NULL, 972, 358, 1630, NULL),
(1632, '2013-04-30 01:35:37', 'pradeepb', 0, 100, 1000, NULL, 1011, 1630, NULL),
(1634, '2013-04-30 01:36:32', 'pradeepb', 0, 4000, NULL, 972, 358, 1633, NULL),
(1636, '2013-04-30 01:37:09', 'pradeepb', 0, 3000, NULL, 972, 358, 1635, NULL),
(1637, '2013-04-30 01:37:09', 'pradeepb', 0, 1000, NULL, 973, 358, 1635, NULL),
(1639, '2013-04-30 01:38:30', 'pradeepb', 0, 5000, NULL, 972, 370, 1638, NULL),
(1640, '2013-04-30 01:38:30', 'pradeepb', 0, 2500, NULL, 973, 370, 1638, NULL),
(1641, '2013-04-30 01:38:30', 'pradeepb', 0, 2500, NULL, 974, 370, 1638, NULL),
(1643, '2013-04-30 01:39:29', 'pradeepb', 0, 1000, NULL, 972, 370, 1642, NULL),
(1644, '2013-04-30 01:39:29', 'pradeepb', 0, 100, 1000, NULL, 1012, 1642, NULL),
(1646, '2013-04-30 01:40:05', 'pradeepb', 0, 4000, 971, NULL, 369, 1645, NULL),
(1648, '2013-04-30 01:41:09', 'pradeepb', 0, 6000, NULL, 972, 370, 1647, NULL),
(1650, '2013-04-30 01:42:32', 'pradeepb', 0, 2000, NULL, 972, 370, 1649, NULL),
(1651, '2013-04-30 01:42:32', 'pradeepb', 0, 4500, NULL, 973, 370, 1649, NULL),
(1652, '2013-04-30 01:42:32', 'pradeepb', 0, 500, NULL, 974, 370, 1649, NULL),
(1654, '2013-04-30 02:15:50', 'pradeepb', 0, 6500, NULL, 972, 394, 1653, NULL),
(1655, '2013-04-30 02:15:50', 'pradeepb', 0, 3000, NULL, 973, 394, 1653, NULL),
(1656, '2013-04-30 02:15:50', 'pradeepb', 0, 3500, NULL, 974, 394, 1653, NULL),
(1658, '2013-04-30 02:16:57', 'pradeepb', 0, 100, 1000, NULL, 1014, 1657, NULL),
(1660, '2013-04-30 02:18:05', 'pradeepb', 0, 4000, NULL, 972, 394, 1659, NULL),
(1662, '2013-04-30 02:19:00', 'pradeepb', 0, 2500, NULL, 972, 394, 1661, NULL),
(1664, '2013-04-30 02:19:43', 'pradeepb', 0, 1000, NULL, 972, 394, 1663, NULL),
(1665, '2013-04-30 02:19:43', 'pradeepb', 0, 1000, NULL, 973, 394, 1663, NULL),
(1667, '2013-04-30 02:20:40', 'pradeepb', 0, 3000, NULL, 973, 394, 1666, NULL),
(1668, '2013-04-30 02:20:40', 'pradeepb', 0, 2500, NULL, 974, 394, 1666, NULL),
(1670, '2013-04-30 02:22:11', 'pradeepb', 0, 7000, NULL, 972, 646, 1669, NULL),
(1671, '2013-04-30 02:22:11', 'pradeepb', 0, 3500, NULL, 973, 646, 1669, NULL),
(1672, '2013-04-30 02:22:11', 'pradeepb', 0, 3500, NULL, 974, 646, 1669, NULL),
(1674, '2013-04-30 02:23:15', 'pradeepb', 0, 5000, NULL, 972, 646, 1673, NULL),
(1675, '2013-04-30 02:23:15', 'pradeepb', 0, 100, 1000, NULL, 1035, 1673, NULL),
(1677, '2013-04-30 02:38:55', 'pradeepb', 0, 6000, NULL, 972, 274, 1676, NULL),
(1678, '2013-04-30 02:38:55', 'pradeepb', 0, 3000, NULL, 973, 274, 1676, NULL),
(1679, '2013-04-30 02:38:55', 'pradeepb', 0, 3000, NULL, 974, 274, 1676, NULL),
(1681, '2013-04-30 02:39:52', 'pradeepb', 0, 2000, NULL, 972, 274, 1680, NULL),
(1682, '2013-04-30 02:39:52', 'pradeepb', 0, 100, 1000, NULL, 1004, 1680, NULL),
(1684, '2013-04-30 02:40:29', 'pradeepb', 0, 5000, NULL, 972, 274, 1683, NULL),
(1686, '2013-04-30 02:41:00', 'pradeepb', 0, 1000, NULL, 972, 274, 1685, NULL),
(1687, '2013-04-30 02:41:00', 'pradeepb', 0, 3000, NULL, 973, 274, 1685, NULL),
(1689, '2013-04-30 02:42:52', 'pradeepb', 0, 6500, NULL, 972, 442, 1688, NULL),
(1690, '2013-04-30 02:42:52', 'pradeepb', 0, 3000, NULL, 973, 442, 1688, NULL),
(1691, '2013-04-30 02:42:52', 'pradeepb', 0, 3500, NULL, 974, 442, 1688, NULL),
(1693, '2013-04-30 02:47:22', 'pradeepb', 0, 100, 1000, NULL, 1018, 1692, NULL),
(1695, '2013-04-30 02:48:07', 'pradeepb', 0, 4000, 971, NULL, 441, 1694, NULL),
(1697, '2013-04-30 02:49:59', 'pradeepb', 0, 2000, NULL, 972, 442, 1696, NULL),
(1699, '2013-04-30 02:50:47', 'pradeepb', 0, 2000, NULL, 972, 442, 1698, NULL),
(1701, '2013-04-30 02:51:20', 'pradeepb', 0, 2000, NULL, 972, 442, 1700, NULL),
(1703, '2013-04-30 02:52:22', 'pradeepb', 0, 1500, NULL, 972, 442, 1702, NULL),
(1704, '2013-04-30 02:52:22', 'pradeepb', 0, 2500, NULL, 973, 442, 1702, NULL),
(1706, '2013-04-30 02:53:03', 'pradeepb', 0, 1500, NULL, 973, 442, 1705, NULL),
(1707, '2013-04-30 02:53:03', 'pradeepb', 0, 2500, NULL, 974, 442, 1705, NULL),
(1709, '2013-04-30 03:21:25', 'pradeepb', 0, 2500, NULL, 972, 346, 1708, NULL),
(1710, '2013-04-30 03:21:25', 'pradeepb', 0, 1500, NULL, 973, 346, 1708, NULL),
(1712, '2013-04-30 03:25:09', 'pradeepb', 0, 4000, 971, NULL, 441, 1711, NULL),
(1714, '2013-04-30 03:26:04', 'pradeepb', 0, 2000, NULL, 972, 442, 1713, NULL),
(1716, '2013-04-30 03:26:55', 'pradeepb', 0, 2000, NULL, 972, 442, 1715, NULL),
(1718, '2013-04-30 03:27:31', 'pradeepb', 0, 2000, NULL, 972, 442, 1717, NULL),
(1720, '2013-04-30 03:28:10', 'pradeepb', 0, 1500, NULL, 972, 442, 1719, NULL),
(1721, '2013-04-30 03:28:10', 'pradeepb', 0, 2500, NULL, 973, 442, 1719, NULL),
(1723, '2013-04-30 03:30:06', 'pradeepb', 0, 1500, NULL, 973, 442, 1722, NULL),
(1724, '2013-04-30 03:30:06', 'pradeepb', 0, 2500, NULL, 974, 442, 1722, NULL),
(1726, '2013-04-30 03:42:26', 'pradeepb', 0, 5500, NULL, 972, 454, 1725, NULL),
(1727, '2013-04-30 03:42:26', 'pradeepb', 0, 2500, NULL, 973, 454, 1725, NULL),
(1728, '2013-04-30 03:42:26', 'pradeepb', 0, 3000, NULL, 974, 454, 1725, NULL),
(1730, '2013-04-30 03:46:01', 'pradeepb', 0, 100, 1000, NULL, 1019, 1729, NULL),
(1731, '2013-04-30 03:46:01', 'pradeepb', 0, 1000, NULL, 972, 454, 1729, NULL),
(1733, '2013-04-30 03:46:58', 'pradeepb', 0, 1000, NULL, 972, 454, 1732, NULL),
(1735, '2013-04-30 03:47:31', 'pradeepb', 0, 6000, NULL, 972, 454, 1734, NULL),
(1737, '2013-04-30 03:48:14', 'pradeepb', 0, 500, NULL, 972, 454, 1736, NULL),
(1738, '2013-04-30 03:48:14', 'pradeepb', 0, 2500, NULL, 973, 454, 1736, NULL),
(1740, '2013-04-30 07:19:15', 'pradeepb', 0, 7000, NULL, 972, 334, 1739, NULL),
(1741, '2013-04-30 07:19:15', 'pradeepb', 0, 3500, NULL, 973, 334, 1739, NULL),
(1742, '2013-04-30 07:19:15', 'pradeepb', 0, 3500, NULL, 974, 334, 1739, NULL),
(1744, '2013-04-30 07:21:39', 'pradeepb', 0, 1000, NULL, 972, 334, 1743, NULL),
(1745, '2013-04-30 07:21:39', 'pradeepb', 0, 100, 1000, NULL, 1009, 1743, NULL),
(1747, '2013-04-30 07:22:58', 'pradeepb', 0, 1000, NULL, 972, 334, 1746, NULL),
(1749, '2013-04-30 07:23:42', 'pradeepb', 0, 5000, NULL, 972, 334, 1748, NULL),
(1750, '2013-04-30 07:23:42', 'pradeepb', 0, 2000, NULL, 973, 334, 1748, NULL),
(1752, '2013-04-30 07:30:12', 'pradeepb', 0, 5500, NULL, 972, 466, 1751, NULL),
(1753, '2013-04-30 07:30:12', 'pradeepb', 0, 2500, NULL, 973, 466, 1751, NULL),
(1754, '2013-04-30 07:30:12', 'pradeepb', 0, 3000, NULL, 974, 466, 1751, NULL),
(1756, '2013-04-30 07:31:02', 'pradeepb', 0, 2000, NULL, 972, 466, 1755, NULL),
(1757, '2013-04-30 07:31:02', 'pradeepb', 0, 100, 1000, NULL, 1020, 1755, NULL),
(1759, '2013-04-30 07:32:21', 'pradeepb', 0, 4000, 971, NULL, 465, 1758, NULL),
(1761, '2013-04-30 07:33:28', 'pradeepb', 0, 5000, NULL, 972, 466, 1760, NULL),
(1763, '2013-04-30 07:34:56', 'pradeepb', 0, 1500, NULL, 972, 466, 1762, NULL),
(1764, '2013-04-30 07:34:56', 'pradeepb', 0, 3500, NULL, 973, 466, 1762, NULL),
(1766, '2013-04-30 07:35:47', 'pradeepb', 0, 1000, NULL, 973, 466, 1765, NULL),
(1767, '2013-04-30 07:35:47', 'pradeepb', 0, 4000, NULL, 974, 466, 1765, NULL),
(1807, '2013-05-01 23:34:22', 'pradeepb', 0, 5000, NULL, 972, 994, 1806, NULL),
(1808, '2013-05-01 23:34:22', 'pradeepb', 0, 2500, NULL, 973, 994, 1806, NULL),
(1809, '2013-05-01 23:34:22', 'pradeepb', 0, 2500, NULL, 974, 994, 1806, NULL),
(1812, '2013-05-01 23:35:04', 'pradeepb', 0, 2000, NULL, 972, 994, 1811, NULL),
(1814, '2013-05-01 23:35:43', 'pradeepb', 0, 4000, 971, NULL, 992, 1813, NULL),
(1816, '2013-05-01 23:38:15', 'pradeepb', 0, 4000, NULL, 972, 478, 1815, NULL),
(1817, '2013-05-01 23:38:15', 'pradeepb', 0, 2000, NULL, 973, 478, 1815, NULL),
(1818, '2013-05-01 23:38:15', 'pradeepb', 0, 2000, NULL, 974, 478, 1815, NULL),
(1820, '2013-05-01 23:39:05', 'pradeepb', 0, 1000, NULL, 972, 478, 1819, NULL),
(1821, '2013-05-01 23:39:05', 'pradeepb', 0, 100, 1000, NULL, 1021, 1819, NULL),
(1824, '2013-05-02 01:08:28', 'pradeepb', 0, 1100, NULL, 972, 478, 1823, NULL),
(1826, '2013-05-02 01:11:59', 'pradeepb', 0, 5000, NULL, 972, 478, 1825, NULL),
(1828, '2013-05-02 01:14:35', 'pradeepb', 0, 2900, NULL, 972, 478, 1827, NULL),
(1829, '2013-05-02 01:14:35', 'pradeepb', 0, 4600, NULL, 973, 478, 1827, NULL),
(1832, '2013-05-02 02:16:47', 'pradeepb', 0, 4500, NULL, 972, 490, 1831, NULL),
(1833, '2013-05-02 02:16:47', 'pradeepb', 0, 2000, NULL, 973, 490, 1831, NULL),
(1834, '2013-05-02 02:16:47', 'pradeepb', 0, 2500, NULL, 974, 490, 1831, NULL),
(1836, '2013-05-02 02:17:34', 'pradeepb', 0, 100, 1000, NULL, 1022, 1835, NULL),
(1837, '2013-05-02 02:17:34', 'pradeepb', 0, 2000, NULL, 972, 490, 1835, NULL),
(1839, '2013-05-02 02:19:11', 'pradeepb', 0, 6000, NULL, 972, 490, 1838, NULL),
(1841, '2013-05-02 02:20:32', 'pradeepb', 0, 1500, NULL, 972, 490, 1840, NULL),
(1842, '2013-05-02 02:20:32', 'pradeepb', 0, 3500, NULL, 973, 490, 1840, NULL),
(1844, '2013-05-02 02:23:47', 'pradeepb', 0, 1500, NULL, 973, 490, 1843, NULL),
(1845, '2013-05-02 02:23:47', 'pradeepb', 0, 4500, NULL, 974, 490, 1843, NULL),
(1847, '2013-05-02 02:25:29', 'pradeepb', 0, 5500, NULL, 972, 406, 1846, NULL),
(1848, '2013-05-02 02:25:29', 'pradeepb', 0, 2500, NULL, 973, 406, 1846, NULL),
(1849, '2013-05-02 02:25:29', 'pradeepb', 0, 3000, NULL, 974, 406, 1846, NULL),
(1851, '2013-05-02 02:26:43', 'pradeepb', 0, 2000, NULL, 972, 406, 1850, NULL),
(1852, '2013-05-02 02:26:43', 'pradeepb', 0, 100, 1000, NULL, 1015, 1850, NULL),
(1854, '2013-05-02 02:28:02', 'pradeepb', 0, 5000, NULL, 972, 406, 1853, NULL),
(1856, '2013-05-02 02:28:54', 'pradeepb', 0, 1500, NULL, 972, 406, 1855, NULL),
(1857, '2013-05-02 02:28:54', 'pradeepb', 0, 2000, NULL, 973, 406, 1855, NULL),
(1859, '2013-05-02 02:34:19', 'pradeepb', 0, 4000, NULL, 972, 418, 1858, NULL),
(1860, '2013-05-02 02:34:19', 'pradeepb', 0, 2000, NULL, 973, 418, 1858, NULL),
(1861, '2013-05-02 02:34:19', 'pradeepb', 0, 2000, NULL, 974, 418, 1858, NULL),
(1863, '2013-05-02 02:35:23', 'pradeepb', 0, 100, 1000, NULL, 1016, 1862, NULL),
(1864, '2013-05-02 02:35:23', 'pradeepb', 0, 2000, NULL, 972, 418, 1862, NULL),
(1866, '2013-05-02 02:36:14', 'pradeepb', 0, 7000, NULL, 972, 418, 1865, NULL),
(1868, '2013-05-02 02:40:26', 'pradeepb', 0, 1000, NULL, 972, 418, 1867, NULL),
(1869, '2013-05-02 02:40:26', 'pradeepb', 0, 4000, NULL, 973, 418, 1867, NULL),
(1871, '2013-05-02 02:45:37', 'pradeepb', 0, 1000, NULL, 973, 418, 1870, NULL),
(1872, '2013-05-02 02:45:37', 'pradeepb', 0, 5000, NULL, 974, 418, 1870, NULL),
(1874, '2013-05-02 02:48:42', 'pradeepb', 0, 6500, NULL, 972, 430, 1873, NULL),
(1875, '2013-05-02 02:48:42', 'pradeepb', 0, 3000, NULL, 973, 430, 1873, NULL),
(1876, '2013-05-02 02:48:42', 'pradeepb', 0, 3500, NULL, 974, 430, 1873, NULL),
(1878, '2013-05-02 02:49:33', 'pradeepb', 0, 100, 1000, NULL, 1017, 1877, NULL),
(1879, '2013-05-02 02:49:33', 'pradeepb', 0, 1000, NULL, 972, 430, 1877, NULL),
(1881, '2013-05-02 02:50:40', 'pradeepb', 0, 6500, NULL, 972, 430, 1880, NULL),
(1882, '2013-05-02 02:50:40', 'pradeepb', 0, 500, NULL, 973, 430, 1880, NULL),
(1884, '2013-05-02 02:52:09', 'pradeepb', 0, 3500, NULL, 973, 430, 1883, NULL),
(1885, '2013-05-02 02:52:09', 'pradeepb', 0, 3500, NULL, 974, 430, 1883, NULL),
(1887, '2013-05-02 02:57:53', 'pradeepb', 0, 4500, NULL, 972, 502, 1886, NULL),
(1888, '2013-05-02 02:57:53', 'pradeepb', 0, 2000, NULL, 973, 502, 1886, NULL),
(1889, '2013-05-02 02:57:53', 'pradeepb', 0, 2500, NULL, 974, 502, 1886, NULL),
(1891, '2013-05-02 02:59:28', 'pradeepb', 0, 1000, NULL, 972, 502, 1890, NULL),
(1892, '2013-05-02 02:59:28', 'pradeepb', 0, 100, 1000, NULL, 1023, 1890, NULL),
(1894, '2013-05-02 03:00:30', 'pradeepb', 0, 5000, NULL, 972, 502, 1893, NULL),
(1896, '2013-05-02 03:26:22', 'pradeepb', 0, 3500, NULL, 972, 502, 1895, NULL),
(1897, '2013-05-02 03:26:22', 'pradeepb', 0, 1500, NULL, 973, 502, 1895, NULL),
(1899, '2013-05-02 03:28:30', 'pradeepb', 0, 6500, NULL, 972, 514, 1898, NULL),
(1900, '2013-05-02 03:28:30', 'pradeepb', 0, 3000, NULL, 973, 514, 1898, NULL),
(1901, '2013-05-02 03:28:30', 'pradeepb', 0, 3500, NULL, 974, 514, 1898, NULL),
(1903, '2013-05-02 03:29:27', 'pradeepb', 0, 1000, NULL, 972, 514, 1902, NULL),
(1904, '2013-05-02 03:29:27', 'pradeepb', 0, 100, 1000, NULL, 1024, 1902, NULL),
(1906, '2013-05-02 05:47:15', 'pradeepb', 0, 4000, NULL, 972, 514, 1905, NULL),
(1908, '2013-05-02 05:48:05', 'pradeepb', 0, 2500, NULL, 972, 514, 1907, NULL),
(1909, '2013-05-02 05:48:05', 'pradeepb', 0, 2500, NULL, 973, 514, 1907, NULL),
(1911, '2013-05-02 05:48:48', 'pradeepb', 0, 1500, NULL, 973, 514, 1910, NULL),
(1912, '2013-05-02 05:48:48', 'pradeepb', 0, 3500, NULL, 974, 514, 1910, NULL),
(1914, '2013-05-02 05:50:04', 'pradeepb', 0, 4500, NULL, 972, 526, 1913, NULL),
(1915, '2013-05-02 05:50:04', 'pradeepb', 0, 2000, NULL, 973, 526, 1913, NULL),
(1916, '2013-05-02 05:50:04', 'pradeepb', 0, 2500, NULL, 974, 526, 1913, NULL),
(1918, '2013-05-02 05:50:51', 'pradeepb', 0, 1000, NULL, 972, 526, 1917, NULL),
(1919, '2013-05-02 05:50:51', 'pradeepb', 0, 100, 1000, NULL, 1025, 1917, NULL),
(1921, '2013-05-02 05:51:41', 'pradeepb', 0, 7000, NULL, 972, 526, 1920, NULL),
(1923, '2013-05-02 05:52:52', 'pradeepb', 0, 6500, NULL, 972, 538, 1922, NULL),
(1924, '2013-05-02 05:52:52', 'pradeepb', 0, 3000, NULL, 973, 538, 1922, NULL),
(1925, '2013-05-02 05:52:52', 'pradeepb', 0, 3500, NULL, 974, 538, 1922, NULL),
(1927, '2013-05-02 05:54:28', 'pradeepb', 0, 5500, NULL, 972, 538, 1926, NULL),
(1928, '2013-05-02 05:54:28', 'pradeepb', 0, 2500, NULL, 973, 538, 1926, NULL),
(1929, '2013-05-02 05:54:28', 'pradeepb', 0, 3000, NULL, 974, 538, 1926, NULL),
(1931, '2013-05-02 05:55:05', 'pradeepb', 0, 2000, NULL, 972, 538, 1930, NULL),
(1932, '2013-05-02 05:55:05', 'pradeepb', 0, 100, 1000, NULL, 1026, 1930, NULL),
(1934, '2013-05-02 06:20:05', 'pradeepb', 0, 6500, NULL, 972, 538, 1933, NULL),
(1935, '2013-05-02 06:20:05', 'pradeepb', 0, 500, NULL, 973, 538, 1933, NULL),
(1937, '2013-05-02 06:21:23', 'pradeepb', 0, 4000, NULL, 973, 538, 1936, NULL),
(1938, '2013-05-02 06:21:23', 'pradeepb', 0, 1000, NULL, 974, 538, 1936, NULL),
(1940, '2013-05-02 06:21:57', 'pradeepb', 0, 3000, NULL, 974, 538, 1939, NULL),
(1942, '2013-05-02 06:26:28', 'pradeepb', 0, 6500, NULL, 972, 550, 1941, NULL),
(1943, '2013-05-02 06:26:28', 'pradeepb', 0, 3000, NULL, 973, 550, 1941, NULL),
(1944, '2013-05-02 06:26:28', 'pradeepb', 0, 3500, NULL, 974, 550, 1941, NULL),
(1946, '2013-05-02 06:28:14', 'pradeepb', 0, 1400, NULL, 972, 550, 1945, NULL),
(1947, '2013-05-02 06:28:14', 'pradeepb', 0, 100, 1000, NULL, 1027, 1945, NULL),
(1949, '2013-05-02 06:29:53', 'pradeepb', 0, 6100, NULL, 972, 550, 1948, NULL),
(1950, '2013-05-02 06:29:53', 'pradeepb', 0, 2500, NULL, 973, 550, 1948, NULL),
(1952, '2013-05-02 06:31:23', 'pradeepb', 0, 4000, 971, NULL, 549, 1951, NULL),
(1954, '2013-05-02 06:34:38', 'pradeepb', 0, 4000, NULL, 972, 586, 1953, NULL),
(1955, '2013-05-02 06:34:38', 'pradeepb', 0, 2000, NULL, 973, 586, 1953, NULL),
(1956, '2013-05-02 06:34:38', 'pradeepb', 0, 2000, NULL, 974, 586, 1953, NULL),
(1958, '2013-05-02 06:35:24', 'pradeepb', 0, 1000, NULL, 972, 586, 1957, NULL),
(1959, '2013-05-02 06:35:24', 'pradeepb', 0, 100, 1000, NULL, 1030, 1957, NULL),
(1961, '2013-05-02 06:36:31', 'pradeepb', 0, 4000, NULL, 972, 586, 1960, NULL),
(1963, '2013-05-02 06:41:35', 'pradeepb', 0, 5000, NULL, 972, 586, 1962, NULL),
(1964, '2013-05-02 06:41:35', 'pradeepb', 0, 5000, NULL, 973, 586, 1962, NULL),
(1966, '2013-05-02 06:42:14', 'pradeepb', 0, 5000, NULL, 974, 586, 1965, NULL),
(1968, '2013-05-02 06:43:36', 'pradeepb', 0, 5000, NULL, 972, 598, 1967, NULL),
(1969, '2013-05-02 06:43:36', 'pradeepb', 0, 2500, NULL, 973, 598, 1967, NULL),
(1970, '2013-05-02 06:43:36', 'pradeepb', 0, 2500, NULL, 974, 598, 1967, NULL),
(1972, '2013-05-02 06:45:51', 'pradeepb', 0, 100, 1000, NULL, 1031, 1971, NULL),
(1974, '2013-05-02 06:47:06', 'pradeepb', 0, 2500, NULL, 972, 598, 1973, NULL),
(1976, '2013-05-02 06:48:10', 'pradeepb', 0, 6500, NULL, 972, 598, 1975, NULL),
(1978, '2013-05-02 06:48:56', 'pradeepb', 0, 4000, NULL, 973, 598, 1977, NULL),
(1980, '2013-05-02 06:49:33', 'pradeepb', 0, 500, NULL, 973, 598, 1979, NULL),
(1982, '2013-05-02 06:51:16', 'pradeepb', 0, 500, NULL, 973, 598, 1981, NULL),
(1983, '2013-05-02 06:51:16', 'pradeepb', 0, 4500, NULL, 974, 598, 1981, NULL),
(1986, '2013-05-03 01:41:19', 'pradeepb', 0, 9500, NULL, 972, 382, 1985, NULL),
(1987, '2013-05-03 01:41:19', 'pradeepb', 0, 4000, NULL, 973, 382, 1985, NULL),
(1988, '2013-05-03 01:41:19', 'pradeepb', 0, 5500, NULL, 974, 382, 1985, NULL),
(1991, '2013-05-03 01:42:35', 'pradeepb', 0, 2000, NULL, 972, 382, 1990, NULL),
(1992, '2013-05-03 01:42:35', 'pradeepb', 0, 100, 1000, NULL, 1013, 1990, NULL),
(1994, '2013-05-03 01:44:21', 'pradeepb', 0, 7500, NULL, 972, 322, 1993, NULL),
(1995, '2013-05-03 01:44:21', 'pradeepb', 0, 3000, NULL, 973, 322, 1993, NULL),
(1996, '2013-05-03 01:44:21', 'pradeepb', 0, 4500, NULL, 974, 322, 1993, NULL),
(1998, '2013-05-03 01:46:44', 'pradeepb', 0, 4000, 971, NULL, 321, 1997, NULL),
(2000, '2013-05-03 01:47:19', 'pradeepb', 0, 100, 1000, NULL, 1008, 1999, NULL),
(2002, '2013-05-03 01:48:45', 'pradeepb', 0, 2000, NULL, 972, 322, 2001, NULL),
(2004, '2013-05-03 01:49:22', 'pradeepb', 0, 4000, NULL, 972, 322, 2003, NULL),
(2006, '2013-05-03 01:51:05', 'pradeepb', 0, 7500, NULL, 972, 322, 2005, NULL),
(2007, '2013-05-03 01:51:05', 'pradeepb', 0, 3000, NULL, 973, 322, 2005, NULL),
(2008, '2013-05-03 01:51:05', 'pradeepb', 0, 4500, NULL, 974, 322, 2005, NULL),
(2010, '2013-05-03 01:53:11', 'pradeepb', 0, 500, NULL, 972, 322, 2009, NULL),
(2011, '2013-05-03 01:53:11', 'pradeepb', 0, 3500, NULL, 973, 322, 2009, NULL),
(2024, '2013-05-03 02:18:44', 'pradeepb', 0, 100, 1000, NULL, 2022, 2023, NULL),
(2029, '2013-05-03 02:22:13', 'pradeepb', 0, 7500, NULL, 972, 2025, 2028, NULL),
(2030, '2013-05-03 02:22:13', 'pradeepb', 0, 3000, NULL, 973, 2025, 2028, NULL),
(2031, '2013-05-03 02:22:13', 'pradeepb', 0, 4500, NULL, 974, 2025, 2028, NULL),
(2033, '2013-05-03 02:23:06', 'pradeepb', 0, 3500, NULL, 972, 2025, 2032, NULL),
(2035, '2013-05-03 02:33:58', 'pradeepb', 0, 2000, NULL, 972, 2025, 2034, NULL),
(2037, '2013-05-03 02:34:43', 'pradeepb', 0, 1000, NULL, 972, 2025, 2036, NULL),
(2038, '2013-05-03 02:34:43', 'pradeepb', 0, 2500, NULL, 973, 2025, 2036, NULL),
(2040, '2013-05-03 02:35:22', 'pradeepb', 0, 500, NULL, 973, 2025, 2039, NULL),
(2066, '2013-05-03 05:24:45', 'pradeepb', 0, 100, 1000, NULL, 2064, 2065, NULL),
(2069, '2013-05-03 05:24:45', 'pradeepb', 0, 100, 971, NULL, 2063, 2068, NULL),
(2073, '2013-05-03 05:26:49', 'pradeepb', 0, 5000, NULL, 972, 2067, 2072, NULL),
(2074, '2013-05-03 05:26:49', 'pradeepb', 0, 2500, NULL, 973, 2067, 2072, NULL),
(2075, '2013-05-03 05:26:49', 'pradeepb', 0, 2500, NULL, 974, 2067, 2072, NULL),
(2077, '2013-05-03 05:27:33', 'pradeepb', 0, 4000, 971, NULL, 2063, 2076, NULL),
(2079, '2013-05-03 05:28:43', 'pradeepb', 0, 1000, NULL, 972, 2067, 2078, NULL),
(2081, '2013-05-03 05:29:32', 'pradeepb', 0, 8000, NULL, 972, 2067, 2080, NULL),
(2082, '2013-05-03 05:29:32', 'pradeepb', 0, 2000, NULL, 973, 2067, 2080, NULL),
(2084, '2013-05-03 05:30:22', 'pradeepb', 0, 2500, NULL, 973, 2067, 2083, NULL),
(2085, '2013-05-03 05:30:22', 'pradeepb', 0, 4500, NULL, 974, 2067, 2083, NULL),
(2090, '2013-05-03 05:31:59', 'pradeepb', 0, 100, 1000, NULL, 2088, 2089, NULL),
(2093, '2013-05-03 05:31:59', 'pradeepb', 0, 1000, 971, NULL, 2087, 2092, NULL),
(2097, '2013-05-03 05:35:09', 'pradeepb', 0, 7000, NULL, 972, 2091, 2096, NULL),
(2098, '2013-05-03 05:35:09', 'pradeepb', 0, 3500, NULL, 973, 2091, 2096, NULL),
(2099, '2013-05-03 05:35:09', 'pradeepb', 0, 3500, NULL, 974, 2091, 2096, NULL),
(2129, '2013-05-03 05:51:44', 'pradeepb', 0, 100, 1000, NULL, 2127, 2128, NULL),
(2132, '2013-05-03 05:51:44', 'pradeepb', 0, 1000, 971, NULL, 2126, 2131, NULL),
(2136, '2013-05-03 05:54:25', 'pradeepb', 0, 3500, NULL, 972, 2130, 2135, NULL),
(2137, '2013-05-03 05:54:25', 'pradeepb', 0, 1500, NULL, 973, 2130, 2135, NULL),
(2138, '2013-05-03 05:54:25', 'pradeepb', 0, 2000, NULL, 974, 2130, 2135, NULL),
(2140, '2013-05-03 05:55:42', 'pradeepb', 0, 2000, NULL, 972, 2130, 2139, NULL),
(2142, '2013-05-03 05:56:39', 'pradeepb', 0, 8500, NULL, 972, 2130, 2141, NULL),
(2143, '2013-05-03 05:56:39', 'pradeepb', 0, 1500, NULL, 973, 2130, 2141, NULL),
(2145, '2013-05-03 05:57:19', 'pradeepb', 0, 4000, NULL, 973, 2130, 2144, NULL),
(2146, '2013-05-03 05:57:19', 'pradeepb', 0, 1000, NULL, 974, 2130, 2144, NULL),
(2159, '2013-05-03 06:09:07', 'pradeepb', 0, 100, 1000, NULL, 2157, 2158, NULL),
(2162, '2013-05-03 06:09:07', 'pradeepb', 0, 2000, 971, NULL, 2156, 2161, NULL),
(2166, '2013-05-03 06:11:07', 'pradeepb', 0, 4000, NULL, 972, 2160, 2165, NULL),
(2167, '2013-05-03 06:11:07', 'pradeepb', 0, 2000, NULL, 973, 2160, 2165, NULL),
(2168, '2013-05-03 06:11:07', 'pradeepb', 0, 2000, NULL, 974, 2160, 2165, NULL),
(2170, '2013-05-03 06:12:56', 'pradeepb', 0, 10000, NULL, 972, 2160, 2169, NULL),
(2172, '2013-05-03 06:13:44', 'pradeepb', 0, 2000, NULL, 973, 2160, 2171, NULL),
(2174, '2013-05-03 06:14:44', 'pradeepb', 0, 3000, NULL, 973, 2160, 2173, NULL),
(2175, '2013-05-03 06:14:44', 'pradeepb', 0, 5000, NULL, 974, 2160, 2173, NULL),
(2188, '2013-05-03 06:46:05', 'pradeepb', 0, 100, 1000, NULL, 2186, 2187, NULL),
(2191, '2013-05-03 06:46:06', 'pradeepb', 0, 2000, NULL, 974, 2189, 2190, NULL),
(2195, '2013-05-03 06:47:03', 'pradeepb', 0, 5000, NULL, 972, 2189, 2194, NULL),
(2196, '2013-05-03 06:47:03', 'pradeepb', 0, 2500, NULL, 973, 2189, 2194, NULL),
(2197, '2013-05-03 06:47:03', 'pradeepb', 0, 2500, NULL, 974, 2189, 2194, NULL),
(2199, '2013-05-03 06:48:33', 'pradeepb', 0, 6000, NULL, 972, 2189, 2198, NULL),
(2201, '2013-05-03 06:49:08', 'pradeepb', 0, 3000, NULL, 972, 2189, 2200, NULL),
(2202, '2013-05-03 06:49:08', 'pradeepb', 0, 2000, NULL, 973, 2189, 2200, NULL),
(2204, '2013-05-03 06:50:32', 'pradeepb', 0, 2500, NULL, 973, 2189, 2203, NULL),
(2205, '2013-05-03 06:50:32', 'pradeepb', 0, 2500, NULL, 974, 2189, 2203, NULL),
(2218, '2013-05-03 07:17:57', 'pradeepb', 0, 100, 1000, NULL, 2216, 2217, NULL),
(2221, '2013-05-03 07:17:57', 'pradeepb', 0, 2000, NULL, 974, 2219, 2220, NULL),
(2225, '2013-05-03 07:19:00', 'pradeepb', 0, 4500, NULL, 972, 2219, 2224, NULL),
(2226, '2013-05-03 07:19:00', 'pradeepb', 0, 2000, NULL, 973, 2219, 2224, NULL),
(2227, '2013-05-03 07:19:00', 'pradeepb', 0, 2500, NULL, 974, 2219, 2224, NULL),
(2229, '2013-05-03 07:20:04', 'pradeepb', 0, 5000, NULL, 972, 2219, 2228, NULL),
(2231, '2013-05-03 07:20:58', 'pradeepb', 0, 4500, NULL, 972, 2219, 2230, NULL),
(2232, '2013-05-03 07:20:58', 'pradeepb', 0, 1500, NULL, 973, 2219, 2230, NULL),
(2245, '2013-05-03 07:26:48', 'pradeepb', 0, 100, 1000, NULL, 2243, 2244, NULL),
(2248, '2013-05-03 07:26:48', 'pradeepb', 0, 2000, NULL, 974, 2246, 2247, NULL),
(2252, '2013-05-03 07:28:04', 'pradeepb', 0, 5000, NULL, 972, 2246, 2251, NULL),
(2253, '2013-05-03 07:28:04', 'pradeepb', 0, 2500, NULL, 973, 2246, 2251, NULL),
(2254, '2013-05-03 07:28:04', 'pradeepb', 0, 2500, NULL, 974, 2246, 2251, NULL),
(2256, '2013-05-03 07:28:38', 'pradeepb', 0, 4000, NULL, 972, 2246, 2255, NULL),
(2269, '2013-05-03 07:33:40', 'pradeepb', 0, 100, 1000, NULL, 2267, 2268, NULL),
(2272, '2013-05-03 07:33:40', 'pradeepb', 0, 1000, NULL, 974, 2270, 2271, NULL),
(2276, '2013-05-03 07:34:52', 'pradeepb', 0, 6000, NULL, 972, 2270, 2275, NULL),
(2277, '2013-05-03 07:34:52', 'pradeepb', 0, 3000, NULL, 973, 2270, 2275, NULL),
(2278, '2013-05-03 07:34:52', 'pradeepb', 0, 3000, NULL, 974, 2270, 2275, NULL),
(2280, '2013-05-03 07:35:59', 'pradeepb', 0, 5000, NULL, 972, 2270, 2279, NULL),
(2282, '2013-05-03 07:36:40', 'pradeepb', 0, 3000, NULL, 972, 2270, 2281, NULL),
(2283, '2013-05-03 07:36:40', 'pradeepb', 0, 2000, NULL, 973, 2270, 2281, NULL),
(2285, '2013-05-03 07:37:17', 'pradeepb', 0, 2000, NULL, 973, 2270, 2284, NULL),
(2286, '2013-05-03 07:37:17', 'pradeepb', 0, 3000, NULL, 974, 2270, 2284, NULL),
(2299, '2013-05-03 07:43:20', 'pradeepb', 0, 100, 1000, NULL, 2297, 2298, NULL),
(2302, '2013-05-03 07:43:20', 'pradeepb', 0, 1000, NULL, 974, 2300, 2301, NULL),
(2306, '2013-05-03 07:44:51', 'pradeepb', 0, 6000, NULL, 972, 2300, 2305, NULL),
(2307, '2013-05-03 07:44:51', 'pradeepb', 0, 3000, NULL, 973, 2300, 2305, NULL),
(2308, '2013-05-03 07:44:51', 'pradeepb', 0, 3000, NULL, 974, 2300, 2305, NULL),
(2310, '2013-05-03 07:45:47', 'pradeepb', 0, 6000, NULL, 972, 2300, 2309, NULL),
(2312, '2013-05-03 07:47:08', 'pradeepb', 0, 2000, NULL, 972, 2300, 2311, NULL),
(2313, '2013-05-03 07:47:08', 'pradeepb', 0, 4000, NULL, 973, 2300, 2311, NULL),
(2314, '2013-05-03 07:47:08', 'pradeepb', 0, 3000, NULL, 974, 2300, 2311, NULL),
(2327, '2013-05-03 07:56:01', 'pradeepb', 0, 100, 1000, NULL, 2325, 2326, NULL),
(2330, '2013-05-03 07:56:01', 'pradeepb', 0, 2000, NULL, 974, 2328, 2329, NULL),
(2334, '2013-05-03 07:57:27', 'pradeepb', 0, 4000, NULL, 972, 2328, 2333, NULL),
(2335, '2013-05-03 07:57:27', 'pradeepb', 0, 2000, NULL, 973, 2328, 2333, NULL),
(2336, '2013-05-03 07:57:27', 'pradeepb', 0, 2000, NULL, 974, 2328, 2333, NULL),
(2338, '2013-05-03 07:58:22', 'pradeepb', 0, 4000, 971, NULL, 2324, 2337, NULL),
(2340, '2013-05-03 07:59:13', 'pradeepb', 0, 6000, NULL, 972, 2328, 2339, NULL),
(2344, '2013-05-03 08:00:45', 'pradeepb', 0, 3000, NULL, 972, 2328, 2343, NULL),
(2346, '2013-05-03 08:01:39', 'pradeepb', 0, 1000, NULL, 972, 2328, 2345, NULL),
(2347, '2013-05-03 08:01:39', 'pradeepb', 0, 5000, NULL, 973, 2328, 2345, NULL),
(2348, '2013-05-03 08:01:39', 'pradeepb', 0, 3000, NULL, 974, 2328, 2345, NULL),
(2362, '2013-05-04 00:28:45', 'pradeepb', 0, 100, 1000, NULL, 2359, 2361, NULL),
(2365, '2013-05-04 00:28:45', 'pradeepb', 0, 1000, NULL, 974, 2363, 2364, NULL),
(2370, '2013-05-04 00:29:47', 'pradeepb', 0, 5000, NULL, 972, 2363, 2369, NULL),
(2371, '2013-05-04 00:29:47', 'pradeepb', 0, 2500, NULL, 973, 2363, 2369, NULL),
(2372, '2013-05-04 00:29:47', 'pradeepb', 0, 2500, NULL, 974, 2363, 2369, NULL),
(2374, '2013-05-04 00:54:48', 'pradeepb', 0, 6000, NULL, 972, 2363, 2373, NULL),
(2376, '2013-05-04 00:56:43', 'pradeepb', 0, 3000, NULL, 972, 2363, 2375, NULL),
(2377, '2013-05-04 00:56:43', 'pradeepb', 0, 3000, NULL, 973, 2363, 2375, NULL),
(2390, '2013-05-04 01:02:44', 'pradeepb', 0, 100, 1000, NULL, 2388, 2389, NULL),
(2393, '2013-05-04 01:02:44', 'pradeepb', 0, 1000, NULL, 974, 2391, 2392, NULL),
(2397, '2013-05-04 01:03:29', 'pradeepb', 0, 5000, NULL, 972, 2391, 2396, NULL),
(2398, '2013-05-04 01:03:29', 'pradeepb', 0, 2500, NULL, 973, 2391, 2396, NULL),
(2399, '2013-05-04 01:03:29', 'pradeepb', 0, 2500, NULL, 974, 2391, 2396, NULL),
(2401, '2013-05-04 01:04:15', 'pradeepb', 0, 3000, NULL, 972, 2391, 2400, NULL),
(2403, '2013-05-04 01:05:11', 'pradeepb', 0, 5000, NULL, 972, 2391, 2402, NULL),
(2416, '2013-05-04 01:12:08', 'pradeepb', 0, 100, 1000, NULL, 2414, 2415, NULL),
(2419, '2013-05-04 01:12:08', 'pradeepb', 0, 2000, NULL, 974, 2417, 2418, NULL),
(2423, '2013-05-04 01:13:23', 'pradeepb', 0, 6000, NULL, 972, 2417, 2422, NULL),
(2424, '2013-05-04 01:13:23', 'pradeepb', 0, 3000, NULL, 973, 2417, 2422, NULL),
(2425, '2013-05-04 01:13:23', 'pradeepb', 0, 3000, NULL, 974, 2417, 2422, NULL),
(2427, '2013-05-04 01:15:07', 'pradeepb', 0, 7000, NULL, 972, 2417, 2426, NULL),
(2429, '2013-05-04 01:16:45', 'pradeepb', 0, 4000, 971, NULL, 2413, 2428, NULL),
(2442, '2013-05-04 07:04:36', 'pradeepb', 0, 100, 1000, NULL, 2440, 2441, NULL),
(2445, '2013-05-04 07:04:36', 'pradeepb', 0, 1000, NULL, 974, 2443, 2444, NULL),
(2449, '2013-05-04 07:06:03', 'pradeepb', 0, 6000, NULL, 972, 2443, 2448, NULL),
(2450, '2013-05-04 07:06:03', 'pradeepb', 0, 3000, NULL, 973, 2443, 2448, NULL),
(2451, '2013-05-04 07:06:03', 'pradeepb', 0, 3000, NULL, 974, 2443, 2448, NULL),
(2453, '2013-05-04 07:06:50', 'pradeepb', 0, 5000, NULL, 972, 2443, 2452, NULL),
(2455, '2013-05-04 07:07:42', 'pradeepb', 0, 3000, NULL, 972, 2443, 2454, NULL),
(2456, '2013-05-04 07:07:42', 'pradeepb', 0, 1000, NULL, 973, 2443, 2454, NULL),
(2458, '2013-05-04 07:08:26', 'pradeepb', 0, 3000, NULL, 973, 2443, 2457, NULL),
(2460, '2013-05-04 07:09:11', 'pradeepb', 0, 3000, NULL, 974, 2443, 2459, NULL),
(2473, '2013-05-04 07:27:05', 'pradeepb', 0, 100, 1000, NULL, 2471, 2472, NULL),
(2476, '2013-05-04 07:27:05', 'pradeepb', 0, 1000, NULL, 974, 2474, 2475, NULL),
(2480, '2013-05-04 07:28:13', 'pradeepb', 0, 5500, NULL, 972, 2474, 2479, NULL),
(2481, '2013-05-04 07:28:13', 'pradeepb', 0, 2500, NULL, 973, 2474, 2479, NULL),
(2482, '2013-05-04 07:28:13', 'pradeepb', 0, 3000, NULL, 974, 2474, 2479, NULL),
(2484, '2013-05-04 07:29:12', 'pradeepb', 0, 4000, NULL, 972, 2474, 2483, NULL),
(2497, '2013-05-04 07:35:42', 'pradeepb', 0, 100, 1000, NULL, 2495, 2496, NULL),
(2500, '2013-05-04 07:35:42', 'pradeepb', 0, 1000, NULL, 974, 2498, 2499, NULL),
(2504, '2013-05-04 07:36:38', 'pradeepb', 0, 4000, NULL, 972, 2498, 2503, NULL),
(2505, '2013-05-04 07:36:38', 'pradeepb', 0, 2000, NULL, 973, 2498, 2503, NULL),
(2506, '2013-05-04 07:36:38', 'pradeepb', 0, 2000, NULL, 974, 2498, 2503, NULL),
(2508, '2013-05-04 07:59:05', 'pradeepb', 0, 5000, NULL, 972, 2498, 2507, NULL),
(2510, '2013-05-04 07:59:47', 'pradeepb', 0, 2500, NULL, 972, 2498, 2509, NULL),
(2512, '2013-05-04 08:00:43', 'pradeepb', 0, 2500, NULL, 972, 2498, 2511, NULL),
(2525, '2013-05-04 08:06:50', 'pradeepb', 0, 100, 1000, NULL, 2523, 2524, NULL),
(2528, '2013-05-04 08:06:50', 'pradeepb', 0, 1000, NULL, 974, 2526, 2527, NULL),
(2532, '2013-05-04 08:10:16', 'pradeepb', 0, 4000, NULL, 972, 2526, 2531, NULL),
(2533, '2013-05-04 08:10:16', 'pradeepb', 0, 2000, NULL, 973, 2526, 2531, NULL),
(2534, '2013-05-04 08:10:16', 'pradeepb', 0, 2000, NULL, 974, 2526, 2531, NULL),
(2536, '2013-05-04 08:11:08', 'pradeepb', 0, 4000, 971, NULL, 2522, 2535, NULL),
(2538, '2013-05-04 08:14:15', 'pradeepb', 0, 6000, NULL, 972, 2526, 2537, NULL),
(2540, '2013-05-04 08:15:19', 'pradeepb', 0, 4000, NULL, 972, 2526, 2539, NULL),
(2541, '2013-05-04 08:15:19', 'pradeepb', 0, 1000, NULL, 973, 2526, 2539, NULL),
(2543, '2013-05-04 08:16:22', 'pradeepb', 0, 4000, NULL, 973, 2526, 2542, NULL),
(2544, '2013-05-04 08:16:22', 'pradeepb', 0, 4000, NULL, 974, 2526, 2542, NULL),
(2557, '2013-05-04 08:25:21', 'pradeepb', 0, 100, 1000, NULL, 2555, 2556, NULL),
(2560, '2013-05-04 08:25:21', 'pradeepb', 0, 2000, NULL, 974, 2558, 2559, NULL),
(2564, '2013-05-04 08:26:46', 'pradeepb', 0, 6500, NULL, 972, 2558, 2563, NULL),
(2565, '2013-05-04 08:26:46', 'pradeepb', 0, 3000, NULL, 973, 2558, 2563, NULL),
(2566, '2013-05-04 08:26:46', 'pradeepb', 0, 3500, NULL, 974, 2558, 2563, NULL),
(2568, '2013-05-04 08:27:55', 'pradeepb', 0, 5000, NULL, 972, 2558, 2567, NULL),
(2581, '2013-05-04 08:37:16', 'pradeepb', 0, 100, 1000, NULL, 2579, 2580, NULL),
(2584, '2013-05-04 08:37:16', 'pradeepb', 0, 1000, NULL, 974, 2582, 2583, NULL),
(2591, '2013-05-05 07:21:33', 'pradeepb', 0, 6500, NULL, 972, 2582, 2590, NULL),
(2592, '2013-05-05 07:21:33', 'pradeepb', 0, 3000, NULL, 973, 2582, 2590, NULL),
(2593, '2013-05-05 07:21:33', 'pradeepb', 0, 3500, NULL, 974, 2582, 2590, NULL);
INSERT INTO `STUDENT_FEE_TXN_DETAILS` (`ID`, `AUDIT_TIMESTAMP`, `AUDIT_USER_NAME`, `VERSION`, `AMOUNT`, `BRANCH_LEVEL_FEE_CATALOG_ID`, `KLASS_LEVEL_FEE_CATALOG_ID`, `STUDENT_FEE_ID`, `STUDENT_FEE_TXN_ID`, `STUDENT_LEVEL_FEE_CATALOG_ID`) VALUES
(2596, '2013-05-05 07:23:05', 'pradeepb', 0, 4000, 971, NULL, 2578, 2595, NULL),
(2598, '2013-05-05 07:24:15', 'pradeepb', 0, 7000, NULL, 972, 2582, 2597, NULL),
(2600, '2013-05-05 07:25:06', 'pradeepb', 0, 500, NULL, 972, 2582, 2599, NULL),
(2601, '2013-05-05 07:25:06', 'pradeepb', 0, 4000, NULL, 973, 2582, 2599, NULL),
(2602, '2013-05-05 07:25:06', 'pradeepb', 0, 2500, NULL, 974, 2582, 2599, NULL),
(2616, '2013-05-06 01:17:46', 'pradeepb', 0, 100, 1000, NULL, 2613, 2615, NULL),
(2619, '2013-05-06 01:17:46', 'pradeepb', 0, 1000, NULL, 974, 2617, 2618, NULL),
(2624, '2013-05-06 01:19:06', 'pradeepb', 0, 7500, NULL, 972, 2617, 2623, NULL),
(2625, '2013-05-06 01:19:06', 'pradeepb', 0, 3000, NULL, 973, 2617, 2623, NULL),
(2626, '2013-05-06 01:19:06', 'pradeepb', 0, 4500, NULL, 974, 2617, 2623, NULL),
(2628, '2013-05-06 01:19:49', 'pradeepb', 0, 4000, 971, NULL, 2612, 2627, NULL),
(2630, '2013-05-06 01:21:01', 'pradeepb', 0, 2000, NULL, 972, 2617, 2629, NULL),
(2632, '2013-05-06 01:21:35', 'pradeepb', 0, 3000, NULL, 972, 2617, 2631, NULL),
(2634, '2013-05-06 01:22:20', 'pradeepb', 0, 1500, NULL, 972, 2617, 2633, NULL),
(2635, '2013-05-06 01:22:20', 'pradeepb', 0, 1500, NULL, 973, 2617, 2633, NULL),
(2648, '2013-05-06 06:07:08', 'pradeepb', 0, 100, 1000, NULL, 2646, 2647, NULL),
(2651, '2013-05-06 06:07:09', 'pradeepb', 0, 1000, NULL, 974, 2649, 2650, NULL),
(2655, '2013-05-06 06:10:00', 'pradeepb', 0, 6000, NULL, 972, 2649, 2654, NULL),
(2656, '2013-05-06 06:10:00', 'pradeepb', 0, 3000, NULL, 973, 2649, 2654, NULL),
(2657, '2013-05-06 06:10:00', 'pradeepb', 0, 3000, NULL, 974, 2649, 2654, NULL),
(2659, '2013-05-06 06:11:21', 'pradeepb', 0, 4000, 971, NULL, 2645, 2658, NULL),
(2661, '2013-05-06 06:12:54', 'pradeepb', 0, 6000, NULL, 972, 2649, 2660, NULL),
(2663, '2013-05-06 06:21:44', 'pradeepb', 0, 2000, NULL, 972, 2649, 2662, NULL),
(2664, '2013-05-06 06:21:44', 'pradeepb', 0, 2000, NULL, 973, 2649, 2662, NULL),
(2666, '2013-05-06 06:23:51', 'pradeepb', 0, 2000, NULL, 973, 2649, 2665, NULL),
(2667, '2013-05-06 06:23:51', 'pradeepb', 0, 3000, NULL, 974, 2649, 2665, NULL),
(2680, '2013-05-06 06:32:05', 'pradeepb', 0, 100, 1000, NULL, 2678, 2679, NULL),
(2683, '2013-05-06 06:32:06', 'pradeepb', 0, 1000, NULL, 974, 2681, 2682, NULL),
(2687, '2013-05-06 06:43:04', 'pradeepb', 0, 7500, NULL, 972, 2681, 2686, NULL),
(2688, '2013-05-06 06:43:04', 'pradeepb', 0, 3000, NULL, 973, 2681, 2686, NULL),
(2689, '2013-05-06 06:43:04', 'pradeepb', 0, 4500, NULL, 974, 2681, 2686, NULL),
(2691, '2013-05-06 06:44:01', 'pradeepb', 0, 6500, NULL, 972, 2681, 2690, NULL),
(2692, '2013-05-06 06:44:01', 'pradeepb', 0, 3000, NULL, 973, 2681, 2690, NULL),
(2693, '2013-05-06 06:44:01', 'pradeepb', 0, 3500, NULL, 974, 2681, 2690, NULL),
(2696, '2013-05-07 02:23:26', 'pradeepb', 0, 5000, NULL, 972, 2681, 2695, NULL),
(2698, '2013-05-07 02:36:36', 'pradeepb', 0, 2500, NULL, 972, 2681, 2697, NULL),
(2699, '2013-05-07 02:36:36', 'pradeepb', 0, 1500, NULL, 973, 2681, 2697, NULL),
(2712, '2013-05-07 02:43:38', 'pradeepb', 0, 100, 1000, NULL, 2710, 2711, NULL),
(2721, '2013-05-07 02:44:07', 'pradeepb', 0, 100, 1000, NULL, 2719, 2720, NULL),
(2747, '2013-05-07 05:15:44', 'pradeepb', 0, 100, 1000, NULL, 2745, 2746, NULL),
(2750, '2013-05-07 05:15:44', 'pradeepb', 0, 5000, NULL, 974, 2748, 2749, NULL),
(2765, '2013-05-07 05:23:56', 'pradeepb', 0, 100, 1000, NULL, 2763, 2764, NULL),
(2768, '2013-05-07 05:23:56', 'pradeepb', 0, 1000, NULL, 974, 2766, 2767, NULL),
(2773, '2013-05-07 05:24:34', 'pradeepb', 0, 5000, NULL, 972, 2766, 2772, NULL),
(2774, '2013-05-07 05:24:34', 'pradeepb', 0, 2500, NULL, 973, 2766, 2772, NULL),
(2775, '2013-05-07 05:24:34', 'pradeepb', 0, 2500, NULL, 974, 2766, 2772, NULL),
(2777, '2013-05-07 05:26:34', 'pradeepb', 0, 7000, NULL, 972, 2766, 2776, NULL),
(2779, '2013-05-07 05:27:19', 'pradeepb', 0, 2000, NULL, 972, 2766, 2778, NULL),
(2780, '2013-05-07 05:27:19', 'pradeepb', 0, 1000, NULL, 973, 2766, 2778, NULL),
(2782, '2013-05-07 05:28:11', 'pradeepb', 0, 2000, NULL, 973, 2766, 2781, NULL),
(2784, '2013-05-07 05:28:58', 'pradeepb', 0, 1500, NULL, 973, 2766, 2783, NULL),
(2785, '2013-05-07 05:28:58', 'pradeepb', 0, 1500, NULL, 974, 2766, 2783, NULL),
(2798, '2013-05-07 05:41:49', 'pradeepb', 0, 100, 1000, NULL, 2796, 2797, NULL),
(2801, '2013-05-07 05:41:49', 'pradeepb', 0, 1000, NULL, 974, 2799, 2800, NULL),
(2805, '2013-05-07 05:42:34', 'pradeepb', 0, 5000, NULL, 972, 2799, 2804, NULL),
(2806, '2013-05-07 05:42:34', 'pradeepb', 0, 2500, NULL, 973, 2799, 2804, NULL),
(2807, '2013-05-07 05:42:34', 'pradeepb', 0, 2500, NULL, 974, 2799, 2804, NULL),
(2809, '2013-05-07 06:10:50', 'pradeepb', 0, 9000, NULL, 972, 2799, 2808, NULL),
(2810, '2013-05-07 06:10:50', 'pradeepb', 0, 1000, NULL, 973, 2799, 2808, NULL),
(2812, '2013-05-07 06:12:28', 'pradeepb', 0, 3000, NULL, 973, 2799, 2811, NULL),
(2834, '2013-05-07 06:38:52', 'pradeepb', 0, 100, 1000, NULL, 2832, 2833, NULL),
(2837, '2013-05-07 06:38:52', 'pradeepb', 0, 1000, NULL, 974, 2835, 2836, NULL),
(2841, '2013-05-07 06:39:51', 'pradeepb', 0, 6000, NULL, 972, 2835, 2840, NULL),
(2842, '2013-05-07 06:39:51', 'pradeepb', 0, 3000, NULL, 973, 2835, 2840, NULL),
(2843, '2013-05-07 06:39:51', 'pradeepb', 0, 3000, NULL, 974, 2835, 2840, NULL),
(2845, '2013-05-07 06:40:50', 'pradeepb', 0, 5000, NULL, 972, 2835, 2844, NULL),
(2847, '2013-05-07 06:41:54', 'pradeepb', 0, 1000, NULL, 972, 2835, 2846, NULL),
(2860, '2013-05-07 23:54:23', 'pradeepb', 0, 100, 1000, NULL, 2858, 2859, NULL),
(2863, '2013-05-07 23:54:23', 'pradeepb', 0, 2000, NULL, 974, 2861, 2862, NULL),
(2867, '2013-05-07 23:55:19', 'pradeepb', 0, 4000, NULL, 972, 2861, 2866, NULL),
(2868, '2013-05-07 23:55:19', 'pradeepb', 0, 2000, NULL, 973, 2861, 2866, NULL),
(2869, '2013-05-07 23:55:19', 'pradeepb', 0, 2000, NULL, 974, 2861, 2866, NULL),
(2871, '2013-05-07 23:56:27', 'pradeepb', 0, 5000, NULL, 972, 2861, 2870, NULL),
(2873, '2013-05-07 23:57:17', 'pradeepb', 0, 5000, NULL, 972, 2861, 2872, NULL),
(2875, '2013-05-07 23:58:07', 'pradeepb', 0, 4000, NULL, 973, 2861, 2874, NULL),
(2877, '2013-05-07 23:59:11', 'pradeepb', 0, 1000, NULL, 973, 2861, 2876, NULL),
(2878, '2013-05-07 23:59:11', 'pradeepb', 0, 2000, NULL, 974, 2861, 2876, NULL),
(2892, '2013-05-08 00:04:04', 'pradeepb', 0, 100, 1000, NULL, 2889, 2891, NULL),
(2895, '2013-05-08 00:04:04', 'pradeepb', 0, 2000, NULL, 974, 2893, 2894, NULL),
(2900, '2013-05-08 00:04:43', 'pradeepb', 0, 4000, NULL, 972, 2893, 2899, NULL),
(2901, '2013-05-08 00:04:43', 'pradeepb', 0, 2000, NULL, 973, 2893, 2899, NULL),
(2902, '2013-05-08 00:04:43', 'pradeepb', 0, 2000, NULL, 974, 2893, 2899, NULL),
(2904, '2013-05-08 00:05:29', 'pradeepb', 0, 4000, 971, NULL, 2888, 2903, NULL),
(2906, '2013-05-08 01:32:54', 'pradeepb', 0, 6000, NULL, 972, 2893, 2905, NULL),
(2908, '2013-05-08 01:33:33', 'pradeepb', 0, 4000, NULL, 972, 2893, 2907, NULL),
(2909, '2013-05-08 01:33:33', 'pradeepb', 0, 3000, NULL, 973, 2893, 2907, NULL),
(2922, '2013-05-08 01:47:14', 'pradeepb', 0, 100, 1000, NULL, 2920, 2921, NULL),
(2925, '2013-05-08 01:47:14', 'pradeepb', 0, 1000, NULL, 974, 2923, 2924, NULL),
(2929, '2013-05-08 01:48:53', 'pradeepb', 0, 9500, NULL, 972, 2923, 2928, NULL),
(2930, '2013-05-08 01:48:53', 'pradeepb', 0, 4500, NULL, 973, 2923, 2928, NULL),
(2931, '2013-05-08 01:48:53', 'pradeepb', 0, 5000, NULL, 974, 2923, 2928, NULL),
(2933, '2013-05-08 01:50:52', 'pradeepb', 0, 4500, NULL, 972, 2923, 2932, NULL),
(2934, '2013-05-08 01:50:52', 'pradeepb', 0, 2000, NULL, 973, 2923, 2932, NULL),
(2935, '2013-05-08 01:50:52', 'pradeepb', 0, 2500, NULL, 974, 2923, 2932, NULL),
(2937, '2013-05-08 01:52:37', 'pradeepb', 0, 9500, NULL, 972, 2923, 2936, NULL),
(2938, '2013-05-08 01:52:37', 'pradeepb', 0, 5000, NULL, 973, 2923, 2936, NULL),
(2939, '2013-05-08 01:52:37', 'pradeepb', 0, 3500, NULL, 974, 2923, 2936, NULL),
(2952, '2013-05-08 02:04:43', 'pradeepb', 0, 100, 1000, NULL, 2950, 2951, NULL),
(2955, '2013-05-08 02:04:43', 'pradeepb', 0, 2000, NULL, 974, 2953, 2954, NULL),
(2959, '2013-05-08 02:06:32', 'pradeepb', 0, 6500, NULL, 972, 2953, 2958, NULL),
(2960, '2013-05-08 02:06:32', 'pradeepb', 0, 3000, NULL, 973, 2953, 2958, NULL),
(2961, '2013-05-08 02:06:32', 'pradeepb', 0, 3500, NULL, 974, 2953, 2958, NULL),
(2963, '2013-05-08 02:07:27', 'pradeepb', 0, 5000, NULL, 972, 2953, 2962, NULL),
(2965, '2013-05-08 02:08:16', 'pradeepb', 0, 2500, NULL, 972, 2953, 2964, NULL),
(2966, '2013-05-08 02:08:16', 'pradeepb', 0, 2500, NULL, 973, 2953, 2964, NULL),
(2979, '2013-05-08 02:18:53', 'pradeepb', 0, 100, 1000, NULL, 2977, 2978, NULL),
(2982, '2013-05-08 02:18:53', 'pradeepb', 0, 2000, NULL, 974, 2980, 2981, NULL),
(2986, '2013-05-08 02:19:36', 'pradeepb', 0, 5000, NULL, 972, 2980, 2985, NULL),
(2987, '2013-05-08 02:19:36', 'pradeepb', 0, 2500, NULL, 973, 2980, 2985, NULL),
(2988, '2013-05-08 02:19:36', 'pradeepb', 0, 2500, NULL, 974, 2980, 2985, NULL),
(2990, '2013-05-08 02:20:57', 'pradeepb', 0, 5000, NULL, 972, 2980, 2989, NULL),
(2992, '2013-05-08 02:21:34', 'pradeepb', 0, 4000, NULL, 972, 2980, 2991, NULL),
(2993, '2013-05-08 02:21:34', 'pradeepb', 0, 1000, NULL, 973, 2980, 2991, NULL),
(3006, '2013-05-08 02:28:35', 'pradeepb', 0, 100, 1000, NULL, 3004, 3005, NULL),
(3009, '2013-05-08 02:28:35', 'pradeepb', 0, 2000, NULL, 974, 3007, 3008, NULL),
(3024, '2013-05-08 02:50:47', 'pradeepb', 0, 100, 1000, NULL, 3022, 3023, NULL),
(3029, '2013-05-08 03:06:16', 'pradeepb', 0, 5000, NULL, 972, 3025, 3028, NULL),
(3030, '2013-05-08 03:06:16', 'pradeepb', 0, 2500, NULL, 973, 3025, 3028, NULL),
(3031, '2013-05-08 03:06:16', 'pradeepb', 0, 2500, NULL, 974, 3025, 3028, NULL),
(3033, '2013-05-08 03:07:17', 'pradeepb', 0, 4000, 971, NULL, 3021, 3032, NULL),
(3035, '2013-05-08 03:21:26', 'pradeepb', 0, 5100, NULL, 972, 3025, 3034, NULL),
(3037, '2013-05-08 03:22:33', 'pradeepb', 0, 3900, NULL, 972, 3025, 3036, NULL),
(3038, '2013-05-08 03:22:33', 'pradeepb', 0, 1100, NULL, 973, 3025, 3036, NULL),
(3040, '2013-05-08 03:25:43', 'pradeepb', 0, 3400, NULL, 973, 3025, 3039, NULL),
(3041, '2013-05-08 03:25:43', 'pradeepb', 0, 1600, NULL, 974, 3025, 3039, NULL),
(3054, '2013-05-08 03:30:29', 'pradeepb', 0, 100, 1000, NULL, 3052, 3053, NULL),
(3057, '2013-05-08 03:30:29', 'pradeepb', 0, 5000, NULL, 974, 3055, 3056, NULL),
(3061, '2013-05-08 03:31:08', 'pradeepb', 0, 5000, NULL, 972, 3055, 3060, NULL),
(3062, '2013-05-08 03:31:08', 'pradeepb', 0, 2500, NULL, 973, 3055, 3060, NULL),
(3063, '2013-05-08 03:31:08', 'pradeepb', 0, 2500, NULL, 974, 3055, 3060, NULL),
(3065, '2013-05-08 03:32:44', 'pradeepb', 0, 3000, NULL, 972, 3055, 3064, NULL),
(3067, '2013-05-08 05:04:48', 'pradeepb', 0, 3000, NULL, 972, 3055, 3066, NULL),
(3069, '2013-05-08 05:05:32', 'pradeepb', 0, 3000, NULL, 972, 3055, 3068, NULL),
(3070, '2013-05-08 05:05:32', 'pradeepb', 0, 1000, NULL, 973, 3055, 3068, NULL),
(3072, '2013-05-08 05:06:35', 'pradeepb', 0, 3000, NULL, 973, 3055, 3071, NULL),
(3085, '2013-05-08 05:12:54', 'pradeepb', 0, 100, 1000, NULL, 3083, 3084, NULL),
(3088, '2013-05-08 05:12:54', 'pradeepb', 0, 2000, NULL, 974, 3086, 3087, NULL),
(3092, '2013-05-08 05:13:34', 'pradeepb', 0, 5000, NULL, 972, 3086, 3091, NULL),
(3093, '2013-05-08 05:13:34', 'pradeepb', 0, 2500, NULL, 973, 3086, 3091, NULL),
(3094, '2013-05-08 05:13:34', 'pradeepb', 0, 2500, NULL, 974, 3086, 3091, NULL),
(3096, '2013-05-08 05:15:18', 'pradeepb', 0, 4000, NULL, 972, 3086, 3095, NULL),
(3098, '2013-05-08 05:16:09', 'pradeepb', 0, 1000, NULL, 972, 3086, 3097, NULL),
(3100, '2013-05-08 05:16:49', 'pradeepb', 0, 2000, NULL, 972, 3086, 3099, NULL),
(3102, '2013-05-08 05:17:46', 'pradeepb', 0, 2000, NULL, 972, 3086, 3101, NULL),
(3103, '2013-05-08 05:17:46', 'pradeepb', 0, 2000, NULL, 973, 3086, 3101, NULL),
(3105, '2013-05-08 05:18:32', 'pradeepb', 0, 2500, NULL, 973, 3086, 3104, NULL),
(3106, '2013-05-08 05:18:32', 'pradeepb', 0, 2500, NULL, 974, 3086, 3104, NULL),
(3119, '2013-05-08 05:43:45', 'pradeepb', 0, 100, 1000, NULL, 3117, 3118, NULL),
(3122, '2013-05-08 05:43:45', 'pradeepb', 0, 5000, NULL, 974, 3120, 3121, NULL),
(3126, '2013-05-08 05:44:35', 'pradeepb', 0, 4000, 971, NULL, 3116, 3125, NULL),
(3128, '2013-05-08 05:46:18', 'pradeepb', 0, 4000, NULL, 972, 3120, 3127, NULL),
(3129, '2013-05-08 05:46:18', 'pradeepb', 0, 2000, NULL, 973, 3120, 3127, NULL),
(3130, '2013-05-08 05:46:18', 'pradeepb', 0, 2000, NULL, 974, 3120, 3127, NULL),
(3132, '2013-05-08 05:46:59', 'pradeepb', 0, 8000, NULL, 972, 3120, 3131, NULL),
(3145, '2013-05-08 06:55:52', 'pradeepb', 0, 100, 1000, NULL, 3143, 3144, NULL),
(3148, '2013-05-08 06:55:52', 'pradeepb', 0, 1000, NULL, 974, 3146, 3147, NULL),
(3152, '2013-05-08 06:56:52', 'pradeepb', 0, 6000, NULL, 972, 3146, 3151, NULL),
(3153, '2013-05-08 06:56:52', 'pradeepb', 0, 3000, NULL, 973, 3146, 3151, NULL),
(3154, '2013-05-08 06:56:52', 'pradeepb', 0, 3000, NULL, 974, 3146, 3151, NULL),
(3156, '2013-05-08 06:57:37', 'pradeepb', 0, 5000, NULL, 972, 3146, 3155, NULL),
(3158, '2013-05-08 06:59:32', 'pradeepb', 0, 3000, NULL, 972, 3146, 3157, NULL),
(3160, '2013-05-08 07:00:21', 'pradeepb', 0, 3000, NULL, 973, 3146, 3159, NULL),
(3173, '2013-05-08 07:28:00', 'pradeepb', 0, 100, 1000, NULL, 3171, 3172, NULL),
(3176, '2013-05-08 07:28:00', 'pradeepb', 0, 5000, NULL, 974, 3174, 3175, NULL),
(3180, '2013-05-08 07:29:35', 'pradeepb', 0, 4500, NULL, 972, 3174, 3179, NULL),
(3181, '2013-05-08 07:29:35', 'pradeepb', 0, 2000, NULL, 973, 3174, 3179, NULL),
(3182, '2013-05-08 07:29:35', 'pradeepb', 0, 2500, NULL, 974, 3174, 3179, NULL),
(3184, '2013-05-08 07:30:47', 'pradeepb', 0, 5000, NULL, 972, 3174, 3183, NULL),
(3186, '2013-05-08 07:31:41', 'pradeepb', 0, 4000, NULL, 972, 3174, 3185, NULL),
(3188, '2013-05-08 07:32:41', 'pradeepb', 0, 500, NULL, 972, 3174, 3187, NULL),
(3189, '2013-05-08 07:32:41', 'pradeepb', 0, 4500, NULL, 973, 3174, 3187, NULL),
(3202, '2013-05-08 07:38:55', 'pradeepb', 0, 100, 1000, NULL, 3200, 3201, NULL),
(3205, '2013-05-08 07:38:56', 'pradeepb', 0, 1000, NULL, 974, 3203, 3204, NULL),
(3209, '2013-05-08 07:40:05', 'pradeepb', 0, 5000, NULL, 972, 3203, 3208, NULL),
(3210, '2013-05-08 07:40:05', 'pradeepb', 0, 2500, NULL, 973, 3203, 3208, NULL),
(3211, '2013-05-08 07:40:05', 'pradeepb', 0, 2500, NULL, 974, 3203, 3208, NULL),
(3213, '2013-05-08 07:40:41', 'pradeepb', 0, 5000, NULL, 972, 3203, 3212, NULL),
(3226, '2013-05-08 07:48:31', 'pradeepb', 0, 100, 1000, NULL, 3224, 3225, NULL),
(3229, '2013-05-08 07:48:31', 'pradeepb', 0, 3000, NULL, 974, 3227, 3228, NULL),
(3233, '2013-05-08 07:49:27', 'pradeepb', 0, 1500, NULL, 972, 3227, 3232, NULL),
(3234, '2013-05-08 07:49:27', 'pradeepb', 0, 500, NULL, 973, 3227, 3232, NULL),
(3235, '2013-05-08 07:49:27', 'pradeepb', 0, 1000, NULL, 974, 3227, 3232, NULL),
(3237, '2013-05-08 07:50:17', 'pradeepb', 0, 10000, NULL, 972, 3227, 3236, NULL),
(3250, '2013-05-08 07:55:31', 'pradeepb', 0, 100, 1000, NULL, 3248, 3249, NULL),
(3253, '2013-05-08 07:55:31', 'pradeepb', 0, 1000, NULL, 974, 3251, 3252, NULL),
(3257, '2013-05-08 07:56:14', 'pradeepb', 0, 6000, NULL, 972, 3251, 3256, NULL),
(3258, '2013-05-08 07:56:14', 'pradeepb', 0, 3000, NULL, 973, 3251, 3256, NULL),
(3259, '2013-05-08 07:56:14', 'pradeepb', 0, 3000, NULL, 974, 3251, 3256, NULL),
(3261, '2013-05-08 07:56:47', 'pradeepb', 0, 3000, NULL, 972, 3251, 3260, NULL),
(3263, '2013-05-08 07:57:33', 'pradeepb', 0, 5000, NULL, 972, 3251, 3262, NULL),
(3264, '2013-05-08 07:57:33', 'pradeepb', 0, 4000, NULL, 973, 3251, 3262, NULL),
(3265, '2013-05-08 07:57:33', 'pradeepb', 0, 1000, NULL, 974, 3251, 3262, NULL),
(3288, '2013-05-08 08:04:43', 'pradeepb', 0, 100, 1000, NULL, 3286, 3287, NULL),
(3291, '2013-05-08 08:04:43', 'pradeepb', 0, 1000, NULL, 974, 3289, 3290, NULL),
(3295, '2013-05-08 08:05:33', 'pradeepb', 0, 6500, NULL, 972, 3289, 3294, NULL),
(3296, '2013-05-08 08:05:33', 'pradeepb', 0, 3000, NULL, 973, 3289, 3294, NULL),
(3297, '2013-05-08 08:05:33', 'pradeepb', 0, 3500, NULL, 974, 3289, 3294, NULL),
(3299, '2013-05-08 08:14:25', 'pradeepb', 0, 7500, NULL, 972, 3289, 3298, NULL),
(3300, '2013-05-08 08:14:25', 'pradeepb', 0, 500, NULL, 973, 3289, 3298, NULL),
(3302, '2013-05-08 08:15:04', 'pradeepb', 0, 1000, NULL, 973, 3289, 3301, NULL),
(3315, '2013-05-08 23:36:26', 'pradeepb', 0, 100, 1000, NULL, 3313, 3314, NULL),
(3318, '2013-05-08 23:36:26', 'pradeepb', 0, 1000, NULL, 974, 3316, 3317, NULL),
(3322, '2013-05-08 23:37:41', 'pradeepb', 0, 6000, NULL, 972, 3316, 3321, NULL),
(3323, '2013-05-08 23:37:41', 'pradeepb', 0, 3000, NULL, 973, 3316, 3321, NULL),
(3324, '2013-05-08 23:37:41', 'pradeepb', 0, 3000, NULL, 974, 3316, 3321, NULL),
(3326, '2013-05-08 23:38:24', 'pradeepb', 0, 5000, NULL, 972, 3316, 3325, NULL),
(3328, '2013-05-08 23:39:09', 'pradeepb', 0, 3000, NULL, 972, 3316, 3327, NULL),
(3329, '2013-05-08 23:39:09', 'pradeepb', 0, 2000, NULL, 973, 3316, 3327, NULL),
(3342, '2013-05-08 23:45:48', 'pradeepb', 0, 100, 1000, NULL, 3340, 3341, NULL),
(3345, '2013-05-08 23:45:48', 'pradeepb', 0, 1000, NULL, 974, 3343, 3344, NULL),
(3349, '2013-05-08 23:46:42', 'pradeepb', 0, 7000, NULL, 972, 3343, 3348, NULL),
(3350, '2013-05-08 23:46:42', 'pradeepb', 0, 3500, NULL, 973, 3343, 3348, NULL),
(3351, '2013-05-08 23:46:42', 'pradeepb', 0, 3500, NULL, 974, 3343, 3348, NULL),
(3353, '2013-05-08 23:47:28', 'pradeepb', 0, 3000, NULL, 972, 3343, 3352, NULL),
(3355, '2013-05-08 23:48:12', 'pradeepb', 0, 2000, NULL, 972, 3343, 3354, NULL),
(3357, '2013-05-08 23:48:52', 'pradeepb', 0, 2000, NULL, 972, 3343, 3356, NULL),
(3358, '2013-05-08 23:48:52', 'pradeepb', 0, 1000, NULL, 973, 3343, 3356, NULL),
(3371, '2013-05-08 23:55:17', 'pradeepb', 0, 100, 1000, NULL, 3369, 3370, NULL),
(3374, '2013-05-08 23:55:17', 'pradeepb', 0, 1000, NULL, 974, 3372, 3373, NULL),
(3378, '2013-05-08 23:56:00', 'pradeepb', 0, 6000, NULL, 972, 3372, 3377, NULL),
(3379, '2013-05-08 23:56:00', 'pradeepb', 0, 3000, NULL, 973, 3372, 3377, NULL),
(3380, '2013-05-08 23:56:00', 'pradeepb', 0, 3000, NULL, 974, 3372, 3377, NULL),
(3382, '2013-05-08 23:56:54', 'pradeepb', 0, 5000, NULL, 972, 3372, 3381, NULL),
(3384, '2013-05-08 23:57:43', 'pradeepb', 0, 3000, NULL, 972, 3372, 3383, NULL),
(3385, '2013-05-08 23:57:43', 'pradeepb', 0, 2000, NULL, 973, 3372, 3383, NULL),
(3399, '2013-05-09 00:03:15', 'pradeepb', 0, 100, 1000, NULL, 3396, 3398, NULL),
(3402, '2013-05-09 00:03:15', 'pradeepb', 0, 1000, NULL, 974, 3400, 3401, NULL),
(3407, '2013-05-09 00:03:55', 'pradeepb', 0, 5000, NULL, 972, 3400, 3406, NULL),
(3408, '2013-05-09 00:03:55', 'pradeepb', 0, 2500, NULL, 973, 3400, 3406, NULL),
(3409, '2013-05-09 00:03:55', 'pradeepb', 0, 2500, NULL, 974, 3400, 3406, NULL),
(3411, '2013-05-09 00:04:40', 'pradeepb', 0, 4000, NULL, 972, 3400, 3410, NULL),
(3413, '2013-05-09 00:05:28', 'pradeepb', 0, 5000, NULL, 972, 3400, 3412, NULL),
(3414, '2013-05-09 00:05:28', 'pradeepb', 0, 4500, NULL, 973, 3400, 3412, NULL),
(3415, '2013-05-09 00:05:28', 'pradeepb', 0, 500, NULL, 974, 3400, 3412, NULL),
(3417, '2013-05-09 00:06:00', 'pradeepb', 0, 3000, NULL, 974, 3400, 3416, NULL),
(3435, '2013-05-09 00:34:55', 'pradeepb', 0, 100, 1000, NULL, 3433, 3434, NULL),
(3438, '2013-05-09 00:34:55', 'pradeepb', 0, 1000, NULL, 974, 3436, 3437, NULL),
(3442, '2013-05-09 00:38:13', 'pradeepb', 0, 6500, NULL, 972, 3436, 3441, NULL),
(3443, '2013-05-09 00:38:13', 'pradeepb', 0, 3000, NULL, 973, 3436, 3441, NULL),
(3444, '2013-05-09 00:38:13', 'pradeepb', 0, 3500, NULL, 974, 3436, 3441, NULL),
(3446, '2013-05-09 00:39:47', 'pradeepb', 0, 7500, NULL, 972, 3436, 3445, NULL),
(3447, '2013-05-09 00:39:47', 'pradeepb', 0, 1500, NULL, 973, 3436, 3445, NULL),
(3449, '2013-05-09 00:41:29', 'pradeepb', 0, 2500, NULL, 973, 3436, 3448, NULL),
(3450, '2013-05-09 00:41:29', 'pradeepb', 0, 2500, NULL, 974, 3436, 3448, NULL),
(3463, '2013-05-09 00:50:19', 'pradeepb', 0, 100, 1000, NULL, 3461, 3462, NULL),
(3466, '2013-05-09 00:50:19', 'pradeepb', 0, 5000, NULL, 974, 3464, 3465, NULL),
(3470, '2013-05-09 00:51:36', 'pradeepb', 0, 6000, NULL, 972, 3464, 3469, NULL),
(3471, '2013-05-09 00:51:36', 'pradeepb', 0, 3000, NULL, 973, 3464, 3469, NULL),
(3472, '2013-05-09 00:51:36', 'pradeepb', 0, 3000, NULL, 974, 3464, 3469, NULL),
(3474, '2013-05-09 00:52:49', 'pradeepb', 0, 500, NULL, 972, 3464, 3473, NULL),
(3487, '2013-05-09 01:03:51', 'pradeepb', 0, 100, 1000, NULL, 3485, 3486, NULL),
(3490, '2013-05-09 01:03:52', 'pradeepb', 0, 1000, NULL, 974, 3488, 3489, NULL),
(3494, '2013-05-09 01:08:51', 'pradeepb', 0, 6000, NULL, 972, 3488, 3493, NULL),
(3495, '2013-05-09 01:08:51', 'pradeepb', 0, 3000, NULL, 973, 3488, 3493, NULL),
(3496, '2013-05-09 01:08:51', 'pradeepb', 0, 3000, NULL, 974, 3488, 3493, NULL),
(3498, '2013-05-09 01:10:17', 'pradeepb', 0, 3000, 971, NULL, 3484, 3497, NULL),
(3500, '2013-05-09 01:11:19', 'pradeepb', 0, 7000, NULL, 972, 3488, 3499, NULL),
(3502, '2013-05-09 01:12:11', 'pradeepb', 0, 1000, NULL, 972, 3488, 3501, NULL),
(3503, '2013-05-09 01:12:11', 'pradeepb', 0, 4000, NULL, 973, 3488, 3501, NULL),
(3504, '2013-05-09 01:12:11', 'pradeepb', 0, 1000, NULL, 974, 3488, 3501, NULL),
(3506, '2013-05-09 01:12:50', 'pradeepb', 0, 2000, NULL, 974, 3488, 3505, NULL),
(3519, '2013-05-09 01:23:15', 'pradeepb', 0, 100, 1000, NULL, 3517, 3518, NULL),
(3522, '2013-05-09 01:23:15', 'pradeepb', 0, 1000, NULL, 974, 3520, 3521, NULL),
(3526, '2013-05-09 01:24:29', 'pradeepb', 0, 4000, NULL, 972, 3520, 3525, NULL),
(3527, '2013-05-09 01:24:29', 'pradeepb', 0, 2000, NULL, 973, 3520, 3525, NULL),
(3528, '2013-05-09 01:24:29', 'pradeepb', 0, 2000, NULL, 974, 3520, 3525, NULL),
(3530, '2013-05-09 01:25:31', 'pradeepb', 0, 6500, NULL, 972, 3520, 3529, NULL),
(3532, '2013-05-09 01:26:36', 'pradeepb', 0, 3500, NULL, 972, 3520, 3531, NULL),
(3533, '2013-05-09 01:26:36', 'pradeepb', 0, 2500, NULL, 973, 3520, 3531, NULL),
(3535, '2013-05-09 01:27:32', 'pradeepb', 0, 2500, NULL, 973, 3520, 3534, NULL),
(3536, '2013-05-09 01:27:32', 'pradeepb', 0, 1000, NULL, 974, 3520, 3534, NULL),
(3549, '2013-05-09 01:38:53', 'pradeepb', 0, 100, 1000, NULL, 3547, 3548, NULL),
(3552, '2013-05-09 01:38:53', 'pradeepb', 0, 5000, NULL, 974, 3550, 3551, NULL),
(3556, '2013-05-09 01:41:44', 'pradeepb', 0, 1500, NULL, 972, 3550, 3555, NULL),
(3557, '2013-05-09 01:41:44', 'pradeepb', 0, 500, NULL, 973, 3550, 3555, NULL),
(3558, '2013-05-09 01:41:44', 'pradeepb', 0, 1000, NULL, 974, 3550, 3555, NULL),
(3560, '2013-05-09 01:42:41', 'pradeepb', 0, 10000, NULL, 972, 3550, 3559, NULL),
(3573, '2013-05-09 01:48:06', 'pradeepb', 0, 100, 1000, NULL, 3571, 3572, NULL),
(3576, '2013-05-09 01:48:06', 'pradeepb', 0, 2000, NULL, 974, 3574, 3575, NULL),
(3580, '2013-05-09 01:50:13', 'pradeepb', 0, 3500, NULL, 972, 3574, 3579, NULL),
(3581, '2013-05-09 01:50:13', 'pradeepb', 0, 1500, NULL, 973, 3574, 3579, NULL),
(3582, '2013-05-09 01:50:13', 'pradeepb', 0, 2000, NULL, 974, 3574, 3579, NULL),
(3584, '2013-05-09 01:51:11', 'pradeepb', 0, 5000, NULL, 972, 3574, 3583, NULL),
(3586, '2013-05-09 01:53:46', 'pradeepb', 0, 4000, NULL, 972, 2748, 3585, NULL),
(3587, '2013-05-09 01:53:46', 'pradeepb', 0, 2600, NULL, 973, 2748, 3585, NULL),
(3588, '2013-05-09 01:53:46', 'pradeepb', 0, 2000, NULL, 974, 2748, 3585, NULL),
(3590, '2013-05-09 01:54:26', 'pradeepb', 0, 8000, NULL, 972, 2748, 3589, NULL),
(3592, '2013-05-09 01:55:13', 'pradeepb', 0, 2000, NULL, 972, 2748, 3591, NULL),
(3593, '2013-05-09 01:55:13', 'pradeepb', 0, 4400, NULL, 973, 2748, 3591, NULL),
(3606, '2013-05-09 02:02:56', 'pradeepb', 0, 100, 1000, NULL, 3604, 3605, NULL),
(3609, '2013-05-09 02:02:56', 'pradeepb', 0, 5000, NULL, 974, 3607, 3608, NULL),
(3613, '2013-05-09 02:04:27', 'pradeepb', 0, 1500, NULL, 972, 3607, 3612, NULL),
(3614, '2013-05-09 02:04:27', 'pradeepb', 0, 500, NULL, 973, 3607, 3612, NULL),
(3615, '2013-05-09 02:04:27', 'pradeepb', 0, 1000, NULL, 974, 3607, 3612, NULL),
(3617, '2013-05-09 02:05:24', 'pradeepb', 0, 3100, NULL, 972, 3607, 3616, NULL),
(3627, '2013-05-09 02:23:57', 'pradeepb', 0, 5000, NULL, 972, 574, 3626, NULL),
(3628, '2013-05-09 02:23:57', 'pradeepb', 0, 2500, NULL, 973, 574, 3626, NULL),
(3629, '2013-05-09 02:23:57', 'pradeepb', 0, 2500, NULL, 974, 574, 3626, NULL),
(3631, '2013-05-09 02:24:47', 'pradeepb', 0, 100, 1000, NULL, 1029, 3630, NULL),
(3633, '2013-05-09 02:25:29', 'pradeepb', 0, 2000, NULL, 972, 574, 3632, NULL),
(3635, '2013-05-09 02:26:05', 'pradeepb', 0, 4000, NULL, 972, 574, 3634, NULL),
(3637, '2013-05-09 02:27:35', 'pradeepb', 0, 3000, NULL, 972, 574, 3636, NULL),
(3638, '2013-05-09 02:27:35', 'pradeepb', 0, 4500, NULL, 973, 574, 3636, NULL),
(3639, '2013-05-09 02:27:35', 'pradeepb', 0, 500, NULL, 974, 574, 3636, NULL),
(3654, '2013-05-09 03:17:49', 'pradeepb', 0, 100, 1000, NULL, 3652, 3653, NULL),
(3673, '2013-05-09 05:49:19', 'pradeepb', 0, 100, 1000, NULL, 3671, 3672, NULL),
(3677, '2013-05-09 05:49:19', 'pradeepb', 0, 5000, NULL, 974, 3675, 3676, NULL),
(3694, '2013-05-09 06:01:41', 'pradeepb', 0, 100, 1000, NULL, 3692, 3693, NULL),
(3698, '2013-05-09 06:01:41', 'pradeepb', 0, 5000, NULL, 974, 3696, 3697, NULL),
(3715, '2013-05-09 06:07:00', 'pradeepb', 0, 100, 1000, NULL, 3713, 3714, NULL),
(3719, '2013-05-09 06:07:00', 'pradeepb', 0, 2000, NULL, 974, 3717, 3718, NULL),
(3736, '2013-05-09 07:13:17', 'pradeepb', 0, 100, 1000, NULL, 3734, 3735, NULL),
(3755, '2013-05-09 07:20:48', 'pradeepb', 0, 100, 1000, NULL, 3753, 3754, NULL),
(3759, '2013-05-09 07:20:48', 'pradeepb', 0, 5000, NULL, 974, 3757, 3758, NULL),
(3776, '2013-05-09 23:51:51', 'pradeepb', 0, 100, 1000, NULL, 3774, 3775, NULL),
(3780, '2013-05-09 23:51:51', 'pradeepb', 0, 5000, NULL, 974, 3778, 3779, NULL),
(3798, '2013-05-10 00:11:41', 'pradeepb', 0, 100, 1000, NULL, 3795, 3797, NULL),
(3802, '2013-05-10 00:11:41', 'pradeepb', 0, 5000, NULL, 974, 3800, 3801, NULL),
(3821, '2013-05-10 01:39:53', 'pradeepb', 0, 5000, NULL, 974, 3819, 3820, NULL),
(3838, '2013-05-10 01:56:21', 'pradeepb', 0, 100, 1000, NULL, 3836, 3837, NULL),
(3842, '2013-05-10 01:56:21', 'pradeepb', 0, 5000, NULL, 974, 3840, 3841, NULL),
(3859, '2013-05-10 02:06:38', 'pradeepb', 0, 100, 1000, NULL, 3857, 3858, NULL),
(3863, '2013-05-10 02:06:38', 'pradeepb', 0, 1500, NULL, 974, 3861, 3862, NULL),
(3867, '2013-05-10 02:07:42', 'pradeepb', 0, 3500, NULL, 972, 3861, 3866, NULL),
(3882, '2013-05-10 02:25:45', 'pradeepb', 0, 100, 1000, NULL, 3880, 3881, NULL),
(3886, '2013-05-10 02:25:45', 'pradeepb', 0, 5000, NULL, 974, 3884, 3885, NULL),
(3903, '2013-05-10 02:56:09', 'pradeepb', 0, 100, 1000, NULL, 3901, 3902, NULL),
(3907, '2013-05-10 02:56:09', 'pradeepb', 0, 5000, NULL, 974, 3905, 3906, NULL),
(3924, '2013-05-10 04:33:32', 'pradeepb', 0, 100, 1000, NULL, 3922, 3923, NULL),
(3928, '2013-05-10 04:33:32', 'pradeepb', 0, 3000, NULL, 974, 3926, 3927, NULL),
(3945, '2013-05-10 04:45:30', 'pradeepb', 0, 100, 1000, NULL, 3943, 3944, NULL),
(3949, '2013-05-10 04:45:30', 'pradeepb', 0, 5000, NULL, 974, 3947, 3948, NULL),
(3966, '2013-05-10 04:52:34', 'pradeepb', 0, 100, 1000, NULL, 3964, 3965, NULL),
(3970, '2013-05-10 04:52:34', 'pradeepb', 0, 5000, NULL, 974, 3968, 3969, NULL),
(3987, '2013-05-10 05:30:38', 'pradeepb', 0, 100, 1000, NULL, 3985, 3986, NULL),
(3991, '2013-05-10 05:30:38', 'pradeepb', 0, 5000, NULL, 974, 3989, 3990, NULL),
(4013, '2013-05-10 23:58:08', 'pradeepb', 0, 100, 1000, NULL, 4011, 4012, NULL),
(4017, '2013-05-10 23:58:09', 'pradeepb', 0, 5000, NULL, 974, 4015, 4016, NULL),
(4035, '2013-05-11 00:08:14', 'pradeepb', 0, 100, 1000, NULL, 4032, 4034, NULL),
(4039, '2013-05-11 00:08:14', 'pradeepb', 0, 5000, NULL, 974, 4037, 4038, NULL),
(4056, '2013-05-11 00:13:12', 'pradeepb', 0, 100, 1000, NULL, 4054, 4055, NULL),
(4060, '2013-05-11 00:13:12', 'pradeepb', 0, 5000, NULL, 974, 4058, 4059, NULL),
(4077, '2013-05-11 00:17:58', 'pradeepb', 0, 100, 1000, NULL, 4075, 4076, NULL),
(4081, '2013-05-11 00:17:58', 'pradeepb', 0, 5000, NULL, 974, 4079, 4080, NULL),
(4100, '2013-05-11 00:23:18', 'pradeepb', 0, 3500, NULL, 974, 4098, 4099, NULL),
(4117, '2013-05-11 00:30:20', 'pradeepb', 0, 100, 1000, NULL, 4115, 4116, NULL),
(4121, '2013-05-11 00:30:20', 'pradeepb', 0, 5000, NULL, 974, 4119, 4120, NULL),
(4154, '2013-05-11 01:38:24', 'pradeepb', 0, 100, 1000, NULL, 4152, 4153, NULL),
(4158, '2013-05-11 01:38:25', 'pradeepb', 0, 4000, NULL, 974, 4156, 4157, NULL),
(4185, '2013-05-11 01:52:10', 'apeironsol123', 0, 100, 1000, NULL, 4183, 4184, NULL),
(4189, '2013-05-11 01:52:10', 'apeironsol123', 0, 5000, NULL, 974, 4187, 4188, NULL),
(4198, '2013-05-11 01:52:10', 'apeironsol123', 0, 100, 1000, NULL, 4196, 4197, NULL),
(4202, '2013-05-11 01:52:10', 'apeironsol123', 0, 5000, NULL, 974, 4200, 4201, NULL),
(4219, '2013-05-11 01:58:42', 'apeironsol123', 0, 100, 1000, NULL, 4217, 4218, NULL),
(4223, '2013-05-11 01:58:42', 'apeironsol123', 0, 5000, NULL, 974, 4221, 4222, NULL),
(4246, '2013-05-11 02:05:15', 'apeironsol123', 0, 100, 1000, NULL, 4244, 4245, NULL),
(4250, '2013-05-11 02:05:15', 'apeironsol123', 0, 3100, NULL, 974, 4248, 4249, NULL),
(4268, '2013-05-11 02:05:56', 'pradeepb', 0, 100, 1000, NULL, 4266, 4267, NULL),
(4272, '2013-05-11 02:05:56', 'pradeepb', 0, 4000, NULL, 974, 4270, 4271, NULL),
(4276, '2013-05-11 02:06:01', 'apeironsol123', 0, 3000, NULL, 972, 4248, 4275, NULL),
(4293, '2013-05-11 02:10:22', 'pradeepb', 0, 100, 1000, NULL, 4291, 4292, NULL),
(4297, '2013-05-11 02:10:22', 'pradeepb', 0, 5000, NULL, 974, 4295, 4296, NULL),
(4320, '2013-05-11 02:13:48', 'apeironsol123', 0, 100, 1000, NULL, 4318, 4319, NULL),
(4324, '2013-05-11 02:13:48', 'apeironsol123', 0, 5000, NULL, 974, 4322, 4323, NULL),
(4342, '2013-05-11 02:15:05', 'pradeepb', 0, 100, 1000, NULL, 4340, 4341, NULL),
(4346, '2013-05-11 02:15:05', 'pradeepb', 0, 5000, NULL, 970, 4343, 4345, NULL),
(4348, '2013-05-11 02:15:05', 'pradeepb', 0, 5000, NULL, 974, 4344, 4347, NULL),
(4359, '2013-05-11 02:15:57', 'apeironsol123', 0, 100, 1000, NULL, 4357, 4358, NULL),
(4363, '2013-05-11 02:15:57', 'apeironsol123', 0, 3000, NULL, 974, 4361, 4362, NULL),
(4388, '2013-05-11 02:19:46', 'pradeepb', 0, 100, 1000, NULL, 4386, 4387, NULL),
(4392, '2013-05-11 02:19:46', 'pradeepb', 0, 3000, NULL, 974, 4390, 4391, NULL),
(4401, '2013-05-11 02:20:20', 'apeironsol123', 0, 100, 1000, NULL, 4399, 4400, NULL),
(4405, '2013-05-11 02:20:20', 'apeironsol123', 0, 5000, NULL, 970, 4402, 4404, NULL),
(4407, '2013-05-11 02:20:20', 'apeironsol123', 0, 5000, NULL, 974, 4403, 4406, NULL),
(4431, '2013-05-11 02:24:37', 'pradeepb', 0, 100, 1000, NULL, 4429, 4430, NULL),
(4435, '2013-05-11 02:24:37', 'pradeepb', 0, 5000, NULL, 974, 4433, 4434, NULL),
(4455, '2013-05-11 02:25:20', 'apeironsol123', 0, 100, 1000, NULL, 4453, 4454, NULL),
(4459, '2013-05-11 02:25:20', 'apeironsol123', 0, 4000, NULL, 974, 4457, 4458, NULL),
(4468, '2013-05-11 02:25:33', 'apeironsol123', 0, 100, 1000, NULL, 4466, 4467, NULL),
(4472, '2013-05-11 02:25:34', 'apeironsol123', 0, 1000, NULL, 974, 4470, 4471, NULL),
(4496, '2013-05-11 02:31:48', 'pradeepb', 0, 100, 1000, NULL, 4494, 4495, NULL),
(4500, '2013-05-11 02:31:48', 'pradeepb', 0, 7500, NULL, 970, 4497, 4499, NULL),
(4518, '2013-05-11 02:32:23', 'pradeepb', 0, 100, 1000, NULL, 4516, 4517, NULL),
(4522, '2013-05-11 02:32:23', 'pradeepb', 0, 5000, NULL, 970, 4519, 4521, NULL),
(4533, '2013-05-11 02:32:25', 'apeironsol123', 0, 100, 1000, NULL, 4531, 4532, NULL),
(4537, '2013-05-11 02:32:25', 'apeironsol123', 0, 5000, NULL, 974, 4535, 4536, NULL),
(4546, '2013-05-11 02:32:59', 'pradeepb', 0, 100, 1000, NULL, 4544, 4545, NULL),
(4550, '2013-05-11 02:32:59', 'pradeepb', 0, 3000, 971, NULL, 4541, 4549, NULL),
(4552, '2013-05-11 02:32:59', 'pradeepb', 0, 5000, NULL, 970, 4547, 4551, NULL),
(4554, '2013-05-11 02:32:59', 'pradeepb', 0, 7000, NULL, 974, 4548, 4553, NULL),
(4565, '2013-05-11 02:33:55', 'apeironsol123', 0, 100, 1000, NULL, 4563, 4564, NULL),
(4569, '2013-05-11 02:33:55', 'apeironsol123', 0, 5000, NULL, 974, 4567, 4568, NULL),
(4594, '2013-05-11 02:39:05', 'apeironsol123', 0, 100, 1000, NULL, 4592, 4593, NULL),
(4598, '2013-05-11 02:39:05', 'apeironsol123', 0, 5000, NULL, 974, 4596, 4597, NULL),
(4607, '2013-05-11 02:39:15', 'pradeepb', 0, 100, 1000, NULL, 4605, 4606, NULL),
(4611, '2013-05-11 02:39:15', 'pradeepb', 0, 5000, NULL, 970, 4608, 4610, NULL),
(4613, '2013-05-11 02:39:15', 'pradeepb', 0, 5000, NULL, 974, 4609, 4612, NULL),
(4631, '2013-05-11 02:40:49', 'apeironsol123', 0, 100, 1000, NULL, 4629, 4630, NULL),
(4635, '2013-05-11 02:40:49', 'apeironsol123', 0, 3000, NULL, 974, 4633, 4634, NULL),
(4660, '2013-05-11 02:44:39', 'apeironsol123', 0, 100, 1000, NULL, 4658, 4659, NULL),
(4664, '2013-05-11 02:44:39', 'apeironsol123', 0, 5000, NULL, 974, 4662, 4663, NULL),
(4673, '2013-05-11 02:44:44', 'pradeepb', 0, 100, 1000, NULL, 4671, 4672, NULL),
(4677, '2013-05-11 02:44:44', 'pradeepb', 0, 5000, NULL, 974, 4675, 4676, NULL),
(4711, '2013-05-11 02:50:30', 'apeironsol123', 0, 100, 1000, NULL, 4709, 4710, NULL),
(4715, '2013-05-11 02:50:30', 'apeironsol123', 0, 5000, NULL, 974, 4713, 4714, NULL),
(4729, '2013-05-11 02:51:17', 'apeironsol123', 0, 5000, NULL, 974, 4727, 4728, NULL);

-- --------------------------------------------------------

--
-- Table structure for table `STUDENT_LEVEL_FEE`
--

CREATE TABLE IF NOT EXISTS `STUDENT_LEVEL_FEE` (
  `ID` bigint(20) NOT NULL,
  `AUDIT_TIMESTAMP` datetime NOT NULL,
  `AUDIT_USER_NAME` varchar(255) NOT NULL,
  `VERSION` bigint(20) NOT NULL,
  `AMOUNT` double NOT NULL,
  `PAYMENT_FREQUENCY` varchar(50) NOT NULL,
  `BUILD_BLOCK_ID` bigint(20) NOT NULL,
  `STUDENT_ACADEMIC_YEAR_ID` bigint(20) NOT NULL,
  PRIMARY KEY (`ID`),
  KEY `FK66E3F2E7E3074AEC` (`BUILD_BLOCK_ID`),
  KEY `FK66E3F2E7AC13E29D` (`STUDENT_ACADEMIC_YEAR_ID`)
) ENGINE=MyISAM DEFAULT CHARSET=latin1;

-- --------------------------------------------------------

--
-- Table structure for table `STUDENT_LEVEL_FEE_CATALOG`
--

CREATE TABLE IF NOT EXISTS `STUDENT_LEVEL_FEE_CATALOG` (
  `ID` bigint(20) NOT NULL,
  `AUDIT_TIMESTAMP` datetime NOT NULL,
  `AUDIT_USER_NAME` varchar(255) NOT NULL,
  `VERSION` bigint(20) NOT NULL,
  `AMOUNT` double NOT NULL,
  `DUE_DATE` datetime NOT NULL,
  `BRANCH_LEVEL_FEE_ID` bigint(20) NOT NULL,
  PRIMARY KEY (`ID`),
  KEY `FK270CAEA1D59DB236` (`BRANCH_LEVEL_FEE_ID`)
) ENGINE=MyISAM DEFAULT CHARSET=latin1;

-- --------------------------------------------------------

--
-- Table structure for table `STUDENT_RELATION`
--

CREATE TABLE IF NOT EXISTS `STUDENT_RELATION` (
  `relations_ID` bigint(20) NOT NULL,
  `students_ID` bigint(20) NOT NULL,
  PRIMARY KEY (`relations_ID`,`students_ID`),
  KEY `FKA363BBA054D96F12` (`students_ID`),
  KEY `FKA363BBA0A5E8FD4A` (`relations_ID`)
) ENGINE=MyISAM DEFAULT CHARSET=latin1;

--
-- Dumping data for table `STUDENT_RELATION`
--

INSERT INTO `STUDENT_RELATION` (`relations_ID`, `students_ID`) VALUES
(230, 229),
(243, 242),
(255, 254),
(267, 266),
(279, 278),
(291, 290),
(303, 302),
(315, 314),
(327, 326),
(339, 338),
(351, 350),
(363, 362),
(375, 374),
(387, 386),
(399, 398),
(411, 410),
(423, 422),
(435, 434),
(447, 446),
(459, 458),
(471, 470),
(483, 482),
(495, 494),
(507, 506),
(519, 518),
(531, 530),
(543, 542),
(555, 554),
(567, 566),
(579, 578),
(591, 590),
(603, 602),
(615, 614),
(627, 626),
(639, 638),
(651, 650),
(663, 662),
(837, 836),
(853, 852),
(865, 864),
(877, 876),
(889, 888),
(901, 900),
(921, 920),
(933, 932),
(945, 944),
(986, 985),
(1164, 1163),
(1177, 1176),
(1194, 1193),
(1207, 1206),
(1220, 1219),
(1233, 1232),
(1246, 1245),
(2014, 2013),
(2048, 2047),
(2056, 2055),
(2102, 2101),
(2119, 2118),
(2149, 2148),
(2178, 2177),
(2208, 2207),
(2235, 2234),
(2259, 2258),
(2289, 2288),
(2317, 2316),
(2351, 2350),
(2380, 2379),
(2406, 2405),
(2432, 2431),
(2463, 2462),
(2487, 2486),
(2515, 2514),
(2547, 2546),
(2571, 2570),
(2605, 2604),
(2638, 2637),
(2670, 2669),
(2702, 2701),
(2729, 2728),
(2737, 2736),
(2755, 2754),
(2788, 2787),
(2815, 2814),
(2824, 2823),
(2850, 2849),
(2881, 2880),
(2912, 2911),
(2942, 2941),
(2969, 2968),
(2996, 2995),
(3014, 3013),
(3044, 3043),
(3075, 3074),
(3109, 3108),
(3135, 3134),
(3163, 3162),
(3192, 3191),
(3216, 3215),
(3240, 3239),
(3278, 3277),
(3305, 3304),
(3332, 3331),
(3361, 3360),
(3388, 3387),
(3425, 3424),
(3453, 3452),
(3477, 3476),
(3509, 3508),
(3539, 3538),
(3563, 3562),
(3596, 3595),
(3642, 3641),
(3661, 3660),
(3682, 3681),
(3703, 3702),
(3724, 3723),
(3743, 3742),
(3764, 3763),
(3785, 3784),
(3807, 3806),
(3826, 3825),
(3847, 3846),
(3870, 3869),
(3891, 3890),
(3912, 3911),
(3933, 3932),
(3954, 3953),
(3975, 3974),
(3996, 3995),
(4022, 4021),
(4044, 4043),
(4065, 4064),
(4086, 4085),
(4105, 4104),
(4142, 4141),
(4163, 4162),
(4173, 4171),
(4207, 4206),
(4228, 4227),
(4236, 4235),
(4255, 4254),
(4256, 4254),
(4281, 4280),
(4302, 4301),
(4310, 4309),
(4329, 4328),
(4330, 4328),
(4368, 4367),
(4373, 4372),
(4412, 4411),
(4417, 4416),
(4418, 4416),
(4440, 4439),
(4441, 4439),
(4477, 4476),
(4485, 4484),
(4486, 4484),
(4509, 4508),
(4510, 4508),
(4574, 4573),
(4579, 4578),
(4618, 4617),
(4619, 4617),
(4640, 4639),
(4646, 4645),
(4682, 4681);

-- --------------------------------------------------------

--
-- Table structure for table `STUDENT_SECTION`
--

CREATE TABLE IF NOT EXISTS `STUDENT_SECTION` (
  `ID` bigint(20) NOT NULL,
  `AUDIT_TIMESTAMP` datetime NOT NULL,
  `AUDIT_USER_NAME` varchar(255) NOT NULL,
  `VERSION` bigint(20) NOT NULL,
  `ACTION_DATE` date NOT NULL,
  `SEQUENCE_NR` int(11) NOT NULL,
  `STUDENT_SECTION_STATUS` varchar(255) NOT NULL,
  `PREVS_STU_SEC_ID` bigint(20) DEFAULT NULL,
  `SECTION_ID` bigint(20) NOT NULL,
  `STUDENT_ACADEMIC_YEAR_ID` bigint(20) NOT NULL,
  PRIMARY KEY (`ID`),
  UNIQUE KEY `STUDENT_ACADEMIC_YEAR_ID` (`STUDENT_ACADEMIC_YEAR_ID`,`SECTION_ID`),
  KEY `FKDEDE74A1AC13E29D` (`STUDENT_ACADEMIC_YEAR_ID`),
  KEY `FKDEDE74A1C7C9134F` (`SECTION_ID`),
  KEY `FKDEDE74A136337008` (`PREVS_STU_SEC_ID`)
) ENGINE=MyISAM DEFAULT CHARSET=latin1;

--
-- Dumping data for table `STUDENT_SECTION`
--

INSERT INTO `STUDENT_SECTION` (`ID`, `AUDIT_TIMESTAMP`, `AUDIT_USER_NAME`, `VERSION`, `ACTION_DATE`, `SEQUENCE_NR`, `STUDENT_SECTION_STATUS`, `PREVS_STU_SEC_ID`, `SECTION_ID`, `STUDENT_ACADEMIC_YEAR_ID`) VALUES
(236, '2013-04-15 01:37:21', 'pradeepb', 0, '2013-04-15', 1, 'ACTIVE', NULL, 146, 233),
(248, '2013-04-15 01:45:10', 'pradeepb', 0, '2013-04-15', 1, 'ACTIVE', NULL, 146, 246),
(260, '2013-04-15 01:52:52', 'pradeepb', 0, '2013-04-15', 1, 'ACTIVE', NULL, 146, 258),
(272, '2013-04-15 08:54:10', 'pradeepb', 0, '2013-04-15', 1, 'ACTIVE', NULL, 146, 270),
(284, '2013-04-15 09:00:16', 'pradeepb', 0, '2013-04-15', 1, 'ACTIVE', NULL, 146, 282),
(296, '2013-04-15 09:04:12', 'pradeepb', 0, '2013-04-15', 1, 'ACTIVE', NULL, 146, 294),
(308, '2013-04-15 09:14:03', 'pradeepb', 0, '2013-04-15', 1, 'ACTIVE', NULL, 146, 306),
(320, '2013-04-15 09:18:16', 'pradeepb', 0, '2013-04-15', 1, 'ACTIVE', NULL, 146, 318),
(332, '2013-04-15 09:24:26', 'pradeepb', 0, '2013-04-15', 1, 'ACTIVE', NULL, 146, 330),
(344, '2013-04-15 09:29:57', 'pradeepb', 0, '2013-04-15', 1, 'ACTIVE', NULL, 146, 342),
(356, '2013-04-15 22:59:38', 'pradeepb', 0, '2013-04-15', 1, 'ACTIVE', NULL, 146, 354),
(368, '2013-04-15 23:08:12', 'pradeepb', 0, '2013-04-15', 1, 'ACTIVE', NULL, 146, 366),
(380, '2013-04-15 23:15:19', 'pradeepb', 0, '2013-04-15', 1, 'ACTIVE', NULL, 146, 378),
(392, '2013-04-15 23:34:14', 'pradeepb', 0, '2013-04-15', 1, 'ACTIVE', NULL, 146, 390),
(404, '2013-04-15 23:38:35', 'pradeepb', 0, '2013-04-15', 1, 'ACTIVE', NULL, 146, 402),
(416, '2013-04-15 23:43:40', 'pradeepb', 0, '2013-04-15', 1, 'ACTIVE', NULL, 146, 414),
(428, '2013-04-15 23:47:52', 'pradeepb', 0, '2013-04-15', 1, 'ACTIVE', NULL, 146, 426),
(440, '2013-04-15 23:52:17', 'pradeepb', 0, '2013-04-15', 1, 'ACTIVE', NULL, 146, 438),
(452, '2013-04-15 23:57:22', 'pradeepb', 0, '2013-04-15', 1, 'ACTIVE', NULL, 146, 450),
(464, '2013-04-16 00:01:25', 'pradeepb', 0, '2013-04-16', 1, 'ACTIVE', NULL, 146, 462),
(476, '2013-04-16 00:06:58', 'pradeepb', 0, '2013-04-16', 1, 'ACTIVE', NULL, 146, 474),
(488, '2013-04-16 00:10:39', 'pradeepb', 0, '2013-04-16', 1, 'ACTIVE', NULL, 146, 486),
(500, '2013-04-16 00:18:13', 'pradeepb', 0, '2013-04-16', 1, 'ACTIVE', NULL, 146, 498),
(512, '2013-04-16 00:22:43', 'pradeepb', 0, '2013-04-16', 1, 'ACTIVE', NULL, 146, 510),
(524, '2013-04-16 00:27:07', 'pradeepb', 0, '2013-04-16', 1, 'ACTIVE', NULL, 146, 522),
(536, '2013-04-16 00:31:03', 'pradeepb', 0, '2013-04-16', 1, 'ACTIVE', NULL, 146, 534),
(548, '2013-04-16 00:36:06', 'pradeepb', 0, '2013-04-16', 1, 'ACTIVE', NULL, 146, 546),
(560, '2013-04-16 00:39:27', 'pradeepb', 0, '2013-04-16', 1, 'ACTIVE', NULL, 146, 558),
(572, '2013-04-16 00:56:04', 'pradeepb', 0, '2013-04-16', 1, 'ACTIVE', NULL, 146, 570),
(584, '2013-04-16 01:01:16', 'pradeepb', 0, '2013-04-16', 1, 'ACTIVE', NULL, 146, 582),
(596, '2013-04-16 01:06:23', 'pradeepb', 0, '2013-04-16', 1, 'ACTIVE', NULL, 146, 594),
(608, '2013-04-16 01:12:10', 'pradeepb', 0, '2013-04-16', 1, 'ACTIVE', NULL, 146, 606),
(620, '2013-04-16 01:18:07', 'pradeepb', 0, '2013-04-16', 1, 'ACTIVE', NULL, 146, 618),
(632, '2013-04-16 01:23:11', 'pradeepb', 0, '2013-04-16', 1, 'ACTIVE', NULL, 146, 630),
(644, '2013-04-16 01:26:54', 'pradeepb', 0, '2013-04-16', 1, 'ACTIVE', NULL, 146, 642),
(656, '2013-04-16 04:53:26', 'pradeepb', 0, '2013-04-16', 1, 'ACTIVE', NULL, 146, 654),
(668, '2013-04-16 05:01:19', 'pradeepb', 0, '2013-04-16', 1, 'ACTIVE', NULL, 146, 666),
(842, '2013-04-18 23:40:31', 'pradeepb', 0, '2013-04-18', 1, 'ACTIVE', NULL, 146, 840),
(858, '2013-04-18 23:52:02', 'pradeepb', 0, '2013-04-18', 1, 'ACTIVE', NULL, 146, 856),
(870, '2013-04-18 23:57:49', 'pradeepb', 0, '2013-04-18', 1, 'ACTIVE', NULL, 146, 868),
(882, '2013-04-19 00:16:57', 'pradeepb', 0, '2013-04-19', 1, 'ACTIVE', NULL, 146, 880),
(894, '2013-04-19 00:28:52', 'pradeepb', 0, '2013-04-19', 1, 'ACTIVE', NULL, 146, 892),
(914, '2013-04-19 23:46:57', 'pradeepb', 0, '2013-04-19', 1, 'ACTIVE', NULL, 146, 912),
(926, '2013-04-19 23:55:03', 'pradeepb', 0, '2013-04-19', 1, 'ACTIVE', NULL, 146, 924),
(938, '2013-04-20 00:05:42', 'pradeepb', 0, '2013-04-20', 1, 'ACTIVE', NULL, 146, 936),
(950, '2013-04-20 00:15:56', 'pradeepb', 0, '2013-04-20', 1, 'ACTIVE', NULL, 146, 948),
(991, '2013-04-20 02:21:31', 'pradeepb', 0, '2013-04-20', 1, 'ACTIVE', NULL, 146, 989),
(1169, '2013-04-23 00:44:53', 'pradeepb', 0, '2013-04-23', 1, 'ACTIVE', NULL, 146, 1167),
(1182, '2013-04-23 01:03:33', 'pradeepb', 0, '2013-04-23', 1, 'ACTIVE', NULL, 146, 1180),
(1199, '2013-04-23 02:43:09', 'pradeepb', 0, '2013-04-23', 1, 'ACTIVE', NULL, 146, 1197),
(1212, '2013-04-23 02:51:27', 'pradeepb', 0, '2013-04-23', 1, 'ACTIVE', NULL, 146, 1210),
(1225, '2013-04-23 07:30:49', 'pradeepb', 0, '2013-04-23', 1, 'ACTIVE', NULL, 146, 1223),
(1238, '2013-04-23 07:37:25', 'pradeepb', 0, '2013-04-23', 1, 'ACTIVE', NULL, 146, 1236),
(1251, '2013-04-23 08:02:28', 'pradeepb', 0, '2013-04-23', 1, 'ACTIVE', NULL, 146, 1249),
(2020, '2013-05-03 02:18:44', 'pradeepb', 0, '2013-05-03', 1, 'ACTIVE', NULL, 152, 2018),
(2062, '2013-05-03 05:24:45', 'pradeepb', 0, '2013-05-03', 1, 'ACTIVE', NULL, 152, 2052),
(2086, '2013-05-03 05:31:59', 'pradeepb', 0, '2013-05-03', 1, 'ACTIVE', NULL, 152, 2060),
(2125, '2013-05-03 05:51:44', 'pradeepb', 0, '2013-05-03', 1, 'ACTIVE', NULL, 152, 2123),
(2155, '2013-05-03 06:09:07', 'pradeepb', 0, '2013-05-03', 1, 'ACTIVE', NULL, 152, 2153),
(2184, '2013-05-03 06:46:05', 'pradeepb', 0, '2013-05-03', 1, 'ACTIVE', NULL, 152, 2182),
(2214, '2013-05-03 07:17:57', 'pradeepb', 0, '2013-05-03', 1, 'ACTIVE', NULL, 152, 2212),
(2241, '2013-05-03 07:26:48', 'pradeepb', 0, '2013-05-03', 1, 'ACTIVE', NULL, 152, 2239),
(2265, '2013-05-03 07:33:40', 'pradeepb', 0, '2013-05-03', 1, 'ACTIVE', NULL, 152, 2263),
(2295, '2013-05-03 07:43:20', 'pradeepb', 0, '2013-05-03', 1, 'ACTIVE', NULL, 152, 2293),
(2323, '2013-05-03 07:56:00', 'pradeepb', 0, '2013-05-03', 1, 'ACTIVE', NULL, 152, 2321),
(2357, '2013-05-04 00:28:45', 'pradeepb', 0, '2013-05-04', 1, 'ACTIVE', NULL, 152, 2355),
(2386, '2013-05-04 01:02:44', 'pradeepb', 0, '2013-05-04', 1, 'ACTIVE', NULL, 152, 2384),
(2412, '2013-05-04 01:12:07', 'pradeepb', 0, '2013-05-04', 1, 'ACTIVE', NULL, 146, 2410),
(2438, '2013-05-04 07:04:36', 'pradeepb', 0, '2013-05-04', 1, 'ACTIVE', NULL, 152, 2436),
(2469, '2013-05-04 07:27:05', 'pradeepb', 0, '2013-05-04', 1, 'ACTIVE', NULL, 152, 2467),
(2493, '2013-05-04 07:35:42', 'pradeepb', 0, '2013-05-04', 1, 'ACTIVE', NULL, 152, 2491),
(2521, '2013-05-04 08:06:50', 'pradeepb', 0, '2013-05-04', 1, 'ACTIVE', NULL, 152, 2519),
(2553, '2013-05-04 08:25:21', 'pradeepb', 0, '2013-05-04', 1, 'ACTIVE', NULL, 152, 2551),
(2577, '2013-05-04 08:37:16', 'pradeepb', 0, '2013-05-04', 1, 'ACTIVE', NULL, 152, 2575),
(2611, '2013-05-06 01:17:46', 'pradeepb', 0, '2013-05-06', 1, 'ACTIVE', NULL, 152, 2609),
(2644, '2013-05-06 06:07:08', 'pradeepb', 0, '2013-05-06', 1, 'ACTIVE', NULL, 152, 2642),
(2676, '2013-05-06 06:32:05', 'pradeepb', 0, '2013-05-06', 1, 'ACTIVE', NULL, 152, 2674),
(2708, '2013-05-07 02:43:38', 'pradeepb', 0, '2013-05-07', 1, 'ACTIVE', NULL, 152, 2706),
(2743, '2013-05-07 05:15:44', 'pradeepb', 0, '2013-05-07', 1, 'ACTIVE', NULL, 152, 2741),
(2761, '2013-05-07 05:23:56', 'pradeepb', 0, '2013-05-07', 1, 'ACTIVE', NULL, 152, 2759),
(2794, '2013-05-07 05:41:49', 'pradeepb', 0, '2013-05-07', 1, 'ACTIVE', NULL, 152, 2792),
(2830, '2013-05-07 06:38:52', 'pradeepb', 0, '2013-05-07', 1, 'ACTIVE', NULL, 152, 2828),
(2856, '2013-05-07 23:54:23', 'pradeepb', 0, '2013-05-07', 1, 'ACTIVE', NULL, 152, 2854),
(2887, '2013-05-08 00:04:04', 'pradeepb', 0, '2013-05-08', 1, 'ACTIVE', NULL, 152, 2885),
(2918, '2013-05-08 01:47:14', 'pradeepb', 0, '2013-05-08', 1, 'ACTIVE', NULL, 146, 2916),
(2948, '2013-05-08 02:04:43', 'pradeepb', 0, '2013-05-08', 1, 'ACTIVE', NULL, 152, 2946),
(2975, '2013-05-08 02:18:53', 'pradeepb', 0, '2013-05-08', 1, 'ACTIVE', NULL, 152, 2973),
(3002, '2013-05-08 02:28:35', 'pradeepb', 0, '2013-05-08', 1, 'ACTIVE', NULL, 152, 3000),
(3020, '2013-05-08 02:50:47', 'pradeepb', 0, '2013-05-08', 1, 'ACTIVE', NULL, 152, 3018),
(3050, '2013-05-08 03:30:29', 'pradeepb', 0, '2013-05-08', 1, 'ACTIVE', NULL, 152, 3048),
(3081, '2013-05-08 05:12:54', 'pradeepb', 0, '2013-05-08', 1, 'ACTIVE', NULL, 152, 3079),
(3115, '2013-05-08 05:43:45', 'pradeepb', 0, '2013-05-08', 1, 'ACTIVE', NULL, 152, 3113),
(3141, '2013-05-08 06:55:52', 'pradeepb', 0, '2013-05-08', 1, 'ACTIVE', NULL, 152, 3139),
(3169, '2013-05-08 07:28:00', 'pradeepb', 0, '2013-05-08', 1, 'ACTIVE', NULL, 152, 3167),
(3198, '2013-05-08 07:38:55', 'pradeepb', 0, '2013-05-08', 1, 'ACTIVE', NULL, 152, 3196),
(3222, '2013-05-08 07:48:31', 'pradeepb', 0, '2013-05-08', 1, 'ACTIVE', NULL, 152, 3220),
(3246, '2013-05-08 07:55:31', 'pradeepb', 0, '2013-05-08', 1, 'ACTIVE', NULL, 152, 3244),
(3284, '2013-05-08 08:04:43', 'pradeepb', 0, '2013-05-08', 1, 'ACTIVE', NULL, 152, 3282),
(3311, '2013-05-08 23:36:26', 'pradeepb', 0, '2013-05-08', 1, 'ACTIVE', NULL, 152, 3309),
(3338, '2013-05-08 23:45:48', 'pradeepb', 0, '2013-05-08', 1, 'ACTIVE', NULL, 152, 3336),
(3367, '2013-05-08 23:55:17', 'pradeepb', 0, '2013-05-08', 1, 'ACTIVE', NULL, 152, 3365),
(3394, '2013-05-09 00:03:15', 'pradeepb', 0, '2013-05-09', 1, 'ACTIVE', NULL, 152, 3392),
(3431, '2013-05-09 00:34:55', 'pradeepb', 0, '2013-05-09', 1, 'ACTIVE', NULL, 152, 3429),
(3459, '2013-05-09 00:50:19', 'pradeepb', 0, '2013-05-09', 1, 'ACTIVE', NULL, 152, 3457),
(3483, '2013-05-09 01:03:51', 'pradeepb', 0, '2013-05-09', 1, 'ACTIVE', NULL, 152, 3481),
(3515, '2013-05-09 01:23:15', 'pradeepb', 0, '2013-05-09', 1, 'ACTIVE', NULL, 152, 3513),
(3545, '2013-05-09 01:38:53', 'pradeepb', 0, '2013-05-09', 1, 'ACTIVE', NULL, 152, 3543),
(3569, '2013-05-09 01:48:06', 'pradeepb', 0, '2013-05-09', 1, 'ACTIVE', NULL, 152, 3567),
(3602, '2013-05-09 02:02:56', 'pradeepb', 0, '2013-05-09', 1, 'ACTIVE', NULL, 152, 3600),
(3648, '2013-05-09 03:17:49', 'pradeepb', 0, '2013-05-09', 1, 'ACTIVE', NULL, 157, 3646),
(3667, '2013-05-09 05:49:19', 'pradeepb', 0, '2013-05-09', 1, 'ACTIVE', NULL, 157, 3665),
(3688, '2013-05-09 06:01:41', 'pradeepb', 0, '2013-05-09', 1, 'ACTIVE', NULL, 157, 3686),
(3709, '2013-05-09 06:07:00', 'pradeepb', 0, '2013-05-09', 1, 'ACTIVE', NULL, 157, 3707),
(3730, '2013-05-09 07:13:17', 'pradeepb', 0, '2013-05-09', 1, 'ACTIVE', NULL, 157, 3728),
(3749, '2013-05-09 07:20:48', 'pradeepb', 0, '2013-05-09', 1, 'ACTIVE', NULL, 157, 3747),
(3770, '2013-05-09 23:51:51', 'pradeepb', 0, '2013-05-09', 1, 'ACTIVE', NULL, 157, 3768),
(3791, '2013-05-10 00:11:41', 'pradeepb', 0, '2013-05-10', 1, 'ACTIVE', NULL, 157, 3789),
(3813, '2013-05-10 01:39:52', 'pradeepb', 0, '2013-05-10', 1, 'ACTIVE', NULL, 157, 3810),
(3832, '2013-05-10 01:56:21', 'pradeepb', 0, '2013-05-10', 1, 'ACTIVE', NULL, 157, 3830),
(3853, '2013-05-10 02:06:38', 'pradeepb', 0, '2013-05-10', 1, 'ACTIVE', NULL, 157, 3851),
(3876, '2013-05-10 02:25:45', 'pradeepb', 0, '2013-05-10', 1, 'ACTIVE', NULL, 157, 3874),
(3897, '2013-05-10 02:56:08', 'pradeepb', 0, '2013-05-10', 1, 'ACTIVE', NULL, 157, 3895),
(3918, '2013-05-10 04:33:32', 'pradeepb', 0, '2013-05-10', 1, 'ACTIVE', NULL, 157, 3916),
(3939, '2013-05-10 04:45:30', 'pradeepb', 0, '2013-05-10', 1, 'ACTIVE', NULL, 157, 3937),
(3960, '2013-05-10 04:52:34', 'pradeepb', 0, '2013-05-10', 1, 'ACTIVE', NULL, 157, 3958),
(3981, '2013-05-10 05:30:38', 'pradeepb', 0, '2013-05-10', 1, 'ACTIVE', NULL, 157, 3979),
(4007, '2013-05-10 23:58:08', 'pradeepb', 0, '2013-05-10', 1, 'ACTIVE', NULL, 157, 4005),
(4028, '2013-05-11 00:08:14', 'pradeepb', 0, '2013-05-11', 1, 'ACTIVE', NULL, 157, 4026),
(4050, '2013-05-11 00:13:12', 'pradeepb', 0, '2013-05-11', 1, 'ACTIVE', NULL, 157, 4048),
(4071, '2013-05-11 00:17:58', 'pradeepb', 0, '2013-05-11', 1, 'ACTIVE', NULL, 157, 4069),
(4092, '2013-05-11 00:23:18', 'pradeepb', 0, '2013-05-11', 1, 'ACTIVE', NULL, 157, 4089),
(4111, '2013-05-11 00:30:20', 'pradeepb', 0, '2013-05-11', 1, 'ACTIVE', NULL, 157, 4109),
(4148, '2013-05-11 01:38:24', 'pradeepb', 0, '2013-05-11', 1, 'ACTIVE', NULL, 157, 4146),
(4179, '2013-05-11 01:52:09', 'apeironsol123', 0, '2013-05-11', 1, 'ACTIVE', NULL, 117, 4168),
(4192, '2013-05-11 01:52:10', 'apeironsol123', 0, '2013-05-11', 1, 'ACTIVE', NULL, 117, 4177),
(4213, '2013-05-11 01:58:42', 'apeironsol123', 0, '2013-05-11', 1, 'ACTIVE', NULL, 117, 4211),
(4240, '2013-05-11 02:05:15', 'apeironsol123', 0, '2013-05-11', 1, 'ACTIVE', NULL, 117, 4232),
(4262, '2013-05-11 02:05:56', 'pradeepb', 0, '2013-05-11', 1, 'ACTIVE', NULL, 157, 4259),
(4287, '2013-05-11 02:10:22', 'pradeepb', 0, '2013-05-11', 1, 'ACTIVE', NULL, 157, 4285),
(4314, '2013-05-11 02:13:48', 'apeironsol123', 0, '2013-05-11', 1, 'ACTIVE', NULL, 117, 4306),
(4336, '2013-05-11 02:15:05', 'pradeepb', 0, '2013-05-11', 1, 'ACTIVE', NULL, 157, 4333),
(4353, '2013-05-11 02:15:57', 'apeironsol123', 0, '2013-05-11', 1, 'ACTIVE', NULL, 117, 4351),
(4382, '2013-05-11 02:19:46', 'pradeepb', 0, '2013-05-11', 1, 'ACTIVE', NULL, 157, 4378),
(4395, '2013-05-11 02:20:20', 'apeironsol123', 0, '2013-05-11', 1, 'ACTIVE', NULL, 117, 4380),
(4425, '2013-05-11 02:24:37', 'pradeepb', 0, '2013-05-11', 1, 'ACTIVE', NULL, 157, 4423),
(4449, '2013-05-11 02:25:20', 'apeironsol123', 0, '2013-05-11', 1, 'ACTIVE', NULL, 117, 4444),
(4462, '2013-05-11 02:25:33', 'apeironsol123', 0, '2013-05-11', 1, 'ACTIVE', NULL, 117, 4447),
(4490, '2013-05-11 02:31:48', 'pradeepb', 0, '2013-05-11', 1, 'ACTIVE', NULL, 157, 4481),
(4527, '2013-05-11 02:32:25', 'apeironsol123', 0, '2013-05-11', 1, 'ACTIVE', NULL, 117, 4505),
(4559, '2013-05-11 02:33:55', 'apeironsol123', 0, '2013-05-11', 1, 'ACTIVE', NULL, 117, 4557),
(4588, '2013-05-11 02:39:04', 'apeironsol123', 0, '2013-05-11', 1, 'ACTIVE', NULL, 117, 4584),
(4601, '2013-05-11 02:39:15', 'pradeepb', 0, '2013-05-11', 1, 'ACTIVE', NULL, 157, 4586),
(4625, '2013-05-11 02:40:49', 'apeironsol123', 0, '2013-05-11', 1, 'ACTIVE', NULL, 117, 4623),
(4654, '2013-05-11 02:44:39', 'apeironsol123', 0, '2013-05-11', 1, 'ACTIVE', NULL, 117, 4650),
(4667, '2013-05-11 02:44:44', 'pradeepb', 0, '2013-05-11', 1, 'ACTIVE', NULL, 157, 4652),
(4705, '2013-05-11 02:50:30', 'apeironsol123', 0, '2013-05-11', 1, 'ACTIVE', NULL, 117, 4702),
(4721, '2013-05-11 02:51:17', 'apeironsol123', 0, '2013-05-11', 1, 'ACTIVE', NULL, 117, 4718);

-- --------------------------------------------------------

--
-- Table structure for table `STUDENT_STATUS_HISTORY`
--

CREATE TABLE IF NOT EXISTS `STUDENT_STATUS_HISTORY` (
  `ID` bigint(20) NOT NULL,
  `AUDIT_TIMESTAMP` datetime NOT NULL,
  `AUDIT_USER_NAME` varchar(255) NOT NULL,
  `VERSION` bigint(20) NOT NULL,
  `ACTION` varchar(255) DEFAULT NULL,
  `ACTION_TAKEN_BY` varchar(40) DEFAULT NULL,
  `ACTION_TAKEN_TIME` datetime NOT NULL,
  `COMMENTS` longtext,
  `STUDENT_ID` bigint(20) NOT NULL,
  PRIMARY KEY (`ID`),
  KEY `FK9F20CFCB8AED4B8F` (`STUDENT_ID`)
) ENGINE=MyISAM DEFAULT CHARSET=latin1;

--
-- Dumping data for table `STUDENT_STATUS_HISTORY`
--

INSERT INTO `STUDENT_STATUS_HISTORY` (`ID`, `AUDIT_TIMESTAMP`, `AUDIT_USER_NAME`, `VERSION`, `ACTION`, `ACTION_TAKEN_BY`, `ACTION_TAKEN_TIME`, `COMMENTS`, `STUDENT_ID`) VALUES
(231, '2013-04-15 01:35:53', 'pradeepb', 0, 'Submitted', 'pradeepb', '2013-04-15 01:35:52', 'Admission Submitted', 229),
(232, '2013-04-15 01:36:30', 'pradeepb', 0, 'Reviewed', 'pradeepb', '2013-04-15 01:36:30', 'OLD ADM', 229),
(234, '2013-04-15 01:36:44', 'pradeepb', 0, 'Accepted', 'pradeepb', '2013-04-15 01:36:44', 'OLD ADM', 229),
(240, '2013-04-15 01:37:22', 'pradeepb', 0, 'Admitted', 'pradeepb', '2013-04-15 01:37:22', 'Student Admitted', 229),
(244, '2013-04-15 01:43:40', 'pradeepb', 0, 'Submitted', 'pradeepb', '2013-04-15 01:43:40', 'Admission Submitted', 242),
(245, '2013-04-15 01:44:07', 'pradeepb', 0, 'Reviewed', 'pradeepb', '2013-04-15 01:44:07', 'OLD ADM', 242),
(247, '2013-04-15 01:44:40', 'pradeepb', 0, 'Accepted', 'pradeepb', '2013-04-15 01:44:40', 'OLD ADM', 242),
(252, '2013-04-15 01:45:11', 'pradeepb', 0, 'Admitted', 'pradeepb', '2013-04-15 01:45:11', 'Student Admitted', 242),
(256, '2013-04-15 01:51:29', 'pradeepb', 0, 'Submitted', 'pradeepb', '2013-04-15 01:51:29', 'Admission Submitted', 254),
(257, '2013-04-15 01:52:01', 'pradeepb', 0, 'Reviewed', 'pradeepb', '2013-04-15 01:52:01', 'OLD ADM', 254),
(259, '2013-04-15 01:52:33', 'pradeepb', 0, 'Accepted', 'pradeepb', '2013-04-15 01:52:33', 'OLD ADM', 254),
(264, '2013-04-15 01:52:53', 'pradeepb', 0, 'Admitted', 'pradeepb', '2013-04-15 01:52:53', 'Student Admitted', 254),
(268, '2013-04-15 08:53:20', 'pradeepb', 0, 'Submitted', 'pradeepb', '2013-04-15 08:53:20', 'Admission Submitted', 266),
(269, '2013-04-15 08:53:37', 'pradeepb', 0, 'Reviewed', 'pradeepb', '2013-04-15 08:53:37', 'OLD ADM', 266),
(271, '2013-04-15 08:53:51', 'pradeepb', 0, 'Accepted', 'pradeepb', '2013-04-15 08:53:51', 'OLD ADM', 266),
(276, '2013-04-15 08:54:11', 'pradeepb', 0, 'Admitted', 'pradeepb', '2013-04-15 08:54:11', 'Student Admitted', 266),
(280, '2013-04-15 08:59:32', 'pradeepb', 0, 'Submitted', 'pradeepb', '2013-04-15 08:59:32', 'Admission Submitted', 278),
(281, '2013-04-15 08:59:46', 'pradeepb', 0, 'Reviewed', 'pradeepb', '2013-04-15 08:59:46', 'OLD ADM', 278),
(283, '2013-04-15 09:00:02', 'pradeepb', 0, 'Accepted', 'pradeepb', '2013-04-15 09:00:02', 'OLD ADM', 278),
(288, '2013-04-15 09:00:17', 'pradeepb', 0, 'Admitted', 'pradeepb', '2013-04-15 09:00:17', 'Student Admitted', 278),
(292, '2013-04-15 09:03:17', 'pradeepb', 0, 'Submitted', 'pradeepb', '2013-04-15 09:03:17', 'Admission Submitted', 290),
(293, '2013-04-15 09:03:33', 'pradeepb', 0, 'Reviewed', 'pradeepb', '2013-04-15 09:03:33', 'OLD ADM', 290),
(295, '2013-04-15 09:03:48', 'pradeepb', 0, 'Accepted', 'pradeepb', '2013-04-15 09:03:48', 'OLD ADM', 290),
(300, '2013-04-15 09:04:12', 'pradeepb', 0, 'Admitted', 'pradeepb', '2013-04-15 09:04:12', 'Student Admitted', 290),
(304, '2013-04-15 09:13:18', 'pradeepb', 0, 'Submitted', 'pradeepb', '2013-04-15 09:13:18', 'Admission Submitted', 302),
(305, '2013-04-15 09:13:38', 'pradeepb', 0, 'Reviewed', 'pradeepb', '2013-04-15 09:13:38', 'OLD ADM', 302),
(307, '2013-04-15 09:13:52', 'pradeepb', 0, 'Accepted', 'pradeepb', '2013-04-15 09:13:52', 'OLD ADM', 302),
(312, '2013-04-15 09:14:04', 'pradeepb', 0, 'Admitted', 'pradeepb', '2013-04-15 09:14:04', 'Student Admitted', 302),
(316, '2013-04-15 09:17:39', 'pradeepb', 0, 'Submitted', 'pradeepb', '2013-04-15 09:17:39', 'Admission Submitted', 314),
(317, '2013-04-15 09:17:52', 'pradeepb', 0, 'Reviewed', 'pradeepb', '2013-04-15 09:17:52', 'OLD ADM', 314),
(319, '2013-04-15 09:18:04', 'pradeepb', 0, 'Accepted', 'pradeepb', '2013-04-15 09:18:04', 'OLD ADM', 314),
(324, '2013-04-15 09:18:16', 'pradeepb', 0, 'Admitted', 'pradeepb', '2013-04-15 09:18:16', 'Student Admitted', 314),
(328, '2013-04-15 09:23:45', 'pradeepb', 0, 'Submitted', 'pradeepb', '2013-04-15 09:23:45', 'Admission Submitted', 326),
(329, '2013-04-15 09:24:03', 'pradeepb', 0, 'Reviewed', 'pradeepb', '2013-04-15 09:24:03', 'OLD ADM', 326),
(331, '2013-04-15 09:24:14', 'pradeepb', 0, 'Accepted', 'pradeepb', '2013-04-15 09:24:14', 'OLD ADM', 326),
(336, '2013-04-15 09:24:26', 'pradeepb', 0, 'Admitted', 'pradeepb', '2013-04-15 09:24:26', 'Student Admitted', 326),
(340, '2013-04-15 09:29:13', 'pradeepb', 0, 'Submitted', 'pradeepb', '2013-04-15 09:29:13', 'Admission Submitted', 338),
(341, '2013-04-15 09:29:25', 'pradeepb', 0, 'Reviewed', 'pradeepb', '2013-04-15 09:29:25', 'OLD ADM', 338),
(343, '2013-04-15 09:29:45', 'pradeepb', 0, 'Accepted', 'pradeepb', '2013-04-15 09:29:45', 'OLD ADM', 338),
(348, '2013-04-15 09:29:58', 'pradeepb', 0, 'Admitted', 'pradeepb', '2013-04-15 09:29:58', 'Student Admitted', 338),
(352, '2013-04-15 22:58:51', 'pradeepb', 0, 'Submitted', 'pradeepb', '2013-04-15 22:58:51', 'Admission Submitted', 350),
(353, '2013-04-15 22:59:12', 'pradeepb', 0, 'Reviewed', 'pradeepb', '2013-04-15 22:59:12', 'OLD ADM', 350),
(355, '2013-04-15 22:59:23', 'pradeepb', 0, 'Accepted', 'pradeepb', '2013-04-15 22:59:23', 'OLD ADM', 350),
(360, '2013-04-15 22:59:39', 'pradeepb', 0, 'Admitted', 'pradeepb', '2013-04-15 22:59:39', 'Student Admitted', 350),
(364, '2013-04-15 23:07:12', 'pradeepb', 0, 'Submitted', 'pradeepb', '2013-04-15 23:07:12', 'Admission Submitted', 362),
(365, '2013-04-15 23:07:47', 'pradeepb', 0, 'Reviewed', 'pradeepb', '2013-04-15 23:07:47', 'OLD ADM', 362),
(367, '2013-04-15 23:07:59', 'pradeepb', 0, 'Accepted', 'pradeepb', '2013-04-15 23:07:59', 'OLD ADM', 362),
(372, '2013-04-15 23:08:12', 'pradeepb', 0, 'Admitted', 'pradeepb', '2013-04-15 23:08:12', 'Student Admitted', 362),
(376, '2013-04-15 23:13:22', 'pradeepb', 0, 'Submitted', 'pradeepb', '2013-04-15 23:13:22', 'Admission Submitted', 374),
(377, '2013-04-15 23:13:37', 'pradeepb', 0, 'Reviewed', 'pradeepb', '2013-04-15 23:13:37', 'OLD ADM', 374),
(379, '2013-04-15 23:13:48', 'pradeepb', 0, 'Accepted', 'pradeepb', '2013-04-15 23:13:48', 'OLD ADM', 374),
(384, '2013-04-15 23:15:19', 'pradeepb', 0, 'Admitted', 'pradeepb', '2013-04-15 23:15:19', 'Student Admitted', 374),
(388, '2013-04-15 23:32:16', 'pradeepb', 0, 'Submitted', 'pradeepb', '2013-04-15 23:32:16', 'Admission Submitted', 386),
(389, '2013-04-15 23:32:52', 'pradeepb', 0, 'Reviewed', 'pradeepb', '2013-04-15 23:32:52', 'OLD ADM', 386),
(391, '2013-04-15 23:33:33', 'pradeepb', 0, 'Accepted', 'pradeepb', '2013-04-15 23:33:33', 'OLD ADM', 386),
(396, '2013-04-15 23:34:14', 'pradeepb', 0, 'Admitted', 'pradeepb', '2013-04-15 23:34:14', 'Student Admitted', 386),
(400, '2013-04-15 23:37:53', 'pradeepb', 0, 'Submitted', 'pradeepb', '2013-04-15 23:37:53', 'Admission Submitted', 398),
(401, '2013-04-15 23:38:10', 'pradeepb', 0, 'Reviewed', 'pradeepb', '2013-04-15 23:38:10', 'OLD ADM', 398),
(403, '2013-04-15 23:38:19', 'pradeepb', 0, 'Accepted', 'pradeepb', '2013-04-15 23:38:19', 'OLD ADM', 398),
(408, '2013-04-15 23:38:35', 'pradeepb', 0, 'Admitted', 'pradeepb', '2013-04-15 23:38:35', 'Student Admitted', 398),
(412, '2013-04-15 23:42:53', 'pradeepb', 0, 'Submitted', 'pradeepb', '2013-04-15 23:42:53', 'Admission Submitted', 410),
(413, '2013-04-15 23:43:12', 'pradeepb', 0, 'Reviewed', 'pradeepb', '2013-04-15 23:43:12', 'OLD ADM', 410),
(415, '2013-04-15 23:43:23', 'pradeepb', 0, 'Accepted', 'pradeepb', '2013-04-15 23:43:23', 'OLD ADM', 410),
(420, '2013-04-15 23:43:41', 'pradeepb', 0, 'Admitted', 'pradeepb', '2013-04-15 23:43:41', 'Student Admitted', 410),
(424, '2013-04-15 23:47:13', 'pradeepb', 0, 'Submitted', 'pradeepb', '2013-04-15 23:47:13', 'Admission Submitted', 422),
(425, '2013-04-15 23:47:27', 'pradeepb', 0, 'Reviewed', 'pradeepb', '2013-04-15 23:47:27', 'OLD ADM', 422),
(427, '2013-04-15 23:47:37', 'pradeepb', 0, 'Accepted', 'pradeepb', '2013-04-15 23:47:37', 'OLD ADM', 422),
(432, '2013-04-15 23:47:52', 'pradeepb', 0, 'Admitted', 'pradeepb', '2013-04-15 23:47:52', 'Student Admitted', 422),
(436, '2013-04-15 23:51:32', 'pradeepb', 0, 'Submitted', 'pradeepb', '2013-04-15 23:51:32', 'Admission Submitted', 434),
(437, '2013-04-15 23:51:54', 'pradeepb', 0, 'Reviewed', 'pradeepb', '2013-04-15 23:51:54', 'OLD ADM', 434),
(439, '2013-04-15 23:52:05', 'pradeepb', 0, 'Accepted', 'pradeepb', '2013-04-15 23:52:05', 'OLD ADM', 434),
(444, '2013-04-15 23:52:17', 'pradeepb', 0, 'Admitted', 'pradeepb', '2013-04-15 23:52:17', 'Student Admitted', 434),
(448, '2013-04-15 23:56:47', 'pradeepb', 0, 'Submitted', 'pradeepb', '2013-04-15 23:56:47', 'Admission Submitted', 446),
(449, '2013-04-15 23:57:02', 'pradeepb', 0, 'Reviewed', 'pradeepb', '2013-04-15 23:57:02', 'OLD ADM', 446),
(451, '2013-04-15 23:57:11', 'pradeepb', 0, 'Accepted', 'pradeepb', '2013-04-15 23:57:11', 'OLD ADM', 446),
(456, '2013-04-15 23:57:22', 'pradeepb', 0, 'Admitted', 'pradeepb', '2013-04-15 23:57:22', 'Student Admitted', 446),
(460, '2013-04-16 00:00:51', 'pradeepb', 0, 'Submitted', 'pradeepb', '2013-04-16 00:00:51', 'Admission Submitted', 458),
(461, '2013-04-16 00:01:05', 'pradeepb', 0, 'Reviewed', 'pradeepb', '2013-04-16 00:01:05', 'OLD ADM', 458),
(463, '2013-04-16 00:01:15', 'pradeepb', 0, 'Accepted', 'pradeepb', '2013-04-16 00:01:15', 'OLD ADM', 458),
(468, '2013-04-16 00:01:25', 'pradeepb', 0, 'Admitted', 'pradeepb', '2013-04-16 00:01:25', 'Student Admitted', 458),
(472, '2013-04-16 00:06:19', 'pradeepb', 0, 'Submitted', 'pradeepb', '2013-04-16 00:06:19', 'Admission Submitted', 470),
(473, '2013-04-16 00:06:35', 'pradeepb', 0, 'Reviewed', 'pradeepb', '2013-04-16 00:06:35', 'OLD ADM', 470),
(475, '2013-04-16 00:06:47', 'pradeepb', 0, 'Accepted', 'pradeepb', '2013-04-16 00:06:47', 'OLD ADM', 470),
(480, '2013-04-16 00:06:58', 'pradeepb', 0, 'Admitted', 'pradeepb', '2013-04-16 00:06:58', 'Student Admitted', 470),
(484, '2013-04-16 00:09:52', 'pradeepb', 0, 'Submitted', 'pradeepb', '2013-04-16 00:09:52', 'Admission Submitted', 482),
(485, '2013-04-16 00:10:21', 'pradeepb', 0, 'Reviewed', 'pradeepb', '2013-04-16 00:10:21', 'OLD ADM', 482),
(487, '2013-04-16 00:10:30', 'pradeepb', 0, 'Accepted', 'pradeepb', '2013-04-16 00:10:30', 'OLD ADM', 482),
(492, '2013-04-16 00:10:39', 'pradeepb', 0, 'Admitted', 'pradeepb', '2013-04-16 00:10:39', 'Student Admitted', 482),
(496, '2013-04-16 00:17:36', 'pradeepb', 0, 'Submitted', 'pradeepb', '2013-04-16 00:17:36', 'Admission Submitted', 494),
(497, '2013-04-16 00:17:53', 'pradeepb', 0, 'Reviewed', 'pradeepb', '2013-04-16 00:17:53', 'OLD ADM', 494),
(499, '2013-04-16 00:18:02', 'pradeepb', 0, 'Accepted', 'pradeepb', '2013-04-16 00:18:02', 'OLD ADM', 494),
(504, '2013-04-16 00:18:13', 'pradeepb', 0, 'Admitted', 'pradeepb', '2013-04-16 00:18:13', 'Student Admitted', 494),
(508, '2013-04-16 00:21:57', 'pradeepb', 0, 'Submitted', 'pradeepb', '2013-04-16 00:21:57', 'Admission Submitted', 506),
(509, '2013-04-16 00:22:17', 'pradeepb', 0, 'Reviewed', 'pradeepb', '2013-04-16 00:22:17', 'OLD ADM', 506),
(511, '2013-04-16 00:22:27', 'pradeepb', 0, 'Accepted', 'pradeepb', '2013-04-16 00:22:27', 'OLD ADM', 506),
(516, '2013-04-16 00:22:43', 'pradeepb', 0, 'Admitted', 'pradeepb', '2013-04-16 00:22:43', 'Student Admitted', 506),
(520, '2013-04-16 00:26:28', 'pradeepb', 0, 'Submitted', 'pradeepb', '2013-04-16 00:26:28', 'Admission Submitted', 518),
(521, '2013-04-16 00:26:44', 'pradeepb', 0, 'Reviewed', 'pradeepb', '2013-04-16 00:26:44', 'OLD ADM', 518),
(523, '2013-04-16 00:26:54', 'pradeepb', 0, 'Accepted', 'pradeepb', '2013-04-16 00:26:54', 'OLD ADM', 518),
(528, '2013-04-16 00:27:08', 'pradeepb', 0, 'Admitted', 'pradeepb', '2013-04-16 00:27:08', 'Student Admitted', 518),
(532, '2013-04-16 00:30:06', 'pradeepb', 0, 'Submitted', 'pradeepb', '2013-04-16 00:30:06', 'Admission Submitted', 530),
(533, '2013-04-16 00:30:27', 'pradeepb', 0, 'Reviewed', 'pradeepb', '2013-04-16 00:30:27', 'OLD ADM', 530),
(535, '2013-04-16 00:30:42', 'pradeepb', 0, 'Accepted', 'pradeepb', '2013-04-16 00:30:42', 'OLD ADM', 530),
(540, '2013-04-16 00:31:03', 'pradeepb', 0, 'Admitted', 'pradeepb', '2013-04-16 00:31:03', 'Student Admitted', 530),
(544, '2013-04-16 00:35:24', 'pradeepb', 0, 'Submitted', 'pradeepb', '2013-04-16 00:35:24', 'Admission Submitted', 542),
(545, '2013-04-16 00:35:44', 'pradeepb', 0, 'Reviewed', 'pradeepb', '2013-04-16 00:35:44', 'OLD ADM', 542),
(547, '2013-04-16 00:35:52', 'pradeepb', 0, 'Accepted', 'pradeepb', '2013-04-16 00:35:52', 'OLD ADM', 542),
(552, '2013-04-16 00:36:06', 'pradeepb', 0, 'Admitted', 'pradeepb', '2013-04-16 00:36:06', 'Student Admitted', 542),
(556, '2013-04-16 00:38:54', 'pradeepb', 0, 'Submitted', 'pradeepb', '2013-04-16 00:38:54', 'Admission Submitted', 554),
(557, '2013-04-16 00:39:09', 'pradeepb', 0, 'Reviewed', 'pradeepb', '2013-04-16 00:39:09', 'OLD ADM', 554),
(559, '2013-04-16 00:39:17', 'pradeepb', 0, 'Accepted', 'pradeepb', '2013-04-16 00:39:17', 'OLD ADM', 554),
(564, '2013-04-16 00:39:27', 'pradeepb', 0, 'Admitted', 'pradeepb', '2013-04-16 00:39:27', 'Student Admitted', 554),
(568, '2013-04-16 00:55:21', 'pradeepb', 0, 'Submitted', 'pradeepb', '2013-04-16 00:55:21', 'Admission Submitted', 566),
(569, '2013-04-16 00:55:39', 'pradeepb', 0, 'Reviewed', 'pradeepb', '2013-04-16 00:55:39', 'OLD ADM', 566),
(571, '2013-04-16 00:55:47', 'pradeepb', 0, 'Accepted', 'pradeepb', '2013-04-16 00:55:47', 'OLD ADM', 566),
(576, '2013-04-16 00:56:04', 'pradeepb', 0, 'Admitted', 'pradeepb', '2013-04-16 00:56:04', 'Student Admitted', 566),
(580, '2013-04-16 01:00:39', 'pradeepb', 0, 'Submitted', 'pradeepb', '2013-04-16 01:00:39', 'Admission Submitted', 578),
(581, '2013-04-16 01:00:57', 'pradeepb', 0, 'Reviewed', 'pradeepb', '2013-04-16 01:00:57', 'OLD ADM', 578),
(583, '2013-04-16 01:01:05', 'pradeepb', 0, 'Accepted', 'pradeepb', '2013-04-16 01:01:05', 'OLD ADM', 578),
(588, '2013-04-16 01:01:16', 'pradeepb', 0, 'Admitted', 'pradeepb', '2013-04-16 01:01:16', 'Student Admitted', 578),
(592, '2013-04-16 01:05:08', 'pradeepb', 0, 'Submitted', 'pradeepb', '2013-04-16 01:05:08', 'Admission Submitted', 590),
(593, '2013-04-16 01:05:50', 'pradeepb', 0, 'Reviewed', 'pradeepb', '2013-04-16 01:05:50', 'OLD ADM', 590),
(595, '2013-04-16 01:06:08', 'pradeepb', 0, 'Accepted', 'pradeepb', '2013-04-16 01:06:08', 'OLD ADM', 590),
(600, '2013-04-16 01:06:23', 'pradeepb', 0, 'Admitted', 'pradeepb', '2013-04-16 01:06:23', 'Student Admitted', 590),
(604, '2013-04-16 01:11:12', 'pradeepb', 0, 'Submitted', 'pradeepb', '2013-04-16 01:11:12', 'Admission Submitted', 602),
(605, '2013-04-16 01:11:51', 'pradeepb', 0, 'Reviewed', 'pradeepb', '2013-04-16 01:11:51', 'OLD ADM', 602),
(607, '2013-04-16 01:12:00', 'pradeepb', 0, 'Accepted', 'pradeepb', '2013-04-16 01:12:00', 'OLD ADM', 602),
(612, '2013-04-16 01:12:10', 'pradeepb', 0, 'Admitted', 'pradeepb', '2013-04-16 01:12:10', 'Student Admitted', 602),
(616, '2013-04-16 01:17:00', 'pradeepb', 0, 'Submitted', 'pradeepb', '2013-04-16 01:17:00', 'Admission Submitted', 614),
(617, '2013-04-16 01:17:34', 'pradeepb', 0, 'Reviewed', 'pradeepb', '2013-04-16 01:17:34', 'OLD ADM', 614),
(619, '2013-04-16 01:17:57', 'pradeepb', 0, 'Accepted', 'pradeepb', '2013-04-16 01:17:57', 'OLD ADM', 614),
(624, '2013-04-16 01:18:07', 'pradeepb', 0, 'Admitted', 'pradeepb', '2013-04-16 01:18:07', 'Student Admitted', 614),
(628, '2013-04-16 01:22:21', 'pradeepb', 0, 'Submitted', 'pradeepb', '2013-04-16 01:22:21', 'Admission Submitted', 626),
(629, '2013-04-16 01:22:46', 'pradeepb', 0, 'Reviewed', 'pradeepb', '2013-04-16 01:22:46', 'OLD ADM', 626),
(631, '2013-04-16 01:22:55', 'pradeepb', 0, 'Accepted', 'pradeepb', '2013-04-16 01:22:55', 'OLD ADM', 626),
(636, '2013-04-16 01:23:11', 'pradeepb', 0, 'Admitted', 'pradeepb', '2013-04-16 01:23:11', 'Student Admitted', 626),
(640, '2013-04-16 01:26:13', 'pradeepb', 0, 'Submitted', 'pradeepb', '2013-04-16 01:26:13', 'Admission Submitted', 638),
(641, '2013-04-16 01:26:33', 'pradeepb', 0, 'Reviewed', 'pradeepb', '2013-04-16 01:26:33', 'OLD ADM', 638),
(643, '2013-04-16 01:26:41', 'pradeepb', 0, 'Accepted', 'pradeepb', '2013-04-16 01:26:41', 'OLD ADM', 638),
(648, '2013-04-16 01:26:54', 'pradeepb', 0, 'Admitted', 'pradeepb', '2013-04-16 01:26:54', 'Student Admitted', 638),
(652, '2013-04-16 04:51:46', 'pradeepb', 0, 'Submitted', 'pradeepb', '2013-04-16 04:51:46', 'Admission Submitted', 650),
(653, '2013-04-16 04:52:37', 'pradeepb', 0, 'Reviewed', 'pradeepb', '2013-04-16 04:52:37', 'OLD ADM', 650),
(655, '2013-04-16 04:53:01', 'pradeepb', 0, 'Accepted', 'pradeepb', '2013-04-16 04:53:01', 'OLD ADM', 650),
(660, '2013-04-16 04:53:26', 'pradeepb', 0, 'Admitted', 'pradeepb', '2013-04-16 04:53:26', 'Student Admitted', 650),
(664, '2013-04-16 04:59:33', 'pradeepb', 0, 'Submitted', 'pradeepb', '2013-04-16 04:59:33', 'Admission Submitted', 662),
(665, '2013-04-16 05:00:43', 'pradeepb', 0, 'Reviewed', 'pradeepb', '2013-04-16 05:00:43', 'OLD ADM', 662),
(667, '2013-04-16 05:00:56', 'pradeepb', 0, 'Accepted', 'pradeepb', '2013-04-16 05:00:56', 'OLD ADM', 662),
(672, '2013-04-16 05:01:19', 'pradeepb', 0, 'Admitted', 'pradeepb', '2013-04-16 05:01:19', 'Student Admitted', 662),
(838, '2013-04-18 23:39:21', 'pradeepb', 0, 'Submitted', 'pradeepb', '2013-04-18 23:39:20', 'Admission Submitted', 836),
(839, '2013-04-18 23:39:57', 'pradeepb', 0, 'Reviewed', 'pradeepb', '2013-04-18 23:39:57', 'OLD ADM', 836),
(841, '2013-04-18 23:40:11', 'pradeepb', 0, 'Accepted', 'pradeepb', '2013-04-18 23:40:11', 'OLD ADM', 836),
(846, '2013-04-18 23:40:32', 'pradeepb', 0, 'Admitted', 'pradeepb', '2013-04-18 23:40:32', 'Student Admitted', 836),
(854, '2013-04-18 23:50:27', 'pradeepb', 0, 'Submitted', 'pradeepb', '2013-04-18 23:50:27', 'Admission Submitted', 852),
(855, '2013-04-18 23:51:16', 'pradeepb', 0, 'Reviewed', 'pradeepb', '2013-04-18 23:51:16', 'OLD ADM', 852),
(857, '2013-04-18 23:51:34', 'pradeepb', 0, 'Accepted', 'pradeepb', '2013-04-18 23:51:34', 'OLD ADM', 852),
(862, '2013-04-18 23:52:03', 'pradeepb', 0, 'Admitted', 'pradeepb', '2013-04-18 23:52:03', 'Student Admitted', 852),
(866, '2013-04-18 23:56:49', 'pradeepb', 0, 'Submitted', 'pradeepb', '2013-04-18 23:56:49', 'Admission Submitted', 864),
(867, '2013-04-18 23:57:18', 'pradeepb', 0, 'Reviewed', 'pradeepb', '2013-04-18 23:57:18', 'OLD ADM', 864),
(869, '2013-04-18 23:57:30', 'pradeepb', 0, 'Accepted', 'pradeepb', '2013-04-18 23:57:30', 'OLD ADM', 864),
(874, '2013-04-18 23:57:50', 'pradeepb', 0, 'Admitted', 'pradeepb', '2013-04-18 23:57:50', 'Student Admitted', 864),
(878, '2013-04-19 00:16:04', 'pradeepb', 0, 'Submitted', 'pradeepb', '2013-04-19 00:16:04', 'Admission Submitted', 876),
(879, '2013-04-19 00:16:30', 'pradeepb', 0, 'Reviewed', 'pradeepb', '2013-04-19 00:16:30', 'OLD ADM', 876),
(881, '2013-04-19 00:16:43', 'pradeepb', 0, 'Accepted', 'pradeepb', '2013-04-19 00:16:43', 'OLD ADM', 876),
(886, '2013-04-19 00:16:57', 'pradeepb', 0, 'Admitted', 'pradeepb', '2013-04-19 00:16:57', 'Student Admitted', 876),
(890, '2013-04-19 00:28:03', 'pradeepb', 0, 'Submitted', 'pradeepb', '2013-04-19 00:28:03', 'Admission Submitted', 888),
(891, '2013-04-19 00:28:27', 'pradeepb', 0, 'Reviewed', 'pradeepb', '2013-04-19 00:28:27', 'OLD ADM', 888),
(893, '2013-04-19 00:28:36', 'pradeepb', 0, 'Accepted', 'pradeepb', '2013-04-19 00:28:36', 'OLD ADM', 888),
(898, '2013-04-19 00:28:52', 'pradeepb', 0, 'Admitted', 'pradeepb', '2013-04-19 00:28:52', 'Student Admitted', 888),
(902, '2013-04-19 23:35:46', 'pradeepb', 0, 'Submitted', 'pradeepb', '2013-04-19 23:35:46', 'Admission Submitted', 900),
(911, '2013-04-19 23:45:09', 'pradeepb', 0, 'Reviewed', 'pradeepb', '2013-04-19 23:45:09', 'OLD ADM.', 900),
(913, '2013-04-19 23:45:38', 'pradeepb', 0, 'Accepted', 'pradeepb', '2013-04-19 23:45:38', 'OLD ADM.', 900),
(918, '2013-04-19 23:46:58', 'pradeepb', 0, 'Admitted', 'pradeepb', '2013-04-19 23:46:58', 'Student Admitted', 900),
(922, '2013-04-19 23:52:32', 'pradeepb', 0, 'Submitted', 'pradeepb', '2013-04-19 23:52:32', 'Admission Submitted', 920),
(923, '2013-04-19 23:53:24', 'pradeepb', 0, 'Reviewed', 'pradeepb', '2013-04-19 23:53:24', 'OLD ADM.', 920),
(925, '2013-04-19 23:53:43', 'pradeepb', 0, 'Accepted', 'pradeepb', '2013-04-19 23:53:43', 'OLD ADM.', 920),
(930, '2013-04-19 23:55:04', 'pradeepb', 0, 'Admitted', 'pradeepb', '2013-04-19 23:55:04', 'Student Admitted', 920),
(934, '2013-04-19 23:59:39', 'pradeepb', 0, 'Submitted', 'pradeepb', '2013-04-19 23:59:39', 'Admission Submitted', 932),
(935, '2013-04-20 00:05:04', 'pradeepb', 0, 'Reviewed', 'pradeepb', '2013-04-20 00:05:04', 'OLD ADM', 932),
(937, '2013-04-20 00:05:18', 'pradeepb', 0, 'Accepted', 'pradeepb', '2013-04-20 00:05:18', 'OLD ADM', 932),
(942, '2013-04-20 00:05:43', 'pradeepb', 0, 'Admitted', 'pradeepb', '2013-04-20 00:05:43', 'Student Admitted', 932),
(946, '2013-04-20 00:14:12', 'pradeepb', 0, 'Submitted', 'pradeepb', '2013-04-20 00:14:12', 'Admission Submitted', 944),
(947, '2013-04-20 00:14:53', 'pradeepb', 0, 'Reviewed', 'pradeepb', '2013-04-20 00:14:53', 'OLD ADM.', 944),
(949, '2013-04-20 00:15:11', 'pradeepb', 0, 'Accepted', 'pradeepb', '2013-04-20 00:15:11', 'OLD.ADM', 944),
(954, '2013-04-20 00:15:57', 'pradeepb', 0, 'Admitted', 'pradeepb', '2013-04-20 00:15:57', 'Student Admitted', 944),
(987, '2013-04-20 02:20:43', 'pradeepb', 0, 'Submitted', 'pradeepb', '2013-04-20 02:20:43', 'Admission Submitted', 985),
(988, '2013-04-20 02:21:07', 'pradeepb', 0, 'Reviewed', 'pradeepb', '2013-04-20 02:21:07', 'OLD ADM', 985),
(990, '2013-04-20 02:21:17', 'pradeepb', 0, 'Accepted', 'pradeepb', '2013-04-20 02:21:17', 'OLD ADM', 985),
(996, '2013-04-20 02:21:31', 'pradeepb', 0, 'Admitted', 'pradeepb', '2013-04-20 02:21:31', 'Student Admitted', 985),
(1165, '2013-04-23 00:43:36', 'pradeepb', 0, 'Submitted', 'pradeepb', '2013-04-23 00:43:36', 'Admission Submitted', 1163),
(1166, '2013-04-23 00:44:15', 'pradeepb', 0, 'Reviewed', 'pradeepb', '2013-04-23 00:44:15', 'OLD ADM', 1163),
(1168, '2013-04-23 00:44:28', 'pradeepb', 0, 'Accepted', 'pradeepb', '2013-04-23 00:44:28', 'OLD ADM', 1163),
(1174, '2013-04-23 00:44:54', 'pradeepb', 0, 'Admitted', 'pradeepb', '2013-04-23 00:44:54', 'Student Admitted', 1163),
(1178, '2013-04-23 01:02:21', 'pradeepb', 0, 'Submitted', 'pradeepb', '2013-04-23 01:02:21', 'Admission Submitted', 1176),
(1179, '2013-04-23 01:02:50', 'pradeepb', 0, 'Reviewed', 'pradeepb', '2013-04-23 01:02:50', 'OLD ADM', 1176),
(1181, '2013-04-23 01:03:13', 'pradeepb', 0, 'Accepted', 'pradeepb', '2013-04-23 01:03:13', 'OLD ADM', 1176),
(1187, '2013-04-23 01:03:34', 'pradeepb', 0, 'Admitted', 'pradeepb', '2013-04-23 01:03:34', 'Student Admitted', 1176),
(1195, '2013-04-23 02:42:23', 'pradeepb', 0, 'Submitted', 'pradeepb', '2013-04-23 02:42:23', 'Admission Submitted', 1193),
(1196, '2013-04-23 02:42:46', 'pradeepb', 0, 'Reviewed', 'pradeepb', '2013-04-23 02:42:46', 'OLD ADM', 1193),
(1198, '2013-04-23 02:42:56', 'pradeepb', 0, 'Accepted', 'pradeepb', '2013-04-23 02:42:56', 'OLD ADM', 1193),
(1204, '2013-04-23 02:43:10', 'pradeepb', 0, 'Admitted', 'pradeepb', '2013-04-23 02:43:10', 'Student Admitted', 1193),
(1208, '2013-04-23 02:48:53', 'pradeepb', 0, 'Submitted', 'pradeepb', '2013-04-23 02:48:53', 'Admission Submitted', 1206),
(1209, '2013-04-23 02:50:33', 'pradeepb', 0, 'Reviewed', 'pradeepb', '2013-04-23 02:50:33', 'OLD ADM', 1206),
(1211, '2013-04-23 02:51:08', 'pradeepb', 0, 'Accepted', 'pradeepb', '2013-04-23 02:51:08', 'OLD ADM', 1206),
(1217, '2013-04-23 02:51:28', 'pradeepb', 0, 'Admitted', 'pradeepb', '2013-04-23 02:51:28', 'Student Admitted', 1206),
(1221, '2013-04-23 07:29:45', 'pradeepb', 0, 'Submitted', 'pradeepb', '2013-04-23 07:29:45', 'Admission Submitted', 1219),
(1222, '2013-04-23 07:30:28', 'pradeepb', 0, 'Reviewed', 'pradeepb', '2013-04-23 07:30:28', 'OLD ADM', 1219),
(1224, '2013-04-23 07:30:38', 'pradeepb', 0, 'Accepted', 'pradeepb', '2013-04-23 07:30:38', 'OLD ADM', 1219),
(1230, '2013-04-23 07:30:50', 'pradeepb', 0, 'Admitted', 'pradeepb', '2013-04-23 07:30:50', 'Student Admitted', 1219),
(1234, '2013-04-23 07:36:38', 'pradeepb', 0, 'Submitted', 'pradeepb', '2013-04-23 07:36:38', 'Admission Submitted', 1232),
(1235, '2013-04-23 07:37:00', 'pradeepb', 0, 'Reviewed', 'pradeepb', '2013-04-23 07:37:00', 'OLD ADM', 1232),
(1237, '2013-04-23 07:37:13', 'pradeepb', 0, 'Accepted', 'pradeepb', '2013-04-23 07:37:13', 'OLD ADM', 1232),
(1243, '2013-04-23 07:37:25', 'pradeepb', 0, 'Admitted', 'pradeepb', '2013-04-23 07:37:25', 'Student Admitted', 1232),
(1247, '2013-04-23 08:01:26', 'pradeepb', 0, 'Submitted', 'pradeepb', '2013-04-23 08:01:26', 'Admission Submitted', 1245),
(1248, '2013-04-23 08:01:57', 'pradeepb', 0, 'Reviewed', 'pradeepb', '2013-04-23 08:01:57', 'OLD ADM', 1245),
(1250, '2013-04-23 08:02:16', 'pradeepb', 0, 'Accepted', 'pradeepb', '2013-04-23 08:02:16', 'OLD ADM', 1245),
(1256, '2013-04-23 08:02:29', 'pradeepb', 0, 'Admitted', 'pradeepb', '2013-04-23 08:02:29', 'Student Admitted', 1245),
(2016, '2013-05-03 02:17:19', 'pradeepb', 0, 'Submitted', 'pradeepb', '2013-05-03 02:17:19', 'Admission Submitted', 2013),
(2017, '2013-05-03 02:17:37', 'pradeepb', 0, 'Reviewed', 'pradeepb', '2013-05-03 02:17:37', 'OLD ADM', 2013),
(2019, '2013-05-03 02:18:24', 'pradeepb', 0, 'Accepted', 'pradeepb', '2013-05-03 02:18:24', 'OLD ADM', 2013),
(2027, '2013-05-03 02:18:44', 'pradeepb', 0, 'Admitted', 'pradeepb', '2013-05-03 02:18:44', 'Student Admitted', 2013),
(2050, '2013-05-03 02:41:46', 'pradeepb', 0, 'Submitted', 'pradeepb', '2013-05-03 02:41:46', 'Admission Submitted', 2047),
(2051, '2013-05-03 02:42:36', 'pradeepb', 0, 'Reviewed', 'pradeepb', '2013-05-03 02:42:36', 'OLD ADM', 2047),
(2053, '2013-05-03 02:43:13', 'pradeepb', 0, 'Accepted', 'pradeepb', '2013-05-03 02:43:13', 'OLD ADM', 2047),
(2058, '2013-05-03 02:57:49', 'pradeepb', 0, 'Submitted', 'pradeepb', '2013-05-03 02:57:49', 'Admission Submitted', 2055),
(2059, '2013-05-03 02:58:24', 'pradeepb', 0, 'Reviewed', 'pradeepb', '2013-05-03 02:58:24', 'OLD ADM', 2055),
(2061, '2013-05-03 02:59:13', 'pradeepb', 0, 'Accepted', 'pradeepb', '2013-05-03 02:59:13', 'OLD ADM', 2055),
(2071, '2013-05-03 05:24:45', 'pradeepb', 0, 'Admitted', 'pradeepb', '2013-05-03 05:24:45', 'Student Admitted', 2047),
(2095, '2013-05-03 05:31:59', 'pradeepb', 0, 'Admitted', 'pradeepb', '2013-05-03 05:31:59', 'Student Admitted', 2055),
(2103, '2013-05-03 05:40:06', 'pradeepb', 0, 'Submitted', 'pradeepb', '2013-05-03 05:40:06', 'Admission Submitted', 2101),
(2104, '2013-05-03 05:40:38', 'pradeepb', 0, 'Reviewed', 'pradeepb', '2013-05-03 05:40:38', 'OLD ADM', 2101),
(2106, '2013-05-03 05:40:57', 'pradeepb', 0, 'Accepted', 'pradeepb', '2013-05-03 05:40:57', 'OLD ADM', 2101),
(2121, '2013-05-03 05:50:51', 'pradeepb', 0, 'Submitted', 'pradeepb', '2013-05-03 05:50:51', 'Admission Submitted', 2118),
(2122, '2013-05-03 05:51:11', 'pradeepb', 0, 'Reviewed', 'pradeepb', '2013-05-03 05:51:11', 'OLD ADM', 2118),
(2124, '2013-05-03 05:51:30', 'pradeepb', 0, 'Accepted', 'pradeepb', '2013-05-03 05:51:30', 'OLD ADM', 2118),
(2134, '2013-05-03 05:51:44', 'pradeepb', 0, 'Admitted', 'pradeepb', '2013-05-03 05:51:44', 'Student Admitted', 2118),
(2151, '2013-05-03 06:06:21', 'pradeepb', 0, 'Submitted', 'pradeepb', '2013-05-03 06:06:21', 'Admission Submitted', 2148),
(2152, '2013-05-03 06:06:40', 'pradeepb', 0, 'Reviewed', 'pradeepb', '2013-05-03 06:06:40', 'OLD ADM', 2148),
(2154, '2013-05-03 06:08:01', 'pradeepb', 0, 'Accepted', 'pradeepb', '2013-05-03 06:08:01', 'OLD ADM', 2148),
(2164, '2013-05-03 06:09:07', 'pradeepb', 0, 'Admitted', 'pradeepb', '2013-05-03 06:09:07', 'Student Admitted', 2148),
(2180, '2013-05-03 06:42:12', 'pradeepb', 0, 'Submitted', 'pradeepb', '2013-05-03 06:42:12', 'Admission Submitted', 2177),
(2181, '2013-05-03 06:42:32', 'pradeepb', 0, 'Reviewed', 'pradeepb', '2013-05-03 06:42:32', 'OLD ADM', 2177),
(2183, '2013-05-03 06:44:06', 'pradeepb', 0, 'Accepted', 'pradeepb', '2013-05-03 06:44:06', 'OLD ADM', 2177),
(2193, '2013-05-03 06:46:06', 'pradeepb', 0, 'Admitted', 'pradeepb', '2013-05-03 06:46:06', 'Student Admitted', 2177),
(2210, '2013-05-03 07:16:17', 'pradeepb', 0, 'Submitted', 'pradeepb', '2013-05-03 07:16:17', 'Admission Submitted', 2207),
(2211, '2013-05-03 07:16:43', 'pradeepb', 0, 'Reviewed', 'pradeepb', '2013-05-03 07:16:43', 'OLD ADM', 2207),
(2213, '2013-05-03 07:17:32', 'pradeepb', 0, 'Accepted', 'pradeepb', '2013-05-03 07:17:32', 'OLD ADM', 2207),
(2223, '2013-05-03 07:17:57', 'pradeepb', 0, 'Admitted', 'pradeepb', '2013-05-03 07:17:57', 'Student Admitted', 2207),
(2237, '2013-05-03 07:25:37', 'pradeepb', 0, 'Submitted', 'pradeepb', '2013-05-03 07:25:37', 'Admission Submitted', 2234),
(2238, '2013-05-03 07:25:59', 'pradeepb', 0, 'Reviewed', 'pradeepb', '2013-05-03 07:25:59', 'OLD ADM', 2234),
(2240, '2013-05-03 07:26:29', 'pradeepb', 0, 'Accepted', 'pradeepb', '2013-05-03 07:26:29', 'OLD ADM', 2234),
(2250, '2013-05-03 07:26:48', 'pradeepb', 0, 'Admitted', 'pradeepb', '2013-05-03 07:26:48', 'Student Admitted', 2234),
(2261, '2013-05-03 07:32:18', 'pradeepb', 0, 'Submitted', 'pradeepb', '2013-05-03 07:32:18', 'Admission Submitted', 2258),
(2262, '2013-05-03 07:32:38', 'pradeepb', 0, 'Reviewed', 'pradeepb', '2013-05-03 07:32:38', 'OLD ADM', 2258),
(2264, '2013-05-03 07:33:07', 'pradeepb', 0, 'Accepted', 'pradeepb', '2013-05-03 07:33:07', 'OLD ADM', 2258),
(2274, '2013-05-03 07:33:40', 'pradeepb', 0, 'Admitted', 'pradeepb', '2013-05-03 07:33:40', 'Student Admitted', 2258),
(2291, '2013-05-03 07:41:47', 'pradeepb', 0, 'Submitted', 'pradeepb', '2013-05-03 07:41:47', 'Admission Submitted', 2288),
(2292, '2013-05-03 07:42:16', 'pradeepb', 0, 'Reviewed', 'pradeepb', '2013-05-03 07:42:16', 'OLD ADM', 2288),
(2294, '2013-05-03 07:42:59', 'pradeepb', 0, 'Accepted', 'pradeepb', '2013-05-03 07:42:59', 'OLD ADM', 2288),
(2304, '2013-05-03 07:43:20', 'pradeepb', 0, 'Admitted', 'pradeepb', '2013-05-03 07:43:20', 'Student Admitted', 2288),
(2319, '2013-05-03 07:54:43', 'pradeepb', 0, 'Submitted', 'pradeepb', '2013-05-03 07:54:43', 'Admission Submitted', 2316),
(2320, '2013-05-03 07:55:05', 'pradeepb', 0, 'Reviewed', 'pradeepb', '2013-05-03 07:55:05', 'OLD ADM', 2316),
(2322, '2013-05-03 07:55:36', 'pradeepb', 0, 'Accepted', 'pradeepb', '2013-05-03 07:55:36', 'OLD ADM', 2316),
(2332, '2013-05-03 07:56:01', 'pradeepb', 0, 'Admitted', 'pradeepb', '2013-05-03 07:56:01', 'Student Admitted', 2316),
(2353, '2013-05-04 00:15:55', 'pradeepb', 0, 'Submitted', 'pradeepb', '2013-05-04 00:15:55', 'Admission Submitted', 2350),
(2354, '2013-05-04 00:16:30', 'pradeepb', 0, 'Reviewed', 'pradeepb', '2013-05-04 00:16:30', 'OLD ADM', 2350),
(2356, '2013-05-04 00:28:18', 'pradeepb', 0, 'Accepted', 'pradeepb', '2013-05-04 00:28:18', 'OLD ADM', 2350),
(2367, '2013-05-04 00:28:45', 'pradeepb', 0, 'Admitted', 'pradeepb', '2013-05-04 00:28:45', 'Student Admitted', 2350),
(2382, '2013-05-04 01:01:11', 'pradeepb', 0, 'Submitted', 'pradeepb', '2013-05-04 01:01:11', 'Admission Submitted', 2379),
(2383, '2013-05-04 01:01:31', 'pradeepb', 0, 'Reviewed', 'pradeepb', '2013-05-04 01:01:31', 'OLD ADM', 2379),
(2385, '2013-05-04 01:02:22', 'pradeepb', 0, 'Accepted', 'pradeepb', '2013-05-04 01:02:22', 'OLD ADM', 2379),
(2395, '2013-05-04 01:02:44', 'pradeepb', 0, 'Admitted', 'pradeepb', '2013-05-04 01:02:44', 'Student Admitted', 2379),
(2408, '2013-05-04 01:10:24', 'pradeepb', 0, 'Submitted', 'pradeepb', '2013-05-04 01:10:24', 'Admission Submitted', 2405),
(2409, '2013-05-04 01:10:59', 'pradeepb', 0, 'Reviewed', 'pradeepb', '2013-05-04 01:10:59', 'OLD ADM', 2405),
(2411, '2013-05-04 01:11:44', 'pradeepb', 0, 'Accepted', 'pradeepb', '2013-05-04 01:11:44', 'OLD ADM', 2405),
(2421, '2013-05-04 01:12:08', 'pradeepb', 0, 'Admitted', 'pradeepb', '2013-05-04 01:12:08', 'Student Admitted', 2405),
(2434, '2013-05-04 07:02:50', 'pradeepb', 0, 'Submitted', 'pradeepb', '2013-05-04 07:02:50', 'Admission Submitted', 2431),
(2435, '2013-05-04 07:03:34', 'pradeepb', 0, 'Reviewed', 'pradeepb', '2013-05-04 07:03:34', 'OLD ADM', 2431),
(2437, '2013-05-04 07:04:16', 'pradeepb', 0, 'Accepted', 'pradeepb', '2013-05-04 07:04:16', 'OLD ADM', 2431),
(2447, '2013-05-04 07:04:36', 'pradeepb', 0, 'Admitted', 'pradeepb', '2013-05-04 07:04:36', 'Student Admitted', 2431),
(2465, '2013-05-04 07:25:05', 'pradeepb', 0, 'Submitted', 'pradeepb', '2013-05-04 07:25:05', 'Admission Submitted', 2462),
(2466, '2013-05-04 07:25:58', 'pradeepb', 0, 'Reviewed', 'pradeepb', '2013-05-04 07:25:58', 'OLD ADM', 2462),
(2468, '2013-05-04 07:26:31', 'pradeepb', 0, 'Accepted', 'pradeepb', '2013-05-04 07:26:31', 'OLD ADM', 2462),
(2478, '2013-05-04 07:27:05', 'pradeepb', 0, 'Admitted', 'pradeepb', '2013-05-04 07:27:05', 'Student Admitted', 2462),
(2489, '2013-05-04 07:32:47', 'pradeepb', 0, 'Submitted', 'pradeepb', '2013-05-04 07:32:47', 'Admission Submitted', 2486),
(2490, '2013-05-04 07:34:09', 'pradeepb', 0, 'Reviewed', 'pradeepb', '2013-05-04 07:34:09', 'OLD ADM', 2486),
(2492, '2013-05-04 07:34:45', 'pradeepb', 0, 'Accepted', 'pradeepb', '2013-05-04 07:34:45', 'OLD ADM', 2486),
(2502, '2013-05-04 07:35:42', 'pradeepb', 0, 'Admitted', 'pradeepb', '2013-05-04 07:35:42', 'Student Admitted', 2486),
(2517, '2013-05-04 08:05:13', 'pradeepb', 0, 'Submitted', 'pradeepb', '2013-05-04 08:05:13', 'Admission Submitted', 2514),
(2518, '2013-05-04 08:05:48', 'pradeepb', 0, 'Reviewed', 'pradeepb', '2013-05-04 08:05:48', 'OLD ADM', 2514),
(2520, '2013-05-04 08:06:28', 'pradeepb', 0, 'Accepted', 'pradeepb', '2013-05-04 08:06:28', 'OLD ADM', 2514),
(2530, '2013-05-04 08:06:50', 'pradeepb', 0, 'Admitted', 'pradeepb', '2013-05-04 08:06:50', 'Student Admitted', 2514),
(2549, '2013-05-04 08:20:08', 'pradeepb', 0, 'Submitted', 'pradeepb', '2013-05-04 08:20:08', 'Admission Submitted', 2546),
(2550, '2013-05-04 08:23:35', 'pradeepb', 0, 'Reviewed', 'pradeepb', '2013-05-04 08:23:35', 'OLD ADM', 2546),
(2552, '2013-05-04 08:24:58', 'pradeepb', 0, 'Accepted', 'pradeepb', '2013-05-04 08:24:58', 'OLD ADM', 2546),
(2562, '2013-05-04 08:25:21', 'pradeepb', 0, 'Admitted', 'pradeepb', '2013-05-04 08:25:21', 'Student Admitted', 2546),
(2573, '2013-05-04 08:35:37', 'pradeepb', 0, 'Submitted', 'pradeepb', '2013-05-04 08:35:37', 'Admission Submitted', 2570),
(2574, '2013-05-04 08:35:59', 'pradeepb', 0, 'Reviewed', 'pradeepb', '2013-05-04 08:35:59', 'OLD ADM', 2570),
(2576, '2013-05-04 08:36:56', 'pradeepb', 0, 'Accepted', 'pradeepb', '2013-05-04 08:36:56', 'OLD ADM', 2570),
(2586, '2013-05-04 08:37:16', 'pradeepb', 0, 'Admitted', 'pradeepb', '2013-05-04 08:37:16', 'Student Admitted', 2570),
(2607, '2013-05-06 01:13:46', 'pradeepb', 0, 'Submitted', 'pradeepb', '2013-05-06 01:13:46', 'Admission Submitted', 2604),
(2608, '2013-05-06 01:14:07', 'pradeepb', 0, 'Reviewed', 'pradeepb', '2013-05-06 01:14:07', 'OLD ADM', 2604),
(2610, '2013-05-06 01:14:47', 'pradeepb', 0, 'Accepted', 'pradeepb', '2013-05-06 01:14:47', 'OLD ADM', 2604),
(2621, '2013-05-06 01:17:46', 'pradeepb', 0, 'Admitted', 'pradeepb', '2013-05-06 01:17:46', 'Student Admitted', 2604),
(2640, '2013-05-06 01:26:46', 'pradeepb', 0, 'Submitted', 'pradeepb', '2013-05-06 01:26:46', 'Admission Submitted', 2637),
(2641, '2013-05-06 01:27:13', 'pradeepb', 0, 'Reviewed', 'pradeepb', '2013-05-06 01:27:13', 'OLD ADM', 2637),
(2643, '2013-05-06 01:28:07', 'pradeepb', 0, 'Accepted', 'pradeepb', '2013-05-06 01:28:07', 'OLD ADM', 2637),
(2653, '2013-05-06 06:07:09', 'pradeepb', 0, 'Admitted', 'pradeepb', '2013-05-06 06:07:09', 'Student Admitted', 2637),
(2672, '2013-05-06 06:30:28', 'pradeepb', 0, 'Submitted', 'pradeepb', '2013-05-06 06:30:28', 'Admission Submitted', 2669),
(2673, '2013-05-06 06:30:54', 'pradeepb', 0, 'Reviewed', 'pradeepb', '2013-05-06 06:30:54', 'OLD ADM', 2669),
(2675, '2013-05-06 06:31:41', 'pradeepb', 0, 'Accepted', 'pradeepb', '2013-05-06 06:31:41', 'OLD ADM', 2669),
(2685, '2013-05-06 06:32:06', 'pradeepb', 0, 'Admitted', 'pradeepb', '2013-05-06 06:32:06', 'Student Admitted', 2669),
(2704, '2013-05-07 02:42:08', 'pradeepb', 0, 'Submitted', 'pradeepb', '2013-05-07 02:42:08', 'Admission Submitted', 2701),
(2705, '2013-05-07 02:42:28', 'pradeepb', 0, 'Reviewed', 'pradeepb', '2013-05-07 02:42:28', 'OLD ADM', 2701),
(2707, '2013-05-07 02:43:18', 'pradeepb', 0, 'Accepted', 'pradeepb', '2013-05-07 02:43:18', 'OLD ADM', 2701),
(2731, '2013-05-07 02:55:31', 'pradeepb', 0, 'Submitted', 'pradeepb', '2013-05-07 02:55:31', 'Admission Submitted', 2728),
(2732, '2013-05-07 02:56:24', 'pradeepb', 0, 'Reviewed', 'pradeepb', '2013-05-07 02:56:24', 'OLD ADM', 2728),
(2734, '2013-05-07 03:00:49', 'pradeepb', 0, 'Accepted', 'pradeepb', '2013-05-07 03:00:49', 'OLD ADM', 2728),
(2739, '2013-05-07 05:14:06', 'pradeepb', 0, 'Submitted', 'pradeepb', '2013-05-07 05:14:06', 'Admission Submitted', 2736),
(2740, '2013-05-07 05:14:31', 'pradeepb', 0, 'Reviewed', 'pradeepb', '2013-05-07 05:14:31', 'OLD ADM', 2736),
(2742, '2013-05-07 05:15:20', 'pradeepb', 0, 'Accepted', 'pradeepb', '2013-05-07 05:15:20', 'OLD ADM', 2736),
(2752, '2013-05-07 05:15:44', 'pradeepb', 0, 'Admitted', 'pradeepb', '2013-05-07 05:15:44', 'Student Admitted', 2736),
(2757, '2013-05-07 05:22:49', 'pradeepb', 0, 'Submitted', 'pradeepb', '2013-05-07 05:22:49', 'Admission Submitted', 2754),
(2758, '2013-05-07 05:23:08', 'pradeepb', 0, 'Reviewed', 'pradeepb', '2013-05-07 05:23:08', 'OLD ADM', 2754),
(2760, '2013-05-07 05:23:37', 'pradeepb', 0, 'Accepted', 'pradeepb', '2013-05-07 05:23:37', 'OLD ADM', 2754),
(2770, '2013-05-07 05:23:56', 'pradeepb', 0, 'Admitted', 'pradeepb', '2013-05-07 05:23:56', 'Student Admitted', 2754),
(2790, '2013-05-07 05:40:32', 'pradeepb', 0, 'Submitted', 'pradeepb', '2013-05-07 05:40:32', 'Admission Submitted', 2787),
(2791, '2013-05-07 05:40:54', 'pradeepb', 0, 'Reviewed', 'pradeepb', '2013-05-07 05:40:54', 'OLD ADM', 2787),
(2793, '2013-05-07 05:41:26', 'pradeepb', 0, 'Accepted', 'pradeepb', '2013-05-07 05:41:26', 'OLD ADM', 2787),
(2803, '2013-05-07 05:41:49', 'pradeepb', 0, 'Admitted', 'pradeepb', '2013-05-07 05:41:49', 'Student Admitted', 2787),
(2817, '2013-05-07 06:18:49', 'pradeepb', 0, 'Submitted', 'pradeepb', '2013-05-07 06:18:49', 'Admission Submitted', 2814),
(2818, '2013-05-07 06:19:11', 'pradeepb', 0, 'Reviewed', 'pradeepb', '2013-05-07 06:19:11', 'OLD ADM', 2814),
(2820, '2013-05-07 06:19:51', 'pradeepb', 0, 'Accepted', 'pradeepb', '2013-05-07 06:19:51', 'OLD ADM', 2814),
(2821, '2013-05-07 06:23:04', 'pradeepb', 0, 'Rejected', 'pradeepb', '2013-05-07 06:23:04', 'ADM', 2814),
(2826, '2013-05-07 06:37:07', 'pradeepb', 0, 'Submitted', 'pradeepb', '2013-05-07 06:37:07', 'Admission Submitted', 2823),
(2827, '2013-05-07 06:38:00', 'pradeepb', 0, 'Reviewed', 'pradeepb', '2013-05-07 06:38:00', 'OLD ADM', 2823),
(2829, '2013-05-07 06:38:29', 'pradeepb', 0, 'Accepted', 'pradeepb', '2013-05-07 06:38:29', 'OLD ADM', 2823),
(2839, '2013-05-07 06:38:52', 'pradeepb', 0, 'Admitted', 'pradeepb', '2013-05-07 06:38:52', 'Student Admitted', 2823),
(2852, '2013-05-07 23:52:49', 'pradeepb', 0, 'Submitted', 'pradeepb', '2013-05-07 23:52:49', 'Admission Submitted', 2849),
(2853, '2013-05-07 23:53:05', 'pradeepb', 0, 'Reviewed', 'pradeepb', '2013-05-07 23:53:05', 'OLD ADM', 2849),
(2855, '2013-05-07 23:53:50', 'pradeepb', 0, 'Accepted', 'pradeepb', '2013-05-07 23:53:50', 'OLD ADM', 2849),
(2865, '2013-05-07 23:54:23', 'pradeepb', 0, 'Admitted', 'pradeepb', '2013-05-07 23:54:23', 'Student Admitted', 2849),
(2883, '2013-05-08 00:02:55', 'pradeepb', 0, 'Submitted', 'pradeepb', '2013-05-08 00:02:55', 'Admission Submitted', 2880),
(2884, '2013-05-08 00:03:24', 'pradeepb', 0, 'Reviewed', 'pradeepb', '2013-05-08 00:03:24', 'OLD ADM', 2880),
(2886, '2013-05-08 00:03:46', 'pradeepb', 0, 'Accepted', 'pradeepb', '2013-05-08 00:03:46', 'OLD ADM', 2880),
(2897, '2013-05-08 00:04:04', 'pradeepb', 0, 'Admitted', 'pradeepb', '2013-05-08 00:04:04', 'Student Admitted', 2880),
(2914, '2013-05-08 01:44:39', 'pradeepb', 0, 'Submitted', 'pradeepb', '2013-05-08 01:44:39', 'Admission Submitted', 2911),
(2915, '2013-05-08 01:45:59', 'pradeepb', 0, 'Reviewed', 'pradeepb', '2013-05-08 01:45:59', 'OLD ADM', 2911),
(2917, '2013-05-08 01:46:48', 'pradeepb', 0, 'Accepted', 'pradeepb', '2013-05-08 01:46:48', 'OLD ADM', 2911),
(2927, '2013-05-08 01:47:14', 'pradeepb', 0, 'Admitted', 'pradeepb', '2013-05-08 01:47:14', 'Student Admitted', 2911),
(2944, '2013-05-08 02:03:08', 'pradeepb', 0, 'Submitted', 'pradeepb', '2013-05-08 02:03:08', 'Admission Submitted', 2941),
(2945, '2013-05-08 02:03:45', 'pradeepb', 0, 'Reviewed', 'pradeepb', '2013-05-08 02:03:45', 'OLD ADM', 2941),
(2947, '2013-05-08 02:04:22', 'pradeepb', 0, 'Accepted', 'pradeepb', '2013-05-08 02:04:22', 'OLD ADM', 2941),
(2957, '2013-05-08 02:04:43', 'pradeepb', 0, 'Admitted', 'pradeepb', '2013-05-08 02:04:43', 'Student Admitted', 2941),
(2971, '2013-05-08 02:17:18', 'pradeepb', 0, 'Submitted', 'pradeepb', '2013-05-08 02:17:18', 'Admission Submitted', 2968),
(2972, '2013-05-08 02:18:03', 'pradeepb', 0, 'Reviewed', 'pradeepb', '2013-05-08 02:18:03', 'OLD ADM', 2968),
(2974, '2013-05-08 02:18:32', 'pradeepb', 0, 'Accepted', 'pradeepb', '2013-05-08 02:18:32', 'OLD ADM', 2968),
(2984, '2013-05-08 02:18:53', 'pradeepb', 0, 'Admitted', 'pradeepb', '2013-05-08 02:18:53', 'Student Admitted', 2968),
(2998, '2013-05-08 02:27:25', 'pradeepb', 0, 'Submitted', 'pradeepb', '2013-05-08 02:27:25', 'Admission Submitted', 2995),
(2999, '2013-05-08 02:27:46', 'pradeepb', 0, 'Reviewed', 'pradeepb', '2013-05-08 02:27:46', 'OLD ADM', 2995),
(3001, '2013-05-08 02:28:14', 'pradeepb', 0, 'Accepted', 'pradeepb', '2013-05-08 02:28:14', 'OLD ADM', 2995),
(3011, '2013-05-08 02:28:35', 'pradeepb', 0, 'Admitted', 'pradeepb', '2013-05-08 02:28:35', 'Student Admitted', 2995),
(3016, '2013-05-08 02:49:55', 'pradeepb', 0, 'Submitted', 'pradeepb', '2013-05-08 02:49:55', 'Admission Submitted', 3013),
(3017, '2013-05-08 02:50:12', 'pradeepb', 0, 'Reviewed', 'pradeepb', '2013-05-08 02:50:12', 'OLD ADM', 3013),
(3019, '2013-05-08 02:50:38', 'pradeepb', 0, 'Accepted', 'pradeepb', '2013-05-08 02:50:38', 'OLD ADM', 3013),
(3027, '2013-05-08 02:50:47', 'pradeepb', 0, 'Admitted', 'pradeepb', '2013-05-08 02:50:47', 'Student Admitted', 3013),
(3046, '2013-05-08 03:29:09', 'pradeepb', 0, 'Submitted', 'pradeepb', '2013-05-08 03:29:09', 'Admission Submitted', 3043),
(3047, '2013-05-08 03:29:26', 'pradeepb', 0, 'Reviewed', 'pradeepb', '2013-05-08 03:29:26', 'OLD ADM', 3043),
(3049, '2013-05-08 03:30:05', 'pradeepb', 0, 'Accepted', 'pradeepb', '2013-05-08 03:30:05', 'OLD ADM', 3043),
(3059, '2013-05-08 03:30:29', 'pradeepb', 0, 'Admitted', 'pradeepb', '2013-05-08 03:30:29', 'Student Admitted', 3043),
(3077, '2013-05-08 05:11:47', 'pradeepb', 0, 'Submitted', 'pradeepb', '2013-05-08 05:11:47', 'Admission Submitted', 3074),
(3078, '2013-05-08 05:12:04', 'pradeepb', 0, 'Reviewed', 'pradeepb', '2013-05-08 05:12:04', 'OLD ADM', 3074),
(3080, '2013-05-08 05:12:36', 'pradeepb', 0, 'Accepted', 'pradeepb', '2013-05-08 05:12:36', 'OLD ADM', 3074),
(3090, '2013-05-08 05:12:54', 'pradeepb', 0, 'Admitted', 'pradeepb', '2013-05-08 05:12:54', 'Student Admitted', 3074),
(3111, '2013-05-08 05:39:35', 'pradeepb', 0, 'Submitted', 'pradeepb', '2013-05-08 05:39:35', 'Admission Submitted', 3108),
(3112, '2013-05-08 05:39:53', 'pradeepb', 0, 'Reviewed', 'pradeepb', '2013-05-08 05:39:53', 'OLD ADM', 3108),
(3114, '2013-05-08 05:40:52', 'pradeepb', 0, 'Accepted', 'pradeepb', '2013-05-08 05:40:52', 'OLD ADM', 3108),
(3124, '2013-05-08 05:43:45', 'pradeepb', 0, 'Admitted', 'pradeepb', '2013-05-08 05:43:45', 'Student Admitted', 3108),
(3137, '2013-05-08 06:54:44', 'pradeepb', 0, 'Submitted', 'pradeepb', '2013-05-08 06:54:44', 'Admission Submitted', 3134),
(3138, '2013-05-08 06:54:58', 'pradeepb', 0, 'Reviewed', 'pradeepb', '2013-05-08 06:54:58', 'OLD ADM', 3134),
(3140, '2013-05-08 06:55:34', 'pradeepb', 0, 'Accepted', 'pradeepb', '2013-05-08 06:55:34', 'OLD ADM', 3134),
(3150, '2013-05-08 06:55:52', 'pradeepb', 0, 'Admitted', 'pradeepb', '2013-05-08 06:55:52', 'Student Admitted', 3134),
(3165, '2013-05-08 07:26:51', 'pradeepb', 0, 'Submitted', 'pradeepb', '2013-05-08 07:26:51', 'Admission Submitted', 3162),
(3166, '2013-05-08 07:27:07', 'pradeepb', 0, 'Reviewed', 'pradeepb', '2013-05-08 07:27:07', 'OLD ADM', 3162),
(3168, '2013-05-08 07:27:32', 'pradeepb', 0, 'Accepted', 'pradeepb', '2013-05-08 07:27:32', 'OLD ADM', 3162),
(3178, '2013-05-08 07:28:00', 'pradeepb', 0, 'Admitted', 'pradeepb', '2013-05-08 07:28:00', 'Student Admitted', 3162),
(3194, '2013-05-08 07:37:41', 'pradeepb', 0, 'Submitted', 'pradeepb', '2013-05-08 07:37:41', 'Admission Submitted', 3191),
(3195, '2013-05-08 07:37:58', 'pradeepb', 0, 'Reviewed', 'pradeepb', '2013-05-08 07:37:58', 'OLD ADM', 3191),
(3197, '2013-05-08 07:38:35', 'pradeepb', 0, 'Accepted', 'pradeepb', '2013-05-08 07:38:35', 'OLD ADM', 3191),
(3207, '2013-05-08 07:38:56', 'pradeepb', 0, 'Admitted', 'pradeepb', '2013-05-08 07:38:56', 'Student Admitted', 3191),
(3218, '2013-05-08 07:47:09', 'pradeepb', 0, 'Submitted', 'pradeepb', '2013-05-08 07:47:09', 'Admission Submitted', 3215),
(3219, '2013-05-08 07:47:27', 'pradeepb', 0, 'Reviewed', 'pradeepb', '2013-05-08 07:47:27', 'OLD ADM', 3215),
(3221, '2013-05-08 07:48:16', 'pradeepb', 0, 'Accepted', 'pradeepb', '2013-05-08 07:48:16', 'OLD ADM', 3215),
(3231, '2013-05-08 07:48:31', 'pradeepb', 0, 'Admitted', 'pradeepb', '2013-05-08 07:48:31', 'Student Admitted', 3215),
(3242, '2013-05-08 07:54:33', 'pradeepb', 0, 'Submitted', 'pradeepb', '2013-05-08 07:54:33', 'Admission Submitted', 3239),
(3243, '2013-05-08 07:54:52', 'pradeepb', 0, 'Reviewed', 'pradeepb', '2013-05-08 07:54:52', 'OLD ADM', 3239),
(3245, '2013-05-08 07:55:16', 'pradeepb', 0, 'Accepted', 'pradeepb', '2013-05-08 07:55:16', 'OLD ADM', 3239),
(3255, '2013-05-08 07:55:31', 'pradeepb', 0, 'Admitted', 'pradeepb', '2013-05-08 07:55:31', 'Student Admitted', 3239),
(3280, '2013-05-08 08:03:14', 'pradeepb', 0, 'Submitted', 'pradeepb', '2013-05-08 08:03:14', 'Admission Submitted', 3277),
(3281, '2013-05-08 08:03:44', 'pradeepb', 0, 'Reviewed', 'pradeepb', '2013-05-08 08:03:44', 'OLD ADM', 3277),
(3283, '2013-05-08 08:04:06', 'pradeepb', 0, 'Accepted', 'pradeepb', '2013-05-08 08:04:06', 'OLD ADM', 3277),
(3293, '2013-05-08 08:04:43', 'pradeepb', 0, 'Admitted', 'pradeepb', '2013-05-08 08:04:43', 'Student Admitted', 3277),
(3307, '2013-05-08 23:35:00', 'pradeepb', 0, 'Submitted', 'pradeepb', '2013-05-08 23:35:00', 'Admission Submitted', 3304),
(3308, '2013-05-08 23:35:19', 'pradeepb', 0, 'Reviewed', 'pradeepb', '2013-05-08 23:35:19', 'OLD ADM', 3304),
(3310, '2013-05-08 23:36:02', 'pradeepb', 0, 'Accepted', 'pradeepb', '2013-05-08 23:36:02', 'OLD ADM', 3304),
(3320, '2013-05-08 23:36:26', 'pradeepb', 0, 'Admitted', 'pradeepb', '2013-05-08 23:36:26', 'Student Admitted', 3304),
(3334, '2013-05-08 23:44:23', 'pradeepb', 0, 'Submitted', 'pradeepb', '2013-05-08 23:44:23', 'Admission Submitted', 3331),
(3335, '2013-05-08 23:44:39', 'pradeepb', 0, 'Reviewed', 'pradeepb', '2013-05-08 23:44:39', 'OLD ADM', 3331),
(3337, '2013-05-08 23:45:17', 'pradeepb', 0, 'Accepted', 'pradeepb', '2013-05-08 23:45:17', 'OLD ADM', 3331),
(3347, '2013-05-08 23:45:48', 'pradeepb', 0, 'Admitted', 'pradeepb', '2013-05-08 23:45:48', 'Student Admitted', 3331),
(3363, '2013-05-08 23:53:26', 'pradeepb', 0, 'Submitted', 'pradeepb', '2013-05-08 23:53:26', 'Admission Submitted', 3360),
(3364, '2013-05-08 23:53:56', 'pradeepb', 0, 'Reviewed', 'pradeepb', '2013-05-08 23:53:56', 'OLD ADM', 3360),
(3366, '2013-05-08 23:54:57', 'pradeepb', 0, 'Accepted', 'pradeepb', '2013-05-08 23:54:57', 'OLD ADM', 3360),
(3376, '2013-05-08 23:55:17', 'pradeepb', 0, 'Admitted', 'pradeepb', '2013-05-08 23:55:17', 'Student Admitted', 3360),
(3390, '2013-05-09 00:02:20', 'pradeepb', 0, 'Submitted', 'pradeepb', '2013-05-09 00:02:20', 'Admission Submitted', 3387),
(3391, '2013-05-09 00:02:38', 'pradeepb', 0, 'Reviewed', 'pradeepb', '2013-05-09 00:02:38', 'OLD ADM', 3387),
(3393, '2013-05-09 00:02:58', 'pradeepb', 0, 'Accepted', 'pradeepb', '2013-05-09 00:02:58', 'OLD ADM', 3387),
(3404, '2013-05-09 00:03:15', 'pradeepb', 0, 'Admitted', 'pradeepb', '2013-05-09 00:03:15', 'Student Admitted', 3387),
(3427, '2013-05-09 00:12:26', 'pradeepb', 0, 'Submitted', 'pradeepb', '2013-05-09 00:12:26', 'Admission Submitted', 3424),
(3428, '2013-05-09 00:34:10', 'pradeepb', 0, 'Reviewed', 'pradeepb', '2013-05-09 00:34:10', 'OLD ADM', 3424),
(3430, '2013-05-09 00:34:41', 'pradeepb', 0, 'Accepted', 'pradeepb', '2013-05-09 00:34:41', 'OLD ADM', 3424),
(3440, '2013-05-09 00:34:55', 'pradeepb', 0, 'Admitted', 'pradeepb', '2013-05-09 00:34:55', 'Student Admitted', 3424),
(3455, '2013-05-09 00:48:27', 'pradeepb', 0, 'Submitted', 'pradeepb', '2013-05-09 00:48:27', 'Admission Submitted', 3452),
(3456, '2013-05-09 00:49:01', 'pradeepb', 0, 'Reviewed', 'pradeepb', '2013-05-09 00:49:01', 'OLD ADM', 3452),
(3458, '2013-05-09 00:49:48', 'pradeepb', 0, 'Accepted', 'pradeepb', '2013-05-09 00:49:48', 'OLD ADM', 3452),
(3468, '2013-05-09 00:50:19', 'pradeepb', 0, 'Admitted', 'pradeepb', '2013-05-09 00:50:19', 'Student Admitted', 3452),
(3479, '2013-05-09 00:57:14', 'pradeepb', 0, 'Submitted', 'pradeepb', '2013-05-09 00:57:14', 'Admission Submitted', 3476),
(3480, '2013-05-09 01:02:54', 'pradeepb', 0, 'Reviewed', 'pradeepb', '2013-05-09 01:02:54', 'OLD ADM', 3476),
(3482, '2013-05-09 01:03:29', 'pradeepb', 0, 'Accepted', 'pradeepb', '2013-05-09 01:03:29', 'OLD ADM', 3476),
(3492, '2013-05-09 01:03:52', 'pradeepb', 0, 'Admitted', 'pradeepb', '2013-05-09 01:03:52', 'Student Admitted', 3476),
(3511, '2013-05-09 01:22:05', 'pradeepb', 0, 'Submitted', 'pradeepb', '2013-05-09 01:22:05', 'Admission Submitted', 3508),
(3512, '2013-05-09 01:22:28', 'pradeepb', 0, 'Reviewed', 'pradeepb', '2013-05-09 01:22:28', 'OLD ADM', 3508),
(3514, '2013-05-09 01:22:58', 'pradeepb', 0, 'Accepted', 'pradeepb', '2013-05-09 01:22:58', 'OLD ADM', 3508),
(3524, '2013-05-09 01:23:15', 'pradeepb', 0, 'Admitted', 'pradeepb', '2013-05-09 01:23:15', 'Student Admitted', 3508),
(3541, '2013-05-09 01:37:40', 'pradeepb', 0, 'Submitted', 'pradeepb', '2013-05-09 01:37:40', 'Admission Submitted', 3538),
(3542, '2013-05-09 01:38:03', 'pradeepb', 0, 'Reviewed', 'pradeepb', '2013-05-09 01:38:03', 'OLD ADM', 3538),
(3544, '2013-05-09 01:38:30', 'pradeepb', 0, 'Accepted', 'pradeepb', '2013-05-09 01:38:30', 'OLD ADM', 3538),
(3554, '2013-05-09 01:38:53', 'pradeepb', 0, 'Admitted', 'pradeepb', '2013-05-09 01:38:53', 'Student Admitted', 3538),
(3565, '2013-05-09 01:46:54', 'pradeepb', 0, 'Submitted', 'pradeepb', '2013-05-09 01:46:54', 'Admission Submitted', 3562),
(3566, '2013-05-09 01:47:12', 'pradeepb', 0, 'Reviewed', 'pradeepb', '2013-05-09 01:47:12', 'OLD ADM', 3562),
(3568, '2013-05-09 01:47:49', 'pradeepb', 0, 'Accepted', 'pradeepb', '2013-05-09 01:47:49', 'OLD ADM', 3562),
(3578, '2013-05-09 01:48:06', 'pradeepb', 0, 'Admitted', 'pradeepb', '2013-05-09 01:48:06', 'Student Admitted', 3562),
(3598, '2013-05-09 02:00:04', 'pradeepb', 0, 'Submitted', 'pradeepb', '2013-05-09 02:00:04', 'Admission Submitted', 3595);
INSERT INTO `STUDENT_STATUS_HISTORY` (`ID`, `AUDIT_TIMESTAMP`, `AUDIT_USER_NAME`, `VERSION`, `ACTION`, `ACTION_TAKEN_BY`, `ACTION_TAKEN_TIME`, `COMMENTS`, `STUDENT_ID`) VALUES
(3599, '2013-05-09 02:00:36', 'pradeepb', 0, 'Reviewed', 'pradeepb', '2013-05-09 02:00:36', 'OLD ADM', 3595),
(3601, '2013-05-09 02:02:32', 'pradeepb', 0, 'Accepted', 'pradeepb', '2013-05-09 02:02:32', 'OLD ADM', 3595),
(3611, '2013-05-09 02:02:56', 'pradeepb', 0, 'Admitted', 'pradeepb', '2013-05-09 02:02:56', 'Student Admitted', 3595),
(3644, '2013-05-09 03:16:43', 'pradeepb', 0, 'Submitted', 'pradeepb', '2013-05-09 03:16:43', 'Admission Submitted', 3641),
(3645, '2013-05-09 03:16:59', 'pradeepb', 0, 'Reviewed', 'pradeepb', '2013-05-09 03:16:59', 'OLD ADM', 3641),
(3647, '2013-05-09 03:17:34', 'pradeepb', 0, 'Accepted', 'pradeepb', '2013-05-09 03:17:34', 'OLD ADM', 3641),
(3658, '2013-05-09 03:17:49', 'pradeepb', 0, 'Admitted', 'pradeepb', '2013-05-09 03:17:49', 'Student Admitted', 3641),
(3663, '2013-05-09 05:44:51', 'pradeepb', 0, 'Submitted', 'pradeepb', '2013-05-09 05:44:51', 'Admission Submitted', 3660),
(3664, '2013-05-09 05:46:52', 'pradeepb', 0, 'Reviewed', 'pradeepb', '2013-05-09 05:46:52', 'OLD ADM', 3660),
(3666, '2013-05-09 05:47:54', 'pradeepb', 0, 'Accepted', 'pradeepb', '2013-05-09 05:47:54', 'OLD ADM', 3660),
(3679, '2013-05-09 05:49:19', 'pradeepb', 0, 'Admitted', 'pradeepb', '2013-05-09 05:49:19', 'Student Admitted', 3660),
(3684, '2013-05-09 05:59:05', 'pradeepb', 0, 'Submitted', 'pradeepb', '2013-05-09 05:59:05', 'Admission Submitted', 3681),
(3685, '2013-05-09 05:59:26', 'pradeepb', 0, 'Reviewed', 'pradeepb', '2013-05-09 05:59:26', 'OLD ADM', 3681),
(3687, '2013-05-09 06:01:04', 'pradeepb', 0, 'Accepted', 'pradeepb', '2013-05-09 06:01:04', 'OLD ADM', 3681),
(3700, '2013-05-09 06:01:41', 'pradeepb', 0, 'Admitted', 'pradeepb', '2013-05-09 06:01:41', 'Student Admitted', 3681),
(3705, '2013-05-09 06:05:54', 'pradeepb', 0, 'Submitted', 'pradeepb', '2013-05-09 06:05:54', 'Admission Submitted', 3702),
(3706, '2013-05-09 06:06:16', 'pradeepb', 0, 'Reviewed', 'pradeepb', '2013-05-09 06:06:16', 'OLD ADM', 3702),
(3708, '2013-05-09 06:06:42', 'pradeepb', 0, 'Accepted', 'pradeepb', '2013-05-09 06:06:42', 'OLD ADM', 3702),
(3721, '2013-05-09 06:07:00', 'pradeepb', 0, 'Admitted', 'pradeepb', '2013-05-09 06:07:00', 'Student Admitted', 3702),
(3726, '2013-05-09 07:12:17', 'pradeepb', 0, 'Submitted', 'pradeepb', '2013-05-09 07:12:17', 'Admission Submitted', 3723),
(3727, '2013-05-09 07:12:50', 'pradeepb', 0, 'Reviewed', 'pradeepb', '2013-05-09 07:12:50', 'OLD ADM', 3723),
(3729, '2013-05-09 07:13:01', 'pradeepb', 0, 'Accepted', 'pradeepb', '2013-05-09 07:13:01', 'OLD ADM', 3723),
(3740, '2013-05-09 07:13:17', 'pradeepb', 0, 'Admitted', 'pradeepb', '2013-05-09 07:13:17', 'Student Admitted', 3723),
(3745, '2013-05-09 07:18:06', 'pradeepb', 0, 'Submitted', 'pradeepb', '2013-05-09 07:18:06', 'Admission Submitted', 3742),
(3746, '2013-05-09 07:18:25', 'pradeepb', 0, 'Reviewed', 'pradeepb', '2013-05-09 07:18:25', 'OLD ADM', 3742),
(3748, '2013-05-09 07:20:14', 'pradeepb', 0, 'Accepted', 'pradeepb', '2013-05-09 07:20:14', 'OLD ADM', 3742),
(3761, '2013-05-09 07:20:48', 'pradeepb', 0, 'Admitted', 'pradeepb', '2013-05-09 07:20:48', 'Student Admitted', 3742),
(3766, '2013-05-09 07:47:12', 'pradeepb', 0, 'Submitted', 'pradeepb', '2013-05-09 07:47:12', 'Admission Submitted', 3763),
(3767, '2013-05-09 23:50:49', 'pradeepb', 0, 'Reviewed', 'pradeepb', '2013-05-09 23:50:49', 'OLD ADM', 3763),
(3769, '2013-05-09 23:51:31', 'pradeepb', 0, 'Accepted', 'pradeepb', '2013-05-09 23:51:31', 'OLD ADM', 3763),
(3782, '2013-05-09 23:51:51', 'pradeepb', 0, 'Admitted', 'pradeepb', '2013-05-09 23:51:51', 'Student Admitted', 3763),
(3787, '2013-05-10 00:10:27', 'pradeepb', 0, 'Submitted', 'pradeepb', '2013-05-10 00:10:27', 'Admission Submitted', 3784),
(3788, '2013-05-10 00:10:49', 'pradeepb', 0, 'Reviewed', 'pradeepb', '2013-05-10 00:10:49', 'OLD ADM', 3784),
(3790, '2013-05-10 00:11:14', 'pradeepb', 0, 'Accepted', 'pradeepb', '2013-05-10 00:11:14', 'OLD ADM', 3784),
(3804, '2013-05-10 00:11:41', 'pradeepb', 0, 'Admitted', 'pradeepb', '2013-05-10 00:11:41', 'Student Admitted', 3784),
(3808, '2013-05-10 01:38:36', 'pradeepb', 0, 'Submitted', 'pradeepb', '2013-05-10 01:38:36', 'Admission Submitted', 3806),
(3809, '2013-05-10 01:38:57', 'pradeepb', 0, 'Reviewed', 'pradeepb', '2013-05-10 01:38:57', 'OLD ADM', 3806),
(3812, '2013-05-10 01:39:34', 'pradeepb', 0, 'Accepted', 'pradeepb', '2013-05-10 01:39:34', 'OLD ADM', 3806),
(3823, '2013-05-10 01:39:53', 'pradeepb', 0, 'Admitted', 'pradeepb', '2013-05-10 01:39:53', 'Student Admitted', 3806),
(3828, '2013-05-10 01:55:11', 'pradeepb', 0, 'Submitted', 'pradeepb', '2013-05-10 01:55:11', 'Admission Submitted', 3825),
(3829, '2013-05-10 01:55:36', 'pradeepb', 0, 'Reviewed', 'pradeepb', '2013-05-10 01:55:36', 'OLD ADM', 3825),
(3831, '2013-05-10 01:56:03', 'pradeepb', 0, 'Accepted', 'pradeepb', '2013-05-10 01:56:03', 'OLD ADM', 3825),
(3844, '2013-05-10 01:56:21', 'pradeepb', 0, 'Admitted', 'pradeepb', '2013-05-10 01:56:21', 'Student Admitted', 3825),
(3849, '2013-05-10 02:04:24', 'pradeepb', 0, 'Submitted', 'pradeepb', '2013-05-10 02:04:24', 'Admission Submitted', 3846),
(3850, '2013-05-10 02:05:43', 'pradeepb', 0, 'Reviewed', 'pradeepb', '2013-05-10 02:05:43', 'OLD ADM', 3846),
(3852, '2013-05-10 02:06:12', 'pradeepb', 0, 'Accepted', 'pradeepb', '2013-05-10 02:06:12', 'OLD ADM', 3846),
(3865, '2013-05-10 02:06:38', 'pradeepb', 0, 'Admitted', 'pradeepb', '2013-05-10 02:06:38', 'Student Admitted', 3846),
(3872, '2013-05-10 02:11:07', 'pradeepb', 0, 'Submitted', 'pradeepb', '2013-05-10 02:11:07', 'Admission Submitted', 3869),
(3873, '2013-05-10 02:21:49', 'pradeepb', 0, 'Reviewed', 'pradeepb', '2013-05-10 02:21:49', 'OLD ADM', 3869),
(3875, '2013-05-10 02:22:19', 'pradeepb', 0, 'Accepted', 'pradeepb', '2013-05-10 02:22:19', 'OLD ADM', 3869),
(3888, '2013-05-10 02:25:45', 'pradeepb', 0, 'Admitted', 'pradeepb', '2013-05-10 02:25:45', 'Student Admitted', 3869),
(3893, '2013-05-10 02:52:43', 'pradeepb', 0, 'Submitted', 'pradeepb', '2013-05-10 02:52:43', 'Admission Submitted', 3890),
(3894, '2013-05-10 02:54:27', 'pradeepb', 0, 'Reviewed', 'pradeepb', '2013-05-10 02:54:27', 'OLD ADM', 3890),
(3896, '2013-05-10 02:55:22', 'pradeepb', 0, 'Accepted', 'pradeepb', '2013-05-10 02:55:22', 'OLD ADM', 3890),
(3909, '2013-05-10 02:56:09', 'pradeepb', 0, 'Admitted', 'pradeepb', '2013-05-10 02:56:09', 'Student Admitted', 3890),
(3914, '2013-05-10 04:32:18', 'pradeepb', 0, 'Submitted', 'pradeepb', '2013-05-10 04:32:18', 'Admission Submitted', 3911),
(3915, '2013-05-10 04:32:32', 'pradeepb', 0, 'Reviewed', 'pradeepb', '2013-05-10 04:32:32', 'OLD ADM', 3911),
(3917, '2013-05-10 04:33:05', 'pradeepb', 0, 'Accepted', 'pradeepb', '2013-05-10 04:33:05', 'OLD ADM', 3911),
(3930, '2013-05-10 04:33:32', 'pradeepb', 0, 'Admitted', 'pradeepb', '2013-05-10 04:33:32', 'Student Admitted', 3911),
(3935, '2013-05-10 04:44:19', 'pradeepb', 0, 'Submitted', 'pradeepb', '2013-05-10 04:44:19', 'Admission Submitted', 3932),
(3936, '2013-05-10 04:44:47', 'pradeepb', 0, 'Reviewed', 'pradeepb', '2013-05-10 04:44:47', 'OLD ADM', 3932),
(3938, '2013-05-10 04:45:12', 'pradeepb', 0, 'Accepted', 'pradeepb', '2013-05-10 04:45:12', 'OLD ADM', 3932),
(3951, '2013-05-10 04:45:30', 'pradeepb', 0, 'Admitted', 'pradeepb', '2013-05-10 04:45:30', 'Student Admitted', 3932),
(3956, '2013-05-10 04:50:12', 'pradeepb', 0, 'Submitted', 'pradeepb', '2013-05-10 04:50:12', 'Admission Submitted', 3953),
(3957, '2013-05-10 04:51:43', 'pradeepb', 0, 'Reviewed', 'pradeepb', '2013-05-10 04:51:43', 'OLD ADM', 3953),
(3959, '2013-05-10 04:52:12', 'pradeepb', 0, 'Accepted', 'pradeepb', '2013-05-10 04:52:12', 'OLD ADM', 3953),
(3972, '2013-05-10 04:52:34', 'pradeepb', 0, 'Admitted', 'pradeepb', '2013-05-10 04:52:34', 'Student Admitted', 3953),
(3977, '2013-05-10 05:29:07', 'pradeepb', 0, 'Submitted', 'pradeepb', '2013-05-10 05:29:07', 'Admission Submitted', 3974),
(3978, '2013-05-10 05:29:37', 'pradeepb', 0, 'Reviewed', 'pradeepb', '2013-05-10 05:29:37', 'OLD ADM', 3974),
(3980, '2013-05-10 05:30:18', 'pradeepb', 0, 'Accepted', 'pradeepb', '2013-05-10 05:30:18', 'OLD ADM', 3974),
(3993, '2013-05-10 05:30:38', 'pradeepb', 0, 'Admitted', 'pradeepb', '2013-05-10 05:30:38', 'Student Admitted', 3974),
(3998, '2013-05-10 05:44:39', 'pradeepb', 0, 'Submitted', 'pradeepb', '2013-05-10 05:44:39', 'Admission Submitted', 3995),
(4004, '2013-05-10 23:57:20', 'pradeepb', 0, 'Reviewed', 'pradeepb', '2013-05-10 23:57:20', 'OLD ADM', 3995),
(4006, '2013-05-10 23:57:50', 'pradeepb', 0, 'Accepted', 'pradeepb', '2013-05-10 23:57:50', 'OLD ADM', 3995),
(4019, '2013-05-10 23:58:09', 'pradeepb', 0, 'Admitted', 'pradeepb', '2013-05-10 23:58:09', 'Student Admitted', 3995),
(4024, '2013-05-11 00:07:09', 'pradeepb', 0, 'Submitted', 'pradeepb', '2013-05-11 00:07:09', 'Admission Submitted', 4021),
(4025, '2013-05-11 00:07:27', 'pradeepb', 0, 'Reviewed', 'pradeepb', '2013-05-11 00:07:27', 'OLD ADM', 4021),
(4027, '2013-05-11 00:07:51', 'pradeepb', 0, 'Accepted', 'pradeepb', '2013-05-11 00:07:51', 'OLD ADM', 4021),
(4041, '2013-05-11 00:08:14', 'pradeepb', 0, 'Admitted', 'pradeepb', '2013-05-11 00:08:14', 'Student Admitted', 4021),
(4046, '2013-05-11 00:12:10', 'pradeepb', 0, 'Submitted', 'pradeepb', '2013-05-11 00:12:10', 'Admission Submitted', 4043),
(4047, '2013-05-11 00:12:29', 'pradeepb', 0, 'Reviewed', 'pradeepb', '2013-05-11 00:12:29', 'OLD ADM', 4043),
(4049, '2013-05-11 00:12:54', 'pradeepb', 0, 'Accepted', 'pradeepb', '2013-05-11 00:12:54', 'OLD ADM', 4043),
(4062, '2013-05-11 00:13:12', 'pradeepb', 0, 'Admitted', 'pradeepb', '2013-05-11 00:13:12', 'Student Admitted', 4043),
(4067, '2013-05-11 00:16:57', 'pradeepb', 0, 'Submitted', 'pradeepb', '2013-05-11 00:16:57', 'Admission Submitted', 4064),
(4068, '2013-05-11 00:17:17', 'pradeepb', 0, 'Reviewed', 'pradeepb', '2013-05-11 00:17:17', 'OLD ADM', 4064),
(4070, '2013-05-11 00:17:42', 'pradeepb', 0, 'Accepted', 'pradeepb', '2013-05-11 00:17:42', 'OLD ADM', 4064),
(4083, '2013-05-11 00:17:58', 'pradeepb', 0, 'Admitted', 'pradeepb', '2013-05-11 00:17:58', 'Student Admitted', 4064),
(4087, '2013-05-11 00:22:00', 'pradeepb', 0, 'Submitted', 'pradeepb', '2013-05-11 00:22:00', 'Admission Submitted', 4085),
(4088, '2013-05-11 00:22:20', 'pradeepb', 0, 'Reviewed', 'pradeepb', '2013-05-11 00:22:20', 'OLD ADM', 4085),
(4091, '2013-05-11 00:22:52', 'pradeepb', 0, 'Accepted', 'pradeepb', '2013-05-11 00:22:52', 'OLD ADM', 4085),
(4102, '2013-05-11 00:23:18', 'pradeepb', 0, 'Admitted', 'pradeepb', '2013-05-11 00:23:18', 'Student Admitted', 4085),
(4107, '2013-05-11 00:29:14', 'pradeepb', 0, 'Submitted', 'pradeepb', '2013-05-11 00:29:14', 'Admission Submitted', 4104),
(4108, '2013-05-11 00:29:35', 'pradeepb', 0, 'Reviewed', 'pradeepb', '2013-05-11 00:29:35', 'OLD ADM', 4104),
(4110, '2013-05-11 00:29:58', 'pradeepb', 0, 'Accepted', 'pradeepb', '2013-05-11 00:29:58', 'OLD ADM', 4104),
(4123, '2013-05-11 00:30:20', 'pradeepb', 0, 'Admitted', 'pradeepb', '2013-05-11 00:30:20', 'Student Admitted', 4104),
(4134, '2013-05-11 01:24:50', 'pradeepb', 0, 'Rejected', 'pradeepb', '2013-05-11 01:24:50', 'Rejected.', 2728),
(4144, '2013-05-11 01:37:13', 'pradeepb', 0, 'Submitted', 'pradeepb', '2013-05-11 01:37:13', 'Admission Submitted', 4141),
(4145, '2013-05-11 01:37:30', 'pradeepb', 0, 'Reviewed', 'pradeepb', '2013-05-11 01:37:30', 'OLD ADM', 4141),
(4147, '2013-05-11 01:37:59', 'pradeepb', 0, 'Accepted', 'pradeepb', '2013-05-11 01:37:59', 'OLD ADM', 4141),
(4160, '2013-05-11 01:38:25', 'pradeepb', 0, 'Admitted', 'pradeepb', '2013-05-11 01:38:25', 'Student Admitted', 4141),
(4165, '2013-05-11 01:39:11', 'apeironsol123', 0, 'Submitted', 'apeironsol123', '2013-05-11 01:39:11', 'Admission Submitted', 4162),
(4166, '2013-05-11 01:40:19', 'apeironsol123', 0, 'In-review', 'apeironsol123', '2013-05-11 01:40:19', 'NA', 4162),
(4167, '2013-05-11 01:40:33', 'apeironsol123', 0, 'Reviewed', 'apeironsol123', '2013-05-11 01:40:33', 'NA', 4162),
(4169, '2013-05-11 01:41:12', 'apeironsol123', 0, 'Accepted', 'apeironsol123', '2013-05-11 01:41:12', 'NA', 4162),
(4175, '2013-05-11 01:49:51', 'apeironsol123', 0, 'Submitted', 'apeironsol123', '2013-05-11 01:49:51', 'Admission Submitted', 4171),
(4176, '2013-05-11 01:50:12', 'apeironsol123', 0, 'Reviewed', 'apeironsol123', '2013-05-11 01:50:12', 'Old Admission.', 4171),
(4178, '2013-05-11 01:51:05', 'apeironsol123', 0, 'Accepted', 'apeironsol123', '2013-05-11 01:51:05', 'Old Admission.', 4171),
(4191, '2013-05-11 01:52:10', 'apeironsol123', 0, 'Admitted', 'apeironsol123', '2013-05-11 01:52:10', 'Student Admitted', 4162),
(4204, '2013-05-11 01:52:10', 'apeironsol123', 0, 'Admitted', 'apeironsol123', '2013-05-11 01:52:10', 'Student Admitted', 4171),
(4209, '2013-05-11 01:56:56', 'apeironsol123', 0, 'Submitted', 'apeironsol123', '2013-05-11 01:56:56', 'Admission Submitted', 4206),
(4210, '2013-05-11 01:57:35', 'apeironsol123', 0, 'Reviewed', 'apeironsol123', '2013-05-11 01:57:35', 'NA', 4206),
(4212, '2013-05-11 01:58:04', 'apeironsol123', 0, 'Accepted', 'apeironsol123', '2013-05-11 01:58:04', 'NA', 4206),
(4225, '2013-05-11 01:58:42', 'apeironsol123', 0, 'Admitted', 'apeironsol123', '2013-05-11 01:58:42', 'Student Admitted', 4206),
(4230, '2013-05-11 02:02:58', 'apeironsol123', 0, 'Submitted', 'apeironsol123', '2013-05-11 02:02:58', 'Admission Submitted', 4227),
(4231, '2013-05-11 02:03:13', 'apeironsol123', 0, 'Reviewed', 'apeironsol123', '2013-05-11 02:03:13', 'NA', 4227),
(4233, '2013-05-11 02:03:40', 'apeironsol123', 0, 'Accepted', 'apeironsol123', '2013-05-11 02:03:40', 'NA', 4227),
(4238, '2013-05-11 02:04:48', 'pradeepb', 0, 'Submitted', 'pradeepb', '2013-05-11 02:04:48', 'Admission Submitted', 4235),
(4239, '2013-05-11 02:05:04', 'pradeepb', 0, 'Reviewed', 'pradeepb', '2013-05-11 02:05:04', 'OLD ADM', 4235),
(4252, '2013-05-11 02:05:15', 'apeironsol123', 0, 'Admitted', 'apeironsol123', '2013-05-11 02:05:15', 'Student Admitted', 4227),
(4258, '2013-05-11 02:05:19', 'apeironsol123', 0, 'Submitted', 'apeironsol123', '2013-05-11 02:05:19', 'Admission Submitted', 4254),
(4260, '2013-05-11 02:05:37', 'pradeepb', 0, 'Accepted', 'pradeepb', '2013-05-11 02:05:37', 'OLD ADM', 4235),
(4261, '2013-05-11 02:05:46', 'apeironsol123', 0, 'Reviewed', 'apeironsol123', '2013-05-11 02:05:46', 'Old Admission.', 4254),
(4274, '2013-05-11 02:05:56', 'pradeepb', 0, 'Admitted', 'pradeepb', '2013-05-11 02:05:56', 'Student Admitted', 4235),
(4278, '2013-05-11 02:06:55', 'apeironsol123', 0, 'Accepted', 'apeironsol123', '2013-05-11 02:06:55', 'Old Admission.', 4254),
(4283, '2013-05-11 02:09:21', 'pradeepb', 0, 'Submitted', 'pradeepb', '2013-05-11 02:09:21', 'Admission Submitted', 4280),
(4284, '2013-05-11 02:09:39', 'pradeepb', 0, 'Reviewed', 'pradeepb', '2013-05-11 02:09:39', 'OLD ADM', 4280),
(4286, '2013-05-11 02:10:03', 'pradeepb', 0, 'Accepted', 'pradeepb', '2013-05-11 02:10:03', 'OLD ADM', 4280),
(4299, '2013-05-11 02:10:22', 'pradeepb', 0, 'Admitted', 'pradeepb', '2013-05-11 02:10:22', 'Student Admitted', 4280),
(4304, '2013-05-11 02:12:27', 'apeironsol123', 0, 'Submitted', 'apeironsol123', '2013-05-11 02:12:27', 'Admission Submitted', 4301),
(4305, '2013-05-11 02:12:51', 'apeironsol123', 0, 'Reviewed', 'apeironsol123', '2013-05-11 02:12:51', 'NA', 4301),
(4307, '2013-05-11 02:13:18', 'apeironsol123', 0, 'Accepted', 'apeironsol123', '2013-05-11 02:13:18', 'NA', 4301),
(4312, '2013-05-11 02:13:30', 'pradeepb', 0, 'Submitted', 'pradeepb', '2013-05-11 02:13:30', 'Admission Submitted', 4309),
(4313, '2013-05-11 02:13:45', 'pradeepb', 0, 'Reviewed', 'pradeepb', '2013-05-11 02:13:45', 'OLD ADM', 4309),
(4326, '2013-05-11 02:13:48', 'apeironsol123', 0, 'Admitted', 'apeironsol123', '2013-05-11 02:13:48', 'Student Admitted', 4301),
(4332, '2013-05-11 02:14:14', 'apeironsol123', 0, 'Submitted', 'apeironsol123', '2013-05-11 02:14:14', 'Admission Submitted', 4328),
(4334, '2013-05-11 02:14:34', 'pradeepb', 0, 'Accepted', 'pradeepb', '2013-05-11 02:14:34', 'OLD ADM', 4309),
(4335, '2013-05-11 02:14:35', 'apeironsol123', 0, 'Reviewed', 'apeironsol123', '2013-05-11 02:14:35', 'Old Admission.', 4328),
(4350, '2013-05-11 02:15:05', 'pradeepb', 0, 'Admitted', 'pradeepb', '2013-05-11 02:15:05', 'Student Admitted', 4309),
(4352, '2013-05-11 02:15:19', 'apeironsol123', 0, 'Accepted', 'apeironsol123', '2013-05-11 02:15:19', 'Old Admission.', 4328),
(4365, '2013-05-11 02:15:57', 'apeironsol123', 0, 'Admitted', 'apeironsol123', '2013-05-11 02:15:57', 'Student Admitted', 4328),
(4370, '2013-05-11 02:18:37', 'pradeepb', 0, 'Submitted', 'pradeepb', '2013-05-11 02:18:37', 'Admission Submitted', 4367),
(4375, '2013-05-11 02:18:44', 'apeironsol123', 0, 'Submitted', 'apeironsol123', '2013-05-11 02:18:44', 'Admission Submitted', 4372),
(4376, '2013-05-11 02:19:02', 'pradeepb', 0, 'Reviewed', 'pradeepb', '2013-05-11 02:19:02', 'OLD ADM', 4367),
(4377, '2013-05-11 02:19:06', 'apeironsol123', 0, 'Reviewed', 'apeironsol123', '2013-05-11 02:19:06', 'NA', 4372),
(4379, '2013-05-11 02:19:31', 'pradeepb', 0, 'Accepted', 'pradeepb', '2013-05-11 02:19:31', 'OLD ADM', 4367),
(4381, '2013-05-11 02:19:40', 'apeironsol123', 0, 'Accepted', 'apeironsol123', '2013-05-11 02:19:40', 'NA', 4372),
(4394, '2013-05-11 02:19:46', 'pradeepb', 0, 'Admitted', 'pradeepb', '2013-05-11 02:19:46', 'Student Admitted', 4367),
(4409, '2013-05-11 02:20:20', 'apeironsol123', 0, 'Admitted', 'apeironsol123', '2013-05-11 02:20:20', 'Student Admitted', 4372),
(4414, '2013-05-11 02:23:32', 'pradeepb', 0, 'Submitted', 'pradeepb', '2013-05-11 02:23:32', 'Admission Submitted', 4411),
(4420, '2013-05-11 02:23:45', 'apeironsol123', 0, 'Submitted', 'apeironsol123', '2013-05-11 02:23:45', 'Admission Submitted', 4416),
(4421, '2013-05-11 02:23:52', 'pradeepb', 0, 'Reviewed', 'pradeepb', '2013-05-11 02:23:52', 'OLD ADM', 4411),
(4422, '2013-05-11 02:24:11', 'apeironsol123', 0, 'Reviewed', 'apeironsol123', '2013-05-11 02:24:11', 'Old Admission.', 4416),
(4424, '2013-05-11 02:24:20', 'pradeepb', 0, 'Accepted', 'pradeepb', '2013-05-11 02:24:20', 'OLD ADM', 4411),
(4437, '2013-05-11 02:24:37', 'pradeepb', 0, 'Admitted', 'pradeepb', '2013-05-11 02:24:37', 'Student Admitted', 4411),
(4443, '2013-05-11 02:24:38', 'apeironsol123', 0, 'Submitted', 'apeironsol123', '2013-05-11 02:24:38', 'Admission Submitted', 4439),
(4445, '2013-05-11 02:24:53', 'apeironsol123', 0, 'Accepted', 'apeironsol123', '2013-05-11 02:24:53', 'Old Admission.', 4416),
(4446, '2013-05-11 02:24:54', 'apeironsol123', 0, 'Reviewed', 'apeironsol123', '2013-05-11 02:24:54', 'NA', 4439),
(4448, '2013-05-11 02:25:18', 'apeironsol123', 0, 'Accepted', 'apeironsol123', '2013-05-11 02:25:18', 'NA', 4439),
(4461, '2013-05-11 02:25:20', 'apeironsol123', 0, 'Admitted', 'apeironsol123', '2013-05-11 02:25:20', 'Student Admitted', 4416),
(4474, '2013-05-11 02:25:34', 'apeironsol123', 0, 'Admitted', 'apeironsol123', '2013-05-11 02:25:34', 'Student Admitted', 4439),
(4479, '2013-05-11 02:29:10', 'pradeepb', 0, 'Submitted', 'pradeepb', '2013-05-11 02:29:10', 'Admission Submitted', 4476),
(4480, '2013-05-11 02:29:40', 'pradeepb', 0, 'Reviewed', 'pradeepb', '2013-05-11 02:29:40', 'OLD ADM', 4476),
(4482, '2013-05-11 02:30:38', 'pradeepb', 0, 'Accepted', 'pradeepb', '2013-05-11 02:30:38', 'OLD ADM', 4476),
(4488, '2013-05-11 02:31:09', 'apeironsol123', 0, 'Submitted', 'apeironsol123', '2013-05-11 02:31:09', 'Admission Submitted', 4484),
(4489, '2013-05-11 02:31:36', 'apeironsol123', 0, 'Reviewed', 'apeironsol123', '2013-05-11 02:31:36', 'NA', 4484),
(4506, '2013-05-11 02:32:03', 'apeironsol123', 0, 'Accepted', 'apeironsol123', '2013-05-11 02:32:03', 'NA', 4484),
(4512, '2013-05-11 02:32:10', 'apeironsol123', 0, 'Submitted', 'apeironsol123', '2013-05-11 02:32:10', 'Admission Submitted', 4508),
(4539, '2013-05-11 02:32:25', 'apeironsol123', 0, 'Admitted', 'apeironsol123', '2013-05-11 02:32:25', 'Student Admitted', 4484),
(4540, '2013-05-11 02:32:34', 'apeironsol123', 0, 'Reviewed', 'apeironsol123', '2013-05-11 02:32:34', 'Old Admission.', 4508),
(4556, '2013-05-11 02:32:59', 'pradeepb', 0, 'Admitted', 'pradeepb', '2013-05-11 02:32:59', 'Student Admitted', 4476),
(4558, '2013-05-11 02:33:14', 'apeironsol123', 0, 'Accepted', 'apeironsol123', '2013-05-11 02:33:14', 'Old Admission.', 4508),
(4571, '2013-05-11 02:33:55', 'apeironsol123', 0, 'Admitted', 'apeironsol123', '2013-05-11 02:33:55', 'Student Admitted', 4508),
(4576, '2013-05-11 02:38:02', 'pradeepb', 0, 'Submitted', 'pradeepb', '2013-05-11 02:38:02', 'Admission Submitted', 4573),
(4581, '2013-05-11 02:38:12', 'apeironsol123', 0, 'Submitted', 'apeironsol123', '2013-05-11 02:38:12', 'Admission Submitted', 4578),
(4582, '2013-05-11 02:38:23', 'pradeepb', 0, 'Reviewed', 'pradeepb', '2013-05-11 02:38:23', 'OLD ADM', 4573),
(4583, '2013-05-11 02:38:29', 'apeironsol123', 0, 'Reviewed', 'apeironsol123', '2013-05-11 02:38:29', 'NA', 4578),
(4585, '2013-05-11 02:38:50', 'apeironsol123', 0, 'Accepted', 'apeironsol123', '2013-05-11 02:38:50', 'NA', 4578),
(4587, '2013-05-11 02:38:52', 'pradeepb', 0, 'Accepted', 'pradeepb', '2013-05-11 02:38:52', 'OLD ADM', 4573),
(4600, '2013-05-11 02:39:05', 'apeironsol123', 0, 'Admitted', 'apeironsol123', '2013-05-11 02:39:05', 'Student Admitted', 4578),
(4615, '2013-05-11 02:39:15', 'pradeepb', 0, 'Admitted', 'pradeepb', '2013-05-11 02:39:15', 'Student Admitted', 4573),
(4621, '2013-05-11 02:39:42', 'apeironsol123', 0, 'Submitted', 'apeironsol123', '2013-05-11 02:39:42', 'Admission Submitted', 4617),
(4622, '2013-05-11 02:39:57', 'apeironsol123', 0, 'Reviewed', 'apeironsol123', '2013-05-11 02:39:57', 'Old Admission', 4617),
(4624, '2013-05-11 02:40:29', 'apeironsol123', 0, 'Accepted', 'apeironsol123', '2013-05-11 02:40:29', 'Old Admission.', 4617),
(4637, '2013-05-11 02:40:49', 'apeironsol123', 0, 'Admitted', 'apeironsol123', '2013-05-11 02:40:49', 'Student Admitted', 4617),
(4642, '2013-05-11 02:43:07', 'pradeepb', 0, 'Submitted', 'pradeepb', '2013-05-11 02:43:07', 'Admission Submitted', 4639),
(4643, '2013-05-11 02:43:31', 'pradeepb', 0, 'Reviewed', 'pradeepb', '2013-05-11 02:43:31', 'OLD ADM', 4639),
(4648, '2013-05-11 02:43:41', 'apeironsol123', 0, 'Submitted', 'apeironsol123', '2013-05-11 02:43:41', 'Admission Submitted', 4645),
(4649, '2013-05-11 02:43:57', 'apeironsol123', 0, 'Reviewed', 'apeironsol123', '2013-05-11 02:43:57', 'NA', 4645),
(4651, '2013-05-11 02:44:21', 'apeironsol123', 0, 'Accepted', 'apeironsol123', '2013-05-11 02:44:21', 'NA', 4645),
(4653, '2013-05-11 02:44:27', 'pradeepb', 0, 'Accepted', 'pradeepb', '2013-05-11 02:44:27', 'OLD ADM', 4639),
(4666, '2013-05-11 02:44:39', 'apeironsol123', 0, 'Admitted', 'apeironsol123', '2013-05-11 02:44:39', 'Student Admitted', 4645),
(4679, '2013-05-11 02:44:44', 'pradeepb', 0, 'Admitted', 'pradeepb', '2013-05-11 02:44:44', 'Student Admitted', 4639),
(4684, '2013-05-11 02:49:37', 'apeironsol123', 0, 'Submitted', 'apeironsol123', '2013-05-11 02:49:37', 'Admission Submitted', 4681),
(4693, '2013-05-11 02:49:51', 'apeironsol123', 0, 'Reviewed', 'apeironsol123', '2013-05-11 02:49:51', 'NA', 4681),
(4703, '2013-05-11 02:50:12', 'apeironsol123', 0, 'Accepted', 'apeironsol123', '2013-05-11 02:50:12', 'NA', 4681),
(4704, '2013-05-11 02:50:24', 'apeironsol123', 0, 'Reviewed', 'apeironsol123', '2013-05-11 02:50:24', 'NA', 4686),
(4717, '2013-05-11 02:50:30', 'apeironsol123', 0, 'Admitted', 'apeironsol123', '2013-05-11 02:50:30', 'Student Admitted', 4681),
(4720, '2013-05-11 02:50:56', 'apeironsol123', 0, 'Accepted', 'apeironsol123', '2013-05-11 02:50:56', 'NA', 4686),
(4731, '2013-05-11 02:51:17', 'apeironsol123', 0, 'Admitted', 'apeironsol123', '2013-05-11 02:51:17', 'Student Admitted', 4686);

-- --------------------------------------------------------

--
-- Table structure for table `STUDENT_TRANSPORTANTION`
--

CREATE TABLE IF NOT EXISTS `STUDENT_TRANSPORTANTION` (
  `ID` bigint(20) NOT NULL,
  `AUDIT_TIMESTAMP` datetime NOT NULL,
  `AUDIT_USER_NAME` varchar(255) NOT NULL,
  `VERSION` bigint(20) NOT NULL,
  `PICKUPPOINT_ID` bigint(20) NOT NULL,
  `ROUTE_ID` bigint(20) NOT NULL,
  `STUDENT_ACADEMIC_YEAR_ID` bigint(20) NOT NULL,
  `VEHICLE_ID` bigint(20) NOT NULL,
  PRIMARY KEY (`ID`),
  KEY `FK97A91EE6BDD45D1C` (`ROUTE_ID`),
  KEY `FK97A91EE6AC13E29D` (`STUDENT_ACADEMIC_YEAR_ID`),
  KEY `FK97A91EE6D36F15BC` (`VEHICLE_ID`),
  KEY `FK97A91EE6CBEDD37C` (`PICKUPPOINT_ID`)
) ENGINE=MyISAM DEFAULT CHARSET=latin1;

-- --------------------------------------------------------

--
-- Table structure for table `STUDENT_TRANSPORTATION_FEE`
--

CREATE TABLE IF NOT EXISTS `STUDENT_TRANSPORTATION_FEE` (
  `ID` bigint(20) NOT NULL,
  `AUDIT_TIMESTAMP` datetime NOT NULL,
  `AUDIT_USER_NAME` varchar(255) NOT NULL,
  `VERSION` bigint(20) NOT NULL,
  `PICKUPPOINTFEE_ID` bigint(20) NOT NULL,
  `STUDENT_TRANSPORTATION_ID` bigint(20) NOT NULL,
  PRIMARY KEY (`ID`),
  KEY `FK1D5CF6B77CD232D8` (`PICKUPPOINTFEE_ID`),
  KEY `FK1D5CF6B758DD4F46` (`STUDENT_TRANSPORTATION_ID`)
) ENGINE=MyISAM DEFAULT CHARSET=latin1;

-- --------------------------------------------------------

--
-- Table structure for table `STUDENT_TRANS_FEE_TXN`
--

CREATE TABLE IF NOT EXISTS `STUDENT_TRANS_FEE_TXN` (
  `ID` bigint(20) NOT NULL,
  `AUDIT_TIMESTAMP` datetime NOT NULL,
  `AUDIT_USER_NAME` varchar(255) NOT NULL,
  `VERSION` bigint(20) NOT NULL,
  `AMOUNT` double NOT NULL,
  `SFT_TYPE` varchar(255) NOT NULL,
  `TRANSACTION_DATE` datetime NOT NULL,
  `PICKUPPOINT_FEE_PAYMENT` bigint(20) NOT NULL,
  `STUDENT_TRANSPORTATION_FEE_ID` bigint(20) NOT NULL,
  PRIMARY KEY (`ID`),
  KEY `FKE24D9016DD6D6B55` (`STUDENT_TRANSPORTATION_FEE_ID`),
  KEY `FKE24D90165AE8CE38` (`PICKUPPOINT_FEE_PAYMENT`)
) ENGINE=MyISAM DEFAULT CHARSET=latin1;

-- --------------------------------------------------------

--
-- Table structure for table `STUDE_POCKET_MONEY_TRAN`
--

CREATE TABLE IF NOT EXISTS `STUDE_POCKET_MONEY_TRAN` (
  `ID` bigint(20) NOT NULL,
  `AUDIT_TIMESTAMP` datetime NOT NULL,
  `AUDIT_USER_NAME` varchar(255) NOT NULL,
  `VERSION` bigint(20) NOT NULL,
  `AMOUNT` double NOT NULL,
  `BANK_BRANCH` varchar(255) DEFAULT NULL,
  `BANK_NAME` varchar(255) DEFAULT NULL,
  `CHEQUE_NR` varchar(255) DEFAULT NULL,
  `FEE_PAID_DATE` date NOT NULL,
  `PAYMENT_METHOD` varchar(255) NOT NULL,
  `SFT_TYPE` varchar(255) NOT NULL,
  `TRANSACTION_DATE` date NOT NULL,
  `TRANSACTION_NR` varchar(255) NOT NULL,
  `STUDENT_SECTION_ID` bigint(20) NOT NULL,
  PRIMARY KEY (`ID`),
  KEY `FK9BE515896AB43C0E` (`STUDENT_SECTION_ID`)
) ENGINE=MyISAM DEFAULT CHARSET=latin1;

-- --------------------------------------------------------

--
-- Table structure for table `SUBJECT`
--

CREATE TABLE IF NOT EXISTS `SUBJECT` (
  `ID` bigint(20) NOT NULL,
  `AUDIT_TIMESTAMP` datetime NOT NULL,
  `AUDIT_USER_NAME` varchar(255) NOT NULL,
  `VERSION` bigint(20) NOT NULL,
  `CODE` varchar(30) NOT NULL,
  `ELECTIVE_IND` tinyint(1) DEFAULT NULL,
  `NAME` varchar(50) NOT NULL,
  `CLASS_ID` bigint(20) NOT NULL,
  PRIMARY KEY (`ID`),
  UNIQUE KEY `CODE` (`CODE`,`CLASS_ID`),
  UNIQUE KEY `NAME` (`NAME`,`CLASS_ID`),
  KEY `FKBB75E10C5D3CCBB7` (`CLASS_ID`)
) ENGINE=MyISAM DEFAULT CHARSET=latin1;

--
-- Dumping data for table `SUBJECT`
--

INSERT INTO `SUBJECT` (`ID`, `AUDIT_TIMESTAMP`, `AUDIT_USER_NAME`, `VERSION`, `CODE`, `ELECTIVE_IND`, `NAME`, `CLASS_ID`) VALUES
(82, '2013-04-14 02:48:03', 'apeironsol', 0, 'SUB_ENG', 0, 'English', 81),
(83, '2013-04-14 02:48:21', 'apeironsol', 1, 'SUB_Sanskrit', 1, 'Sanskrit', 81),
(84, '2013-04-14 02:48:41', 'apeironsol', 0, 'SUB_Maths', 0, 'Maths', 81),
(85, '2013-04-14 02:48:56', 'apeironsol', 0, 'SUB_ECONOMICS', 0, 'Economics', 81),
(86, '2013-04-14 02:49:10', 'apeironsol', 0, 'SUB_COMMERCE', 0, 'Commerce', 81),
(104, '2013-04-14 02:54:12', 'apeironsol', 0, 'SUB_MATHS', 0, 'Maths', 103),
(105, '2013-04-14 02:54:42', 'apeironsol', 0, 'SUB_ECONOMICS', 0, 'Economics', 103),
(106, '2013-04-14 02:54:50', 'apeironsol', 0, 'SUB_COMMERCE', 0, 'Commerce', 103),
(107, '2013-04-14 02:55:08', 'apeironsol', 0, 'SUB_English', 0, 'English', 103),
(108, '2013-04-14 02:55:19', 'apeironsol', 0, 'SUB_SANSKRIT', 1, 'Sanskrit', 103);

-- --------------------------------------------------------

--
-- Table structure for table `SUPPLIER`
--

CREATE TABLE IF NOT EXISTS `SUPPLIER` (
  `ID` bigint(20) NOT NULL,
  `AUDIT_TIMESTAMP` datetime NOT NULL,
  `AUDIT_USER_NAME` varchar(255) NOT NULL,
  `VERSION` bigint(20) NOT NULL,
  `NAME` varchar(50) NOT NULL,
  `ADDRESS_ID` bigint(20) NOT NULL,
  `BRANCH_ID` bigint(20) NOT NULL,
  PRIMARY KEY (`ID`),
  UNIQUE KEY `NAME` (`NAME`,`BRANCH_ID`),
  KEY `FKCB81E9CC43FEC4EF` (`ADDRESS_ID`),
  KEY `FKCB81E9CCCF26425` (`BRANCH_ID`)
) ENGINE=MyISAM DEFAULT CHARSET=latin1;

-- --------------------------------------------------------

--
-- Table structure for table `TRANSACTION`
--

CREATE TABLE IF NOT EXISTS `TRANSACTION` (
  `ID` bigint(20) NOT NULL,
  `AUDIT_TIMESTAMP` datetime NOT NULL,
  `AUDIT_USER_NAME` varchar(255) NOT NULL,
  `VERSION` bigint(20) NOT NULL,
  `AMOUNT` double NOT NULL,
  `DESCRIPTION` varchar(250) NOT NULL,
  `TRANSACTION_DATE` datetime NOT NULL,
  `TYPE` int(11) NOT NULL,
  `FINANCIAL_ACCOUNT_ID` bigint(20) NOT NULL,
  PRIMARY KEY (`ID`),
  KEY `FKFFF466BE2CBC607A` (`FINANCIAL_ACCOUNT_ID`)
) ENGINE=MyISAM DEFAULT CHARSET=latin1;

-- --------------------------------------------------------

--
-- Table structure for table `USER_ACCOUNT`
--

CREATE TABLE IF NOT EXISTS `USER_ACCOUNT` (
  `ID` bigint(20) NOT NULL,
  `AUDIT_TIMESTAMP` datetime NOT NULL,
  `AUDIT_USER_NAME` varchar(255) NOT NULL,
  `VERSION` bigint(20) NOT NULL,
  `ACC_EXPIRED` tinyint(1) NOT NULL,
  `ACC_LOCKED` tinyint(1) NOT NULL,
  `ACTIVE` tinyint(1) NOT NULL,
  `CRDTLS_EXPIRED` tinyint(1) NOT NULL,
  `PASSWORD` varchar(100) NOT NULL,
  `USER_ACCOUNT_TYPE` varchar(255) DEFAULT NULL,
  `USERNAME` varchar(40) NOT NULL,
  PRIMARY KEY (`ID`),
  UNIQUE KEY `USERNAME` (`USERNAME`)
) ENGINE=MyISAM DEFAULT CHARSET=latin1;

--
-- Dumping data for table `USER_ACCOUNT`
--

INSERT INTO `USER_ACCOUNT` (`ID`, `AUDIT_TIMESTAMP`, `AUDIT_USER_NAME`, `VERSION`, `ACC_EXPIRED`, `ACC_LOCKED`, `ACTIVE`, `CRDTLS_EXPIRED`, `PASSWORD`, `USER_ACCOUNT_TYPE`, `USERNAME`) VALUES
(1, '2013-04-14 00:59:37', 'apeironsol', 1, 0, 0, 1, 0, '/x/2nTS83P0nTK8Eio/mXB701NbgYbvw', NULL, 'apeironsol123'),
(212, '2013-04-14 03:56:55', 'anonymous', 10, 0, 0, 1, 0, 'T7CZsZ2aj78aXFhKkKolcRjdf695jLQM', 'EMPLOYEE', 'pradeepb'),
(679, '2013-04-16 09:18:50', 'anonymous', 3, 0, 0, 1, 0, 'ce+gOqJSA/wsvy0DKbBCMs0UI7EfadIE', 'EMPLOYEE', 'nagender'),
(731, '2013-04-16 09:27:12', 'anonymous', 7, 0, 0, 1, 0, 'Kz7N901WnuapLNHV5pvn8Nwkx6tPEngM', 'EMPLOYEE', 'srinivas');

-- --------------------------------------------------------

--
-- Table structure for table `USER_ACCOUNT_USER_GROUP`
--

CREATE TABLE IF NOT EXISTS `USER_ACCOUNT_USER_GROUP` (
  `userAccounts_ID` bigint(20) NOT NULL,
  `userGroups_ID` bigint(20) NOT NULL,
  KEY `FK2A676751ED78F905` (`userGroups_ID`),
  KEY `FK2A676751EC725161` (`userAccounts_ID`)
) ENGINE=MyISAM DEFAULT CHARSET=latin1;

--
-- Dumping data for table `USER_ACCOUNT_USER_GROUP`
--

INSERT INTO `USER_ACCOUNT_USER_GROUP` (`userAccounts_ID`, `userGroups_ID`) VALUES
(212, 214),
(679, 214),
(679, 681),
(731, 733),
(212, 681);

-- --------------------------------------------------------

--
-- Table structure for table `USER_GROUP`
--

CREATE TABLE IF NOT EXISTS `USER_GROUP` (
  `ID` bigint(20) NOT NULL,
  `AUDIT_TIMESTAMP` datetime NOT NULL,
  `AUDIT_USER_NAME` varchar(255) NOT NULL,
  `VERSION` bigint(20) NOT NULL,
  `NAME` varchar(255) NOT NULL,
  PRIMARY KEY (`ID`),
  UNIQUE KEY `NAME` (`NAME`)
) ENGINE=MyISAM DEFAULT CHARSET=latin1;

--
-- Dumping data for table `USER_GROUP`
--

INSERT INTO `USER_GROUP` (`ID`, `AUDIT_TIMESTAMP`, `AUDIT_USER_NAME`, `VERSION`, `NAME`) VALUES
(214, '2013-04-14 03:57:52', 'apeironsol', 2, 'Admissions'),
(681, '2013-04-16 09:20:08', 'apeironsol123', 7, 'Accounts'),
(733, '2013-04-16 09:29:44', 'apeironsol123', 2, 'Director');

-- --------------------------------------------------------

--
-- Table structure for table `USER_GROUP_AUTHORITY`
--

CREATE TABLE IF NOT EXISTS `USER_GROUP_AUTHORITY` (
  `ID` bigint(20) NOT NULL,
  `AUDIT_TIMESTAMP` datetime NOT NULL,
  `AUDIT_USER_NAME` varchar(255) NOT NULL,
  `VERSION` bigint(20) NOT NULL,
  `AUTHORITY` varchar(255) NOT NULL,
  `GROUP_ID` bigint(20) NOT NULL,
  PRIMARY KEY (`ID`),
  KEY `FKB7EB28CF665FEFE5` (`GROUP_ID`)
) ENGINE=MyISAM DEFAULT CHARSET=latin1;

--
-- Dumping data for table `USER_GROUP_AUTHORITY`
--

INSERT INTO `USER_GROUP_AUTHORITY` (`ID`, `AUDIT_TIMESTAMP`, `AUDIT_USER_NAME`, `VERSION`, `AUTHORITY`, `GROUP_ID`) VALUES
(219, '2013-04-15 00:39:53', 'apeironsol', 0, 'ACCESS_STUDENTS', 214),
(218, '2013-04-15 00:39:53', 'apeironsol', 0, 'ACCESS_BRANCH', 214),
(220, '2013-04-15 00:39:54', 'apeironsol', 0, 'ACCESS_ADMISSIONS', 214),
(221, '2013-04-15 00:39:54', 'apeironsol', 0, 'CREATE_ADMISSION', 214),
(222, '2013-04-15 00:39:54', 'apeironsol', 0, 'REVIEW_ADMISSION', 214),
(223, '2013-04-15 00:39:54', 'apeironsol', 0, 'ACCEPT_ADMISSION', 214),
(224, '2013-04-15 00:39:54', 'apeironsol', 0, 'ADMIT_ADMISSION', 214),
(225, '2013-04-15 00:39:54', 'apeironsol', 0, 'REJECT_ADMISSION', 214),
(226, '2013-04-15 00:39:54', 'apeironsol', 0, 'ROLLBACK_ADMISSION', 214),
(1802, '2013-05-01 03:10:42', 'apeironsol123', 0, 'REMOVE_EXPENSES', 681),
(1801, '2013-05-01 03:10:42', 'apeironsol123', 0, 'REMOVE_INVESTMENT', 681),
(1800, '2013-05-01 03:10:42', 'apeironsol123', 0, 'REMOVE_INCOME', 681),
(1799, '2013-05-01 03:10:42', 'apeironsol123', 0, 'REMOVE_LIABILITY', 681),
(1798, '2013-05-01 03:10:42', 'apeironsol123', 0, 'REMOVE_ASSERT', 681),
(1793, '2013-05-01 03:10:42', 'apeironsol123', 0, 'CREATE_EXPENSES', 681),
(1794, '2013-05-01 03:10:42', 'apeironsol123', 0, 'ACCEPT_FEE_REFUND_REQUEST', 681),
(1795, '2013-05-01 03:10:42', 'apeironsol123', 0, 'REJECT_FEE_REFUND_REQUEST', 681),
(1796, '2013-05-01 03:10:42', 'apeironsol123', 0, 'ACCEPT_FEE_DEDUCTION_REQUEST', 681),
(1797, '2013-05-01 03:10:42', 'apeironsol123', 0, 'REJECT_FEE_DEDUCTION_REQUEST', 681),
(1792, '2013-05-01 03:10:42', 'apeironsol123', 0, 'CREATE_FEE_DEDUCTION_REQUEST', 681),
(1791, '2013-05-01 03:10:42', 'apeironsol123', 0, 'CREATE_ASSERT', 681),
(1788, '2013-05-01 03:10:42', 'apeironsol123', 0, 'PROCESS_FEE_DEDUCTION', 681),
(1789, '2013-05-01 03:10:42', 'apeironsol123', 0, 'PROCESS_FEE_REFUND', 681),
(1790, '2013-05-01 03:10:42', 'apeironsol123', 0, 'CREATE_FEE_REFUND_REQUEST', 681),
(1787, '2013-05-01 03:10:42', 'apeironsol123', 0, 'CREATE_FEE_DEFINITION', 681),
(1786, '2013-05-01 03:10:42', 'apeironsol123', 0, 'PROCESS_FEE_PAYMENT', 681),
(817, '2013-04-16 09:31:33', 'apeironsol123', 0, 'PROCESS_FEE_DEDUCTION', 733),
(816, '2013-04-16 09:31:33', 'apeironsol123', 0, 'PROCESS_FEE_REFUND', 733),
(815, '2013-04-16 09:31:33', 'apeironsol123', 0, 'PROCESS_FEE_PAYMENT', 733),
(814, '2013-04-16 09:31:33', 'apeironsol123', 0, 'REMOVE_FEE_DEFINITION', 733),
(813, '2013-04-16 09:31:33', 'apeironsol123', 0, 'CREATE_FEE_DEFINITION', 733),
(812, '2013-04-16 09:31:33', 'apeironsol123', 0, 'REMOVE_HOLIDAY', 733),
(811, '2013-04-16 09:31:33', 'apeironsol123', 0, 'CREATE_HOLIDAY', 733),
(810, '2013-04-16 09:31:33', 'apeironsol123', 0, 'REMOVE_WEEKEND', 733),
(809, '2013-04-16 09:31:33', 'apeironsol123', 0, 'CREATE_WEEKEND', 733),
(808, '2013-04-16 09:31:33', 'apeironsol123', 0, 'ROLLBACK_ADMISSION', 733),
(807, '2013-04-16 09:31:33', 'apeironsol123', 0, 'REJECT_ADMISSION', 733),
(806, '2013-04-16 09:31:33', 'apeironsol123', 0, 'ADMIT_ADMISSION', 733),
(805, '2013-04-16 09:31:33', 'apeironsol123', 0, 'ACCEPT_ADMISSION', 733),
(804, '2013-04-16 09:31:33', 'apeironsol123', 0, 'CREATE_ADMISSION', 733),
(803, '2013-04-16 09:31:33', 'apeironsol123', 0, 'REVIEW_ADMISSION', 733),
(802, '2013-04-16 09:31:33', 'apeironsol123', 0, 'REMOVE_EMPLOYEE', 733),
(801, '2013-04-16 09:31:33', 'apeironsol123', 0, 'UPDATE_EMPLOYEE', 733),
(800, '2013-04-16 09:31:33', 'apeironsol123', 0, 'CREATE_EMPLOYEE', 733),
(799, '2013-04-16 09:31:33', 'apeironsol123', 0, 'REMOVE_ATTENDANCE', 733),
(798, '2013-04-16 09:31:33', 'apeironsol123', 0, 'CREATE_ATTENDANCE', 733),
(797, '2013-04-16 09:31:33', 'apeironsol123', 0, 'REMOVE_TIMETABLE', 733),
(796, '2013-04-16 09:31:33', 'apeironsol123', 0, 'CREATE_TIMETABLE', 733),
(795, '2013-04-16 09:31:33', 'apeironsol123', 0, 'DEACTIVATE_SECTION', 733),
(794, '2013-04-16 09:31:33', 'apeironsol123', 0, 'ACTIVATE_SECTION', 733),
(793, '2013-04-16 09:31:33', 'apeironsol123', 0, 'REMOVE_SECTION', 733),
(792, '2013-04-16 09:31:33', 'apeironsol123', 0, 'CREATE_SECTION', 733),
(791, '2013-04-16 09:31:33', 'apeironsol123', 0, 'ACCESS_FEE_COLLECTED', 733),
(790, '2013-04-16 09:31:33', 'apeironsol123', 0, 'ACCESS_ADMISSIONS', 733),
(789, '2013-04-16 09:31:33', 'apeironsol123', 0, 'ACCESS_ACADEMICS', 733),
(788, '2013-04-16 09:31:33', 'apeironsol123', 0, 'ACCESS_STUDENT_FEE', 733),
(787, '2013-04-16 09:31:33', 'apeironsol123', 0, 'ACCESS_HRM_INFO', 733),
(786, '2013-04-16 09:31:33', 'apeironsol123', 0, 'ACCESS_FINANCIALS', 733),
(785, '2013-04-16 09:31:33', 'apeironsol123', 0, 'ACCESS_STUDENTS', 733),
(784, '2013-04-16 09:31:33', 'apeironsol123', 0, 'ACCESS_FEE_DEFINITIONS', 733),
(783, '2013-04-16 09:31:33', 'apeironsol123', 0, 'ACCESS_BRANCH', 733),
(782, '2013-04-16 09:31:33', 'apeironsol123', 0, 'ACCESS_SETTINGS', 733),
(781, '2013-04-16 09:31:33', 'apeironsol123', 0, 'ACCESS_BRANCHS', 733),
(818, '2013-04-16 09:31:33', 'apeironsol123', 0, 'CREATE_FEE_REFUND_REQUEST', 733),
(819, '2013-04-16 09:31:33', 'apeironsol123', 0, 'ACCEPT_FEE_REFUND_REQUEST', 733),
(820, '2013-04-16 09:31:33', 'apeironsol123', 0, 'REJECT_FEE_REFUND_REQUEST', 733),
(821, '2013-04-16 09:31:33', 'apeironsol123', 0, 'CREATE_FEE_DEDUCTION_REQUEST', 733),
(822, '2013-04-16 09:31:33', 'apeironsol123', 0, 'ACCEPT_FEE_DEDUCTION_REQUEST', 733),
(823, '2013-04-16 09:31:33', 'apeironsol123', 0, 'REJECT_FEE_DEDUCTION_REQUEST', 733),
(824, '2013-04-16 09:31:33', 'apeironsol123', 0, 'CREATE_PURCHASE_ORDER', 733),
(825, '2013-04-16 09:31:33', 'apeironsol123', 0, 'UPDATE_PURCHASE_ORDER', 733),
(826, '2013-04-16 09:31:33', 'apeironsol123', 0, 'ACCESS_BUILDING_BLOCKS', 733),
(1784, '2013-05-01 03:10:42', 'apeironsol123', 0, 'ACCESS_FINANCIALS_PURCHASES', 681),
(1785, '2013-05-01 03:10:42', 'apeironsol123', 0, 'ACCESS_FINANCIALS_INVOICE_SUPPLIERS', 681),
(1783, '2013-05-01 03:10:42', 'apeironsol123', 0, 'ACCESS_FINANCIALS_INCOME_EXXPENSES', 681),
(1782, '2013-05-01 03:10:42', 'apeironsol123', 0, 'ACCESS_FINANCIALS_PROCESS_FEE_TRANSACTIONS', 681),
(1781, '2013-05-01 03:10:42', 'apeironsol123', 0, 'ACCESS_FINANCIALS_FEE_DETAILS', 681),
(1779, '2013-05-01 03:10:42', 'apeironsol123', 0, 'ACCESS_FEE_COLLECTED', 681),
(1780, '2013-05-01 03:10:42', 'apeironsol123', 0, 'ACCESS_FINANCIALS_ASSERTS_AND_LIABILITIES', 681),
(1778, '2013-05-01 03:10:42', 'apeironsol123', 0, 'ACCESS_STUDENT_FEE', 681),
(1777, '2013-05-01 03:10:42', 'apeironsol123', 0, 'ACCESS_FINANCIALS', 681),
(1776, '2013-05-01 03:10:42', 'apeironsol123', 0, 'ACCESS_FEE_DEFINITIONS', 681),
(1774, '2013-05-01 03:10:42', 'apeironsol123', 0, 'CREATE_PURCHASE_ORDER', 681),
(1775, '2013-05-01 03:10:42', 'apeironsol123', 0, 'UPDATE_PURCHASE_ORDER', 681),
(1773, '2013-05-01 03:10:42', 'apeironsol123', 0, 'ACCESS_BRANCH', 681),
(1772, '2013-05-01 03:10:42', 'apeironsol123', 0, 'ACCESS_STUDENTS', 681),
(1771, '2013-05-01 03:10:42', 'apeironsol123', 0, 'ACCESS_ADMISSIONS', 681),
(1770, '2013-05-01 03:10:42', 'apeironsol123', 0, 'CREATE_INCOME', 681),
(1769, '2013-05-01 03:10:42', 'apeironsol123', 0, 'CREATE_LIABILITY', 681),
(1768, '2013-05-01 03:10:42', 'apeironsol123', 0, 'CREATE_INVESTMENT', 681);

-- --------------------------------------------------------

--
-- Table structure for table `USER_ROLE`
--

CREATE TABLE IF NOT EXISTS `USER_ROLE` (
  `ID` bigint(20) NOT NULL,
  `AUDIT_TIMESTAMP` datetime NOT NULL,
  `AUDIT_USER_NAME` varchar(255) NOT NULL,
  `VERSION` bigint(20) NOT NULL,
  `USER_ROLE` varchar(255) NOT NULL,
  `USER_ACCOUNT_ID` bigint(20) NOT NULL,
  PRIMARY KEY (`ID`),
  KEY `FKBC16F46AC9C05F59` (`USER_ACCOUNT_ID`)
) ENGINE=MyISAM DEFAULT CHARSET=latin1;

--
-- Dumping data for table `USER_ROLE`
--

INSERT INTO `USER_ROLE` (`ID`, `AUDIT_TIMESTAMP`, `AUDIT_USER_NAME`, `VERSION`, `USER_ROLE`, `USER_ACCOUNT_ID`) VALUES
(1, '2013-04-14 00:59:37', 'apeironsol', 0, 'ROLE_APEIRONSOL', 1),
(213, '2013-04-14 03:56:55', 'anonymous', 0, 'ROLE_EMPLOYEE', 212),
(680, '2013-04-16 09:18:50', 'anonymous', 0, 'ROLE_EMPLOYEE', 679),
(732, '2013-04-16 09:27:12', 'anonymous', 0, 'ROLE_EMPLOYEE', 731);

-- --------------------------------------------------------

--
-- Table structure for table `VEHICLE`
--

CREATE TABLE IF NOT EXISTS `VEHICLE` (
  `ID` bigint(20) NOT NULL,
  `AUDIT_TIMESTAMP` datetime NOT NULL,
  `AUDIT_USER_NAME` varchar(255) NOT NULL,
  `VERSION` bigint(20) NOT NULL,
  `CAPACITY` int(11) NOT NULL,
  `VEHICLE_NUMBER` varchar(20) NOT NULL,
  `TYPE` varchar(50) NOT NULL,
  `BRANCH_ID` bigint(20) NOT NULL,
  PRIMARY KEY (`ID`),
  KEY `FK3F2F1B0CCF26425` (`BRANCH_ID`)
) ENGINE=MyISAM DEFAULT CHARSET=latin1;

-- --------------------------------------------------------

--
-- Table structure for table `VEHICLE_ROUTE`
--

CREATE TABLE IF NOT EXISTS `VEHICLE_ROUTE` (
  `routes_ID` bigint(20) NOT NULL,
  `vehicles_ID` bigint(20) NOT NULL,
  PRIMARY KEY (`routes_ID`,`vehicles_ID`),
  KEY `FK49BEBF3632416441` (`vehicles_ID`),
  KEY `FK49BEBF36C78DCC7B` (`routes_ID`)
) ENGINE=MyISAM DEFAULT CHARSET=latin1;

/*!40101 SET CHARACTER_SET_CLIENT=@OLD_CHARACTER_SET_CLIENT */;
/*!40101 SET CHARACTER_SET_RESULTS=@OLD_CHARACTER_SET_RESULTS */;
/*!40101 SET COLLATION_CONNECTION=@OLD_COLLATION_CONNECTION */;
