-- phpMyAdmin SQL Dump
-- version 3.5.8
-- http://www.phpmyadmin.net
--
-- Host: 127.10.165.129:3306
-- Generation Time: May 01, 2013 at 05:12 AM
-- Server version: 5.1.69
-- PHP Version: 5.3.3

SET SQL_MODE="NO_AUTO_VALUE_ON_ZERO";
SET time_zone = "+00:00";


/*!40101 SET @OLD_CHARACTER_SET_CLIENT=@@CHARACTER_SET_CLIENT */;
/*!40101 SET @OLD_CHARACTER_SET_RESULTS=@@CHARACTER_SET_RESULTS */;
/*!40101 SET @OLD_COLLATION_CONNECTION=@@COLLATION_CONNECTION */;
/*!40101 SET NAMES utf8 */;

--
-- Database: `srimedha`
--

-- --------------------------------------------------------

--
-- Table structure for table `ACADEMIC_YEAR`
--

CREATE TABLE IF NOT EXISTS `ACADEMIC_YEAR` (
  `ID` bigint(20) NOT NULL,
  `AUDIT_TIMESTAMP` datetime NOT NULL,
  `AUDIT_USER_NAME` varchar(255) NOT NULL,
  `VERSION` bigint(20) NOT NULL,
  `ACTIVE` tinyint(1) DEFAULT NULL,
  `ADMISSION_END_DATE` datetime NOT NULL,
  `ADMISSION_START_DATE` datetime NOT NULL,
  `CLASS_START_DATE` datetime NOT NULL,
  `END_DATE` datetime NOT NULL,
  `START_DATE` datetime NOT NULL,
  `BRANCH_ID` bigint(20) NOT NULL,
  PRIMARY KEY (`ID`),
  KEY `FK6E29875CF26425` (`BRANCH_ID`)
) ENGINE=MyISAM DEFAULT CHARSET=latin1;

--
-- Dumping data for table `ACADEMIC_YEAR`
--

INSERT INTO `ACADEMIC_YEAR` (`ID`, `AUDIT_TIMESTAMP`, `AUDIT_USER_NAME`, `VERSION`, `ACTIVE`, `ADMISSION_END_DATE`, `ADMISSION_START_DATE`, `CLASS_START_DATE`, `END_DATE`, `START_DATE`, `BRANCH_ID`) VALUES
(76, '2013-04-14 02:43:24', 'apeironsol', 1, 1, '2012-07-31 00:00:00', '2012-04-02 00:00:00', '2012-06-12 00:00:00', '2013-03-29 00:00:00', '2012-06-12 00:00:00', 41),
(77, '2013-04-14 02:44:59', 'apeironsol', 2, 1, '2013-07-31 00:00:00', '2013-03-25 00:00:00', '2013-06-03 00:00:00', '2014-03-31 00:00:00', '2013-06-03 00:00:00', 41),
(78, '2013-04-14 02:46:03', 'apeironsol', 0, 0, '2014-07-31 00:00:00', '2014-03-01 00:00:00', '2014-06-02 00:00:00', '2015-03-31 00:00:00', '2014-06-02 00:00:00', 41);

-- --------------------------------------------------------

--
-- Table structure for table `ACADEMIC_YEAR_HOLIDAY`
--

CREATE TABLE IF NOT EXISTS `ACADEMIC_YEAR_HOLIDAY` (
  `ID` bigint(20) NOT NULL,
  `AUDIT_TIMESTAMP` datetime NOT NULL,
  `AUDIT_USER_NAME` varchar(255) NOT NULL,
  `VERSION` bigint(20) NOT NULL,
  `DESCRIPTION` varchar(200) DEFAULT NULL,
  `END_DATE` datetime NOT NULL,
  `START_DATE` datetime NOT NULL,
  `ACADEMIC_YEAR_ID` bigint(20) NOT NULL,
  PRIMARY KEY (`ID`),
  KEY `FK6281AE6E121C3074` (`ACADEMIC_YEAR_ID`)
) ENGINE=MyISAM DEFAULT CHARSET=latin1;

-- --------------------------------------------------------

--
-- Table structure for table `ACADEMIC_YEAR_WEEK_END`
--

CREATE TABLE IF NOT EXISTS `ACADEMIC_YEAR_WEEK_END` (
  `ID` bigint(20) NOT NULL,
  `AUDIT_TIMESTAMP` datetime NOT NULL,
  `AUDIT_USER_NAME` varchar(255) NOT NULL,
  `VERSION` bigint(20) NOT NULL,
  `WEEK_END_DATE` date NOT NULL,
  `ACADEMIC_YEAR_ID` bigint(20) NOT NULL,
  PRIMARY KEY (`ID`),
  UNIQUE KEY `WEEK_END_DATE` (`WEEK_END_DATE`,`ACADEMIC_YEAR_ID`),
  KEY `FKE71E067A121C3074` (`ACADEMIC_YEAR_ID`)
) ENGINE=MyISAM DEFAULT CHARSET=latin1;

-- --------------------------------------------------------

--
-- Table structure for table `ACCESS_CONTROL`
--

CREATE TABLE IF NOT EXISTS `ACCESS_CONTROL` (
  `ID` bigint(20) NOT NULL,
  `AUDIT_TIMESTAMP` datetime NOT NULL,
  `AUDIT_USER_NAME` varchar(255) NOT NULL,
  `VERSION` bigint(20) NOT NULL,
  `ACCESS_CONTROL_TYPE` varchar(255) NOT NULL,
  `REF_ID` bigint(20) NOT NULL,
  `USER_ACCOUNT_ID` bigint(20) NOT NULL,
  PRIMARY KEY (`ID`),
  KEY `FK20CF9D62C9C05F59` (`USER_ACCOUNT_ID`)
) ENGINE=MyISAM DEFAULT CHARSET=latin1;

--
-- Dumping data for table `ACCESS_CONTROL`
--

INSERT INTO `ACCESS_CONTROL` (`ID`, `AUDIT_TIMESTAMP`, `AUDIT_USER_NAME`, `VERSION`, `ACCESS_CONTROL_TYPE`, `REF_ID`, `USER_ACCOUNT_ID`) VALUES
(955, '2013-04-20 01:19:14', 'apeironsol123', 0, 'BRANCH', 41, 212),
(727, '2013-04-16 09:20:59', 'apeironsol123', 0, 'BRANCH', 41, 679),
(827, '2013-04-16 09:32:56', 'apeironsol123', 0, 'BRANCH', 41, 731);

-- --------------------------------------------------------

--
-- Table structure for table `ADDRESS`
--

CREATE TABLE IF NOT EXISTS `ADDRESS` (
  `ID` bigint(20) NOT NULL,
  `AUDIT_TIMESTAMP` datetime NOT NULL,
  `AUDIT_USER_NAME` varchar(255) NOT NULL,
  `VERSION` bigint(20) NOT NULL,
  `ADDRESS` varchar(200) NOT NULL,
  `CITY` varchar(200) NOT NULL,
  `EMAIL` varchar(200) DEFAULT NULL,
  `HOME_PHONE_NR` varchar(20) DEFAULT NULL,
  `MOBILE_NR` varchar(20) DEFAULT NULL,
  `OFFICE_PHONE_NR` varchar(20) DEFAULT NULL,
  `IS_PRIMARY` tinyint(1) NOT NULL,
  `STATE` varchar(200) NOT NULL,
  `ZIPCODE` varchar(200) NOT NULL,
  `COUNTRY_ID` varchar(3) NOT NULL,
  PRIMARY KEY (`ID`),
  KEY `FKE66327D434EA89AF` (`COUNTRY_ID`)
) ENGINE=MyISAM DEFAULT CHARSET=latin1;

--
-- Dumping data for table `ADDRESS`
--

INSERT INTO `ADDRESS` (`ID`, `AUDIT_TIMESTAMP`, `AUDIT_USER_NAME`, `VERSION`, `ADDRESS`, `CITY`, `EMAIL`, `HOME_PHONE_NR`, `MOBILE_NR`, `OFFICE_PHONE_NR`, `IS_PRIMARY`, `STATE`, `ZIPCODE`, `COUNTRY_ID`) VALUES
(40, '2013-04-14 02:38:06', 'apeironsol', 2, '39,40 Bhagya Nagar, Phase 2, KPHB', 'Hyderabad', '', '04064622201', '', NULL, 0, 'Andhra Pradesh', '500072', 'IND'),
(228, '2013-04-15 01:35:52', 'pradeepb', 0, 'LIG:415/6, III PHASE, KPHB COLONY, KUKATPALLY', 'HYDERABAD', '', '', '9912509742', NULL, 1, 'ANDHRA PRADESH', '500072', 'IND'),
(241, '2013-04-15 01:43:40', 'pradeepb', 0, 'BLOCK-C, 601/A, VERTEX PRESTIGE, BRUNDAVAN COLONY, KPHB, KUKATPALLY', 'HYDERABAD', '', '', '8978460677', NULL, 1, 'ANDHRA PRADESH', '500072', 'IND'),
(253, '2013-04-15 01:51:29', 'pradeepb', 0, ' PHASE-II, MIG-90, 201 MAA NIVAS, DHARMAREDDY COLONY', 'HYDERABAD', '', '', '9949383371', NULL, 1, 'ANDHRA PRADESH', '500072', 'IND'),
(265, '2013-04-15 08:53:20', 'pradeepb', 0, '438/A, GULMOHAR PARK, LIGAMPALLY', 'HYDERABAD', '', '', '9949861811', NULL, 1, 'ANDHRA PRADESH', '500072', 'IND'),
(277, '2013-04-15 08:59:32', 'pradeepb', 0, 'PLOT NO;660, III FLOOR, HMT SWARNAPURI, MIYAPUR', 'HYDERABAD', '', '', '9959174637', NULL, 1, 'ANDHRA PRADESH', '500072', 'IND'),
(289, '2013-04-15 09:03:17', 'pradeepb', 0, '332/A, BHEL', 'HYDERABAD', '', '', '9618048551', NULL, 1, 'ANDHRA PRADESH', '500072', 'IND'),
(301, '2013-04-15 09:13:18', 'pradeepb', 0, 'H.NO-876, BHEL TOWN SHIP, BHEL', 'HYDERABAD', '', '9849208687', '9849689931', NULL, 1, 'ANDHRA PRADESH', '500072', 'IND'),
(313, '2013-04-15 09:17:39', 'pradeepb', 0, '6-110/1, JAWAHAR NAGAR, NEAR NSL COLONY', 'HYDERABAD', '', '', '9391004893', NULL, 1, 'ANDHRA PRADESH', '500072', 'IND'),
(325, '2013-04-15 09:23:45', 'pradeepb', 0, '24-72/13/1, KAKATHIYA NAGAR, RC PURAM, BHEL', 'HYDERABAD', '', '9052182852', '8985893165', NULL, 1, 'ANDHRA PRADESH', '500072', 'IND'),
(337, '2013-04-15 09:29:13', 'pradeepb', 0, '1-52/1/193, BAVANIPURAM COLONY, ASHOK NAGAR', 'HYDERABAD', '', '', '9440710809', NULL, 1, 'ANDHRA PRADESH', '500050', 'IND'),
(349, '2013-04-15 22:58:51', 'pradeepb', 0, 'H.NO:25-34/12/26, RAMACHANDRA NAGAR, RC PURAM, BEERAMGUDA', 'HYDERABAD', '', '', '9849793944', NULL, 1, 'ANDHRA PRADESH', '500032', 'IND'),
(361, '2013-04-15 23:07:12', 'pradeepb', 0, '28-158/A, MARUTHI NAGAR, HMT COLONY, GANDHINAGAR, CHINTAL', 'HYDERABAD', '', '', '9951217529', NULL, 1, 'ANDHRA PRADESHQ', '500072', 'IND'),
(373, '2013-04-15 23:13:22', 'pradeepb', 0, 'OLD MIG: 917, BHEL, RC PURAM', 'HYDERABAD', '', '9866195747', '9849984803', NULL, 1, 'ANDHRA PRADESH', '502032', 'IND'),
(385, '2013-04-15 23:32:16', 'pradeepb', 0, 'RAJEEV GRUHAKALPA 75/16, NIZAMPET, KUTBULAPUR', 'HYDERABAD', '', '', '9502759533', NULL, 1, 'ANDHRA PRADESH', '500072', 'IND'),
(397, '2013-04-15 23:37:53', 'pradeepb', 0, 'H.NO: A/13,32-409, I PHASE, KUKATPALLY', 'HYDERABAD', '', '', '9553603301', NULL, 1, 'ANDHRA PRADESH', '500072', 'IND'),
(409, '2013-04-15 23:42:53', 'pradeepb', 0, '10-1-38/I FLOOR, FATHENAGAR MAIN ROAD', 'HYDERABAD', '', '', '9246224099', NULL, 1, 'ANDHRA PRADESH', '500072', 'IND'),
(421, '2013-04-15 23:47:13', 'pradeepb', 0, 'H.NO:1-90, TARANAGAR', 'HYDERABAD', '', '', '9989000655', NULL, 1, 'ANDHRA PRADESH', '500019', 'IND'),
(433, '2013-04-15 23:51:32', 'pradeepb', 0, 'MIG-1268, BHEL', 'HYDERABAD', '', '9912771636', '9246504998', NULL, 1, 'ANDHRA PRADESH', '500072', 'IND'),
(445, '2013-04-15 23:56:47', 'pradeepb', 0, 'Q.NO:701/F, BHEL', 'HYDERABAD', '', '', '9949597054', NULL, 1, 'ANDHRA PRADESH', '500032', 'IND'),
(457, '2013-04-16 00:00:51', 'pradeepb', 0, 'SANGEETHA NAGAR, BALANAGAR', 'HYDERABAD', '', '', '9676868828', NULL, 1, 'ANDHRA PRADESH', '500037', 'IND'),
(469, '2013-04-16 00:06:19', 'pradeepb', 0, 'H.NO: 6-50/A, SN COLONY, RC PURAM', 'HYDERABAD', '', '', '9849743071', NULL, 1, 'ANDHRA PRADESH', '500072', 'IND'),
(481, '2013-04-16 00:09:52', 'pradeepb', 0, 'SHAPUR NAGAR', 'HYDERABAD', '', '', '9000009201', NULL, 1, 'ANDHRA PRADESH', '500055', 'IND'),
(493, '2013-04-16 00:17:36', 'pradeepb', 0, 'H.NO: 8-1/A, JP COLONY, ROAD NO-3, PATANCHERU', 'HYDERABAD', '', '', '9866872101', NULL, 1, 'ANDHRA PRADESH', '502319', 'IND'),
(505, '2013-04-16 00:21:57', 'pradeepb', 0, 'LIG:152/5, IV PHASE, KPHB', 'HYDERABAD', '', '9441174602', '9490994725', NULL, 1, 'ANDHRA PRADESH', '500072', 'IND'),
(517, '2013-04-16 00:26:28', 'pradeepb', 0, 'FLAT NO:208, BLOCK NO-10-B, PRAJAY CITY APTS, MIYAPUR', 'HYDERABAD', '', '', '9948876759', NULL, 1, 'ANDHRA PRADESH', '500049', 'IND'),
(529, '2013-04-16 00:30:06', 'pradeepb', 0, '6-1/A, RAJU COLONY, BALANAGAR', 'HYDERABAD', '', '', '9866283779', NULL, 1, 'ANDHRA PRADESH', '500042', 'IND'),
(541, '2013-04-16 00:35:24', 'pradeepb', 0, 'B-2-B-42, ASBESTOS COLONUY, JAGADGIRI GUTTA', 'HYDERABAD', '', '9396928029', '9666509210', NULL, 1, 'ANDHRA PRADESH', '500037', 'IND'),
(553, '2013-04-16 00:38:54', 'pradeepb', 0, 'H.NO: 1-59/118/4A, MUYAPUR', 'HYDERABAD', '', '', '9347532470', NULL, 1, 'ANDHRA PRADESH', '500049', 'IND'),
(565, '2013-04-16 00:55:21', 'pradeepb', 0, 'BHERAMGUDA, ', 'HYDERABAD', '', '', '8885223062', NULL, 1, 'ANDHRA PRADESH', '500019', 'IND'),
(577, '2013-04-16 01:00:39', 'pradeepb', 0, '4-46/13, RC PURAM', 'HYDERABAD', '', '', '9573603579', NULL, 1, 'ANDHRA PRADESH', '500019', 'IND'),
(589, '2013-04-16 01:05:08', 'pradeepb', 0, '4-205/1, GEETHA NAGARM FEROZGUDA', 'HYDERABAD', '', '', '9985504384', NULL, 1, 'ANDHRA PRADESH', '500011', 'IND'),
(601, '2013-04-16 01:11:12', 'pradeepb', 0, 'LIG:684, ROAD NO-5, KPHB', 'HYDERABAD', '', '8885847610', '8019888103', NULL, 1, 'ANDHRA PRADESH', '500072', 'IND'),
(613, '2013-04-16 01:17:00', 'pradeepb', 0, '42-277, ANJANA NAGAR, JAGADGIRI GUTTA', 'HYDERABAD', '', '8121805451', '8977212895', NULL, 1, 'ANDHRA PRADESH', '500072', 'IND'),
(625, '2013-04-16 01:22:21', 'pradeepb', 0, 'H.NO: 8-116, JP COLONY, PATANCHERU', 'HYDERABAD', '', '', '9705623168', NULL, 1, 'ANDHRA PRADESH', '502319', 'IND'),
(637, '2013-04-16 01:26:13', 'pradeepb', 0, 'H.NO: 2-52, FLAT NO-202, CHANDANAGAR', 'HYDERABAD', '', '', '9866256052', NULL, 1, 'ANDHRA PRADESH', '500050', 'IND'),
(649, '2013-04-16 04:51:46', 'pradeepb', 0, 'PLOT NO. 1040, YELLAMAKONDA,kUKATPALLY,', 'HYDERABAD', '', '', '9866121477', NULL, 1, 'ANDHRAPRADESH', '500072', 'IND'),
(661, '2013-04-16 04:59:33', 'pradeepb', 0, 'NSL COLONY, PHASE LL, BEERAMGUDA,PATANCHERU', 'HYDERABAD', '', '', '9490097367', NULL, 1, 'ANDHRABAD', '500072', 'IND'),
(835, '2013-04-18 23:39:20', 'pradeepb', 0, 'MALLIKARJUNA NAGAR, BEERAMGUDA', 'HYDERABAD', '', '', '9000512582', NULL, 1, 'ANDHRA PRADESH', '500072', 'IND'),
(847, '2013-04-18 23:44:51', 'pradeepb', 0, 'NSL COLONY, PHASE II, BEERAMGUDA, PATANCHERU', 'HYDERABAD', '', '', '9490097367', NULL, 1, 'ANDHRA PRADESH', '500032', 'IND'),
(851, '2013-04-18 23:50:27', 'pradeepb', 0, 'PLOT NO:479, GOKUL PLOTS, BALANAGAR, KUKATPALLY', 'HYDERABAD', '', '', '9177538939', NULL, 1, 'ANDHRA PRADESH', '500072', 'IND'),
(863, '2013-04-18 23:56:49', 'pradeepb', 0, 'H.NO: 8-6, DULLAPALLY, QUTHBULLAPRUR', 'HYDERABAD', '', '', '9866254652', NULL, 1, 'ANDHRA PRADESH', '500014', 'IND'),
(875, '2013-04-19 00:16:04', 'pradeepb', 0, 'H.NO: B2/12, HUDACOLONY, CHANDANAGAR', 'HYDERABAD', '', '', '9177987627', NULL, 1, 'ANDHRA PRADESH', '500049', 'IND'),
(887, '2013-04-19 00:28:03', 'pradeepb', 0, 'H.NO:42-298/1, ANJALINAGAR, JAGADGIRI GUTTA, KUKATPALLY', 'HYDERABAD', '', '', '8885379563', NULL, 1, 'ANDHRA PRADESH', '500072', 'IND'),
(899, '2013-04-19 23:35:45', 'pradeepb', 0, 'FL.NO. 203, LAKE VIEW ENCLAVE, VIVEK NAGAR, KUKATPALLY', 'HYDERABAD', '', '', '9440519076', NULL, 1, 'ANDHRAPRADESH', '500072', 'IND'),
(903, '2013-04-19 23:41:59', 'pradeepb', 0, 'FL.NO.203, LAKE VIEW ENCLAVE, VIVEK NAGAR, KUKATPALLY,', 'HYDERABAD', '', '', '9440519076', NULL, 1, 'ANDHRAPRADESH', '500072', 'IND'),
(907, '2013-04-19 23:42:11', 'pradeepb', 0, 'FL.NO.203, LAKE VIEW ENCLAVE, VIVEK NAGAR, KUKATPALLY,', 'HYDERABAD', '', '', '9440519076', NULL, 1, 'ANDHRAPRADESH', '500072', 'IND'),
(919, '2013-04-19 23:52:32', 'pradeepb', 0, 'FL NO. 203, LAKE VIEW ENCLAVE, VIVEK NAGAR, KUKATPALLY', 'HYDERABAD', '', '', '9440519096', NULL, 1, 'ANDHRAPRADESH', '500072', 'IND'),
(931, '2013-04-19 23:59:39', 'pradeepb', 0, '5-24-754, CHANDRAGIRINAGAR, GAJULARAMARAM', 'HYDERABAD', '', '', '9059619826', NULL, 1, 'ANDHRAPRADESH', '500072', 'IND'),
(943, '2013-04-20 00:14:11', 'pradeepb', 0, 'MIG-BLACK II, F-2, PHASE - V,K.P.H.B.', 'HYDERABAD', '', '', '9989944141', NULL, 1, 'ANDHRAPRADESH', '500072', 'IND'),
(984, '2013-04-20 02:20:43', 'pradeepb', 0, 'FLAT NO:301, ALANKITHA APARTMENTS, BESIDE RAGAVA REDDY FUNCTION HALL, NIZAMPET, KUKATPALLY', 'HYDERABAD', '', '', '9866256096', NULL, 1, 'ANDHRA PRADESH', '500085', 'IND'),
(1162, '2013-04-23 00:43:36', 'pradeepb', 0, 'PLOT NO:12, SREENIVADA COLONY, BEHIND OF ADITYA HOMES, PRAGATHI NAGAR ROAD', 'HYDERABAD', '', '', '9293926896', NULL, 1, 'ANDHRA PRADESH', '500072', 'IND'),
(1175, '2013-04-23 01:02:21', 'pradeepb', 0, 'SRI NAGAR COLONY, PATANCHERU', 'HYDERABAD', '', '', '9032591243', NULL, 1, 'ANDHRA PRADESH', '502319', 'IND'),
(1188, '2013-04-23 02:17:34', 'pradeepb', 0, 'SRINAGAR COLONY, PATANCHERU', 'HYDERABAD', '', '', '9032591243', NULL, 1, 'ANDHRA PRADESH', '502319', 'IND'),
(1192, '2013-04-23 02:42:23', 'pradeepb', 0, '6-52, NEAR POST OFFICE, KOKMPALLY', 'HYDERABAD', '', '', '9866756776', NULL, 1, 'ANDHRA PRADESH', '500014', 'IND'),
(1205, '2013-04-23 02:48:53', 'pradeepb', 0, 'H.NO:4-32-1067/2, ALLWNCOLONY, KUKATPALLY', 'HYDERABAD', '', '', '9866661944', NULL, 1, 'ANDHRA PRADESH', '500072', 'IND'),
(1218, '2013-04-23 07:29:45', 'pradeepb', 0, '2-129/H, GAJULARAMARAM', 'HYDERABAD', '', '', '9394894064', NULL, 1, 'ANDHRA PRADESH', '500072', 'IND'),
(1231, '2013-04-23 07:36:38', 'pradeepb', 0, 'PLOT NO;23, SAPTHAGIRI COLONY, NEAR NEW ERA HIGH SCHOOL, VV NAGAR, KUKATPALLY', 'HYDERABAD', '', '', '9666042536', NULL, 1, 'ANDHRA PRADESH', '500072', 'IND'),
(1244, '2013-04-23 08:01:26', 'pradeepb', 0, '9-2-63/5, HASHMATHPET, BOWNPALLY', 'HYDEYABAD', '', '', '9247380673', NULL, 1, 'ANDHRA PRADESH', '500072', 'IND');

-- --------------------------------------------------------

--
-- Table structure for table `ADMISSION`
--

CREATE TABLE IF NOT EXISTS `ADMISSION` (
  `ID` bigint(20) NOT NULL,
  `AUDIT_TIMESTAMP` datetime NOT NULL,
  `AUDIT_USER_NAME` varchar(255) NOT NULL,
  `VERSION` bigint(20) NOT NULL,
  `FIRST_NAME` varchar(255) NOT NULL,
  `GENDER` varchar(10) NOT NULL,
  `LAST_NAME` varchar(255) NOT NULL,
  `MIDDLE_NAME` varchar(255) DEFAULT NULL,
  `ADMISSION_STATUS` varchar(255) NOT NULL,
  `DATE_OF_BIRTH` date NOT NULL,
  `EXTERNAL_ADMISSION_NR` varchar(20) DEFAULT NULL,
  `MOTHER_TONGUE` varchar(50) NOT NULL,
  `NATIONALITY` varchar(50) NOT NULL,
  `PREVIOUS_QUALIFIED_EDUCATION` varchar(40) DEFAULT NULL,
  `REGISTRATION_NR` varchar(50) DEFAULT NULL,
  `RELIGION` varchar(50) NOT NULL,
  `RESERVATION` varchar(50) NOT NULL,
  `RESIDENCE` varchar(255) NOT NULL,
  `SUBMITTED_DATE` date DEFAULT NULL,
  `USER_ACCOUNT_ID` bigint(20) DEFAULT NULL,
  `ACCEPTED_CLASS_ID` bigint(20) DEFAULT NULL,
  `ADDRESS_ID` bigint(20) DEFAULT NULL,
  `APPLIED_ACADEMIC_YEAR_ID` bigint(20) NOT NULL,
  `APPLIED_BATCH_ID` bigint(20) NOT NULL,
  `APPLIED_CLASS_ID` bigint(20) NOT NULL,
  `BRANCH_ID` bigint(20) NOT NULL,
  `COUNTRY_OF_BIRTH` varchar(3) DEFAULT NULL,
  PRIMARY KEY (`ID`),
  UNIQUE KEY `REGISTRATION_NR` (`REGISTRATION_NR`),
  UNIQUE KEY `BRANCH_ID` (`BRANCH_ID`,`EXTERNAL_ADMISSION_NR`),
  KEY `FKA7BA27E9D0ECBF6` (`APPLIED_ACADEMIC_YEAR_ID`),
  KEY `FKA7BA27E95F385DF1` (`APPLIED_BATCH_ID`),
  KEY `FKA7BA27E9C9C05F59` (`USER_ACCOUNT_ID`),
  KEY `FKA7BA27E966488A2B` (`COUNTRY_OF_BIRTH`),
  KEY `FKA7BA27E943FEC4EF` (`ADDRESS_ID`),
  KEY `FKA7BA27E9EDFC0939` (`APPLIED_CLASS_ID`),
  KEY `FKA7BA27E9CF26425` (`BRANCH_ID`),
  KEY `FKA7BA27E9B7F094F` (`ACCEPTED_CLASS_ID`)
) ENGINE=MyISAM DEFAULT CHARSET=latin1;

-- --------------------------------------------------------

--
-- Table structure for table `ADMISSION_EDUCATION_HISTORY`
--

CREATE TABLE IF NOT EXISTS `ADMISSION_EDUCATION_HISTORY` (
  `ID` bigint(20) NOT NULL,
  `AUDIT_TIMESTAMP` datetime NOT NULL,
  `AUDIT_USER_NAME` varchar(255) NOT NULL,
  `VERSION` bigint(20) NOT NULL,
  `CON_PERSON_NAME` varchar(40) DEFAULT NULL,
  `DATE_OF_RELIVING` date NOT NULL,
  `DATE_OF_JOINING` date NOT NULL,
  `HIGHEST_CLASS` varchar(20) NOT NULL,
  `MEDIAM` varchar(20) NOT NULL,
  `SCHOOL_NAME` varchar(20) NOT NULL,
  `SCHOOL_TYPE` varchar(20) NOT NULL,
  `ADDRESS_ID` bigint(20) NOT NULL,
  `ADMISSION_ID` bigint(20) NOT NULL,
  PRIMARY KEY (`ID`),
  KEY `FKA8A6CFE7B33B78F` (`ADMISSION_ID`),
  KEY `FKA8A6CFE743FEC4EF` (`ADDRESS_ID`)
) ENGINE=MyISAM DEFAULT CHARSET=latin1;

-- --------------------------------------------------------

--
-- Table structure for table `ADMISSION_RELATION`
--

CREATE TABLE IF NOT EXISTS `ADMISSION_RELATION` (
  `ADMISSION_ID` bigint(20) NOT NULL,
  `RELATION` bigint(20) NOT NULL,
  `relations_ID` bigint(20) NOT NULL,
  PRIMARY KEY (`ADMISSION_ID`,`RELATION`),
  KEY `FK398C992B33B78F` (`ADMISSION_ID`),
  KEY `FK398C992A5E8FD4A` (`relations_ID`)
) ENGINE=MyISAM DEFAULT CHARSET=latin1;

-- --------------------------------------------------------

--
-- Table structure for table `ADMISSION_RESERVATION_FEE`
--

CREATE TABLE IF NOT EXISTS `ADMISSION_RESERVATION_FEE` (
  `ID` bigint(20) NOT NULL,
  `AUDIT_TIMESTAMP` datetime NOT NULL,
  `AUDIT_USER_NAME` varchar(255) NOT NULL,
  `VERSION` bigint(20) NOT NULL,
  `APPL_FEE_APPLIED` tinyint(1) DEFAULT NULL,
  `APPL_FEE_EXT_TRAN_DATE` date DEFAULT NULL,
  `APPL_FEE_EXT_TRAN_NR` varchar(255) DEFAULT NULL,
  `APPL_FEE_PAID_DATE` date DEFAULT NULL,
  `APPLICATION_FORM_FEE` double DEFAULT NULL,
  `RESERVATION_FEE` double DEFAULT NULL,
  `RESER_FEE_APPLIED` tinyint(1) DEFAULT NULL,
  `RESER_FEE_EXT_TRAN_DATE` date DEFAULT NULL,
  `RESER_FEE_EXT_TRAN_NR` varchar(255) DEFAULT NULL,
  `RESER_FEE_PAID_DATE` date DEFAULT NULL,
  `STUDENT_ID` bigint(20) NOT NULL,
  PRIMARY KEY (`ID`),
  KEY `FK22D1EBFD8AED4B8F` (`STUDENT_ID`)
) ENGINE=MyISAM DEFAULT CHARSET=latin1;

-- --------------------------------------------------------

--
-- Table structure for table `ADMISSION_STATUS_HISTORY`
--

CREATE TABLE IF NOT EXISTS `ADMISSION_STATUS_HISTORY` (
  `ID` bigint(20) NOT NULL,
  `AUDIT_TIMESTAMP` datetime NOT NULL,
  `AUDIT_USER_NAME` varchar(255) NOT NULL,
  `VERSION` bigint(20) NOT NULL,
  `ACTION` varchar(255) DEFAULT NULL,
  `ACTION_TAKEN_BY` varchar(40) DEFAULT NULL,
  `ACTION_TAKEN_TIME` datetime NOT NULL,
  `COMMENTS` longtext,
  `ADMISSION_ID` bigint(20) NOT NULL,
  PRIMARY KEY (`ID`),
  KEY `FKF63C203DB33B78F` (`ADMISSION_ID`)
) ENGINE=MyISAM DEFAULT CHARSET=latin1;

-- --------------------------------------------------------

--
-- Table structure for table `ADMISSION_SUBMITTED_DOCUMENTS`
--

CREATE TABLE IF NOT EXISTS `ADMISSION_SUBMITTED_DOCUMENTS` (
  `ID` bigint(20) NOT NULL,
  `AUDIT_TIMESTAMP` datetime NOT NULL,
  `AUDIT_USER_NAME` varchar(255) NOT NULL,
  `VERSION` bigint(20) NOT NULL,
  `BUILD_BLOCK_ID` bigint(20) NOT NULL,
  `STUDENT_ID` bigint(20) NOT NULL,
  PRIMARY KEY (`ID`),
  KEY `FKFC4C66DEE3074AEC` (`BUILD_BLOCK_ID`),
  KEY `FKFC4C66DE8AED4B8F` (`STUDENT_ID`)
) ENGINE=MyISAM DEFAULT CHARSET=latin1;

-- --------------------------------------------------------

--
-- Table structure for table `ATTENDANCE`
--

CREATE TABLE IF NOT EXISTS `ATTENDANCE` (
  `ID` bigint(20) NOT NULL,
  `AUDIT_TIMESTAMP` datetime NOT NULL,
  `AUDIT_USER_NAME` varchar(255) NOT NULL,
  `VERSION` bigint(20) NOT NULL,
  `ATTENDANCE_DATE` datetime DEFAULT NULL,
  `ATTENDANCE_TYPE` varchar(255) DEFAULT NULL,
  `LOCKED` tinyint(1) DEFAULT NULL,
  `SUBMITTED_BY` varchar(255) DEFAULT NULL,
  `SECTION_ID` bigint(20) NOT NULL,
  `SECTION_SUBJECT_ID` bigint(20) NOT NULL,
  PRIMARY KEY (`ID`),
  KEY `FK8E01CEE9597167DA` (`SECTION_SUBJECT_ID`),
  KEY `FK8E01CEE9C7C9134F` (`SECTION_ID`)
) ENGINE=MyISAM DEFAULT CHARSET=latin1;

-- --------------------------------------------------------

--
-- Table structure for table `BATCH`
--

CREATE TABLE IF NOT EXISTS `BATCH` (
  `ID` bigint(20) NOT NULL,
  `AUDIT_TIMESTAMP` datetime NOT NULL,
  `AUDIT_USER_NAME` varchar(255) NOT NULL,
  `VERSION` bigint(20) NOT NULL,
  `LOCKED` tinyint(1) NOT NULL,
  `NAME` varchar(255) NOT NULL,
  `BRANCH_ID` bigint(20) NOT NULL,
  `END_ACADEMIC_YEAR_ID` bigint(20) NOT NULL,
  `START_ACADEMIC_YEAR_ID` bigint(20) NOT NULL,
  PRIMARY KEY (`ID`),
  KEY `FK3C0DF1ACF26425` (`BRANCH_ID`),
  KEY `FK3C0DF1A90D3DEB1` (`START_ACADEMIC_YEAR_ID`),
  KEY `FK3C0DF1A8C317B58` (`END_ACADEMIC_YEAR_ID`)
) ENGINE=MyISAM DEFAULT CHARSET=latin1;

--
-- Dumping data for table `BATCH`
--

INSERT INTO `BATCH` (`ID`, `AUDIT_TIMESTAMP`, `AUDIT_USER_NAME`, `VERSION`, `LOCKED`, `NAME`, `BRANCH_ID`, `END_ACADEMIC_YEAR_ID`, `START_ACADEMIC_YEAR_ID`) VALUES
(79, '2013-04-14 02:46:53', 'apeironsol', 3, 1, '2012-2014', 41, 77, 76),
(80, '2013-04-14 02:47:11', 'apeironsol', 1, 1, '2013-2015', 41, 78, 77);

-- --------------------------------------------------------

--
-- Table structure for table `BATCH_LOG`
--

CREATE TABLE IF NOT EXISTS `BATCH_LOG` (
  `ID` bigint(20) NOT NULL,
  `AUDIT_TIMESTAMP` datetime NOT NULL,
  `AUDIT_USER_NAME` varchar(255) NOT NULL,
  `VERSION` bigint(20) NOT NULL,
  `BATCH_STATUS` varchar(50) NOT NULL,
  `COMPLETED` tinyint(1) DEFAULT NULL,
  `EXECUTION_START_DATE` datetime NOT NULL,
  `EXECUTION_TIME` bigint(20) DEFAULT NULL,
  `BATCH_NOTIFICATION_LEVEL` varchar(50) NOT NULL,
  `NOTIFICATION_LEVEL_ID` bigint(20) NOT NULL,
  `BATCH_NOTIFICATION_SUB_TYPE` varchar(50) NOT NULL,
  `BATCH_NOTIFICATION_TYPE` varchar(50) NOT NULL,
  `NR_ELEMENTS` bigint(20) NOT NULL,
  `NR_ELEMENTS_PROC_SUCCESS` bigint(20) DEFAULT NULL,
  `NR_ELEMENTS_PROC_CANCELED` bigint(20) DEFAULT NULL,
  `NR_ELEMENTS_PROC_ERROR` bigint(20) DEFAULT NULL,
  `BRANCH_ID` bigint(20) DEFAULT NULL,
  PRIMARY KEY (`ID`),
  KEY `FK6BD4187FCF26425` (`BRANCH_ID`)
) ENGINE=MyISAM DEFAULT CHARSET=latin1;

-- --------------------------------------------------------

--
-- Table structure for table `BATCH_LOG_MESSAGE`
--

CREATE TABLE IF NOT EXISTS `BATCH_LOG_MESSAGE` (
  `ID` bigint(20) NOT NULL,
  `AUDIT_TIMESTAMP` datetime NOT NULL,
  `AUDIT_USER_NAME` varchar(255) NOT NULL,
  `VERSION` bigint(20) NOT NULL,
  `MESSAGE_STATUS` varchar(255) DEFAULT NULL,
  `ERROR_MESSAGE` longtext,
  `MESSAGE_SENT` longtext,
  `MESSAGE_SENT_TIME` datetime NOT NULL,
  `SEND_TO` varchar(255) DEFAULT NULL,
  `BATCH_ID` bigint(20) DEFAULT NULL,
  `STUDENT_ACADEMIC_YEAR_ID` bigint(20) DEFAULT NULL,
  PRIMARY KEY (`ID`),
  KEY `FK40755C27346CCF5E` (`BATCH_ID`),
  KEY `FK40755C27AC13E29D` (`STUDENT_ACADEMIC_YEAR_ID`)
) ENGINE=MyISAM DEFAULT CHARSET=latin1;

-- --------------------------------------------------------

--
-- Table structure for table `BRANCH`
--

CREATE TABLE IF NOT EXISTS `BRANCH` (
  `ID` bigint(20) NOT NULL,
  `AUDIT_TIMESTAMP` datetime NOT NULL,
  `AUDIT_USER_NAME` varchar(255) NOT NULL,
  `VERSION` bigint(20) NOT NULL,
  `ACTIVE` tinyint(1) DEFAULT NULL,
  `AFFILIATED_TO` varchar(100) DEFAULT NULL,
  `BRANCH_TYPE` varchar(50) NOT NULL,
  `CODE` varchar(10) NOT NULL,
  `NAME` varchar(100) NOT NULL,
  `RECOGNISED_BY` varchar(100) NOT NULL,
  `REGISTRATION_DATE` date NOT NULL,
  `REGISTRATION_TYPE` varchar(50) NOT NULL,
  `START_DATE` date NOT NULL,
  `ADDRESS_ID` bigint(20) DEFAULT NULL,
  `ORGANIZATION_ID` bigint(20) NOT NULL,
  PRIMARY KEY (`ID`),
  UNIQUE KEY `CODE` (`CODE`),
  UNIQUE KEY `NAME` (`NAME`),
  KEY `FK754219A244CEC245` (`ORGANIZATION_ID`),
  KEY `FK754219A243FEC4EF` (`ADDRESS_ID`)
) ENGINE=MyISAM DEFAULT CHARSET=latin1;

--
-- Dumping data for table `BRANCH`
--

INSERT INTO `BRANCH` (`ID`, `AUDIT_TIMESTAMP`, `AUDIT_USER_NAME`, `VERSION`, `ACTIVE`, `AFFILIATED_TO`, `BRANCH_TYPE`, `CODE`, `NAME`, `RECOGNISED_BY`, `REGISTRATION_DATE`, `REGISTRATION_TYPE`, `START_DATE`, `ADDRESS_ID`, `ORGANIZATION_ID`) VALUES
(41, '2013-04-14 02:38:06', 'apeironsol', 14, 1, NULL, 'INTERMEDIATE', '15128', 'Sri MedhaV KPHB', 'Govt of AP', '2012-06-12', 'PRIVATE', '2012-06-12', 40, 1);

-- --------------------------------------------------------

--
-- Table structure for table `BRANCH_ASSEMBLY`
--

CREATE TABLE IF NOT EXISTS `BRANCH_ASSEMBLY` (
  `ID` bigint(20) NOT NULL,
  `AUDIT_TIMESTAMP` datetime NOT NULL,
  `AUDIT_USER_NAME` varchar(255) NOT NULL,
  `VERSION` bigint(20) NOT NULL,
  `BRANCH_ID` bigint(20) NOT NULL,
  `BUILDING_BLOCK_ID` bigint(20) NOT NULL,
  PRIMARY KEY (`ID`),
  UNIQUE KEY `BRANCH_ID` (`BRANCH_ID`,`BUILDING_BLOCK_ID`),
  KEY `FK354CFBE3B9536D66` (`BUILDING_BLOCK_ID`),
  KEY `FK354CFBE3CF26425` (`BRANCH_ID`)
) ENGINE=MyISAM DEFAULT CHARSET=latin1;

--
-- Dumping data for table `BRANCH_ASSEMBLY`
--

INSERT INTO `BRANCH_ASSEMBLY` (`ID`, `AUDIT_TIMESTAMP`, `AUDIT_USER_NAME`, `VERSION`, `BRANCH_ID`, `BUILDING_BLOCK_ID`) VALUES
(42, '2013-04-14 02:38:16', 'apeironsol', 0, 41, 2),
(43, '2013-04-14 02:38:16', 'apeironsol', 0, 41, 3),
(44, '2013-04-14 02:38:16', 'apeironsol', 0, 41, 5),
(45, '2013-04-14 02:38:16', 'apeironsol', 0, 41, 4),
(46, '2013-04-14 02:38:16', 'apeironsol', 0, 41, 8),
(47, '2013-04-14 02:38:16', 'apeironsol', 0, 41, 6),
(48, '2013-04-14 02:38:16', 'apeironsol', 0, 41, 11),
(49, '2013-04-14 02:38:16', 'apeironsol', 0, 41, 7),
(50, '2013-04-14 02:38:16', 'apeironsol', 0, 41, 9),
(51, '2013-04-14 02:38:16', 'apeironsol', 0, 41, 10),
(52, '2013-04-14 02:38:16', 'apeironsol', 0, 41, 12),
(53, '2013-04-14 02:38:16', 'apeironsol', 0, 41, 14),
(54, '2013-04-14 02:38:16', 'apeironsol', 0, 41, 13),
(55, '2013-04-14 02:38:16', 'apeironsol', 0, 41, 26),
(56, '2013-04-14 02:38:16', 'apeironsol', 0, 41, 25),
(57, '2013-04-14 02:38:16', 'apeironsol', 0, 41, 15),
(58, '2013-04-14 02:38:16', 'apeironsol', 0, 41, 28),
(59, '2013-04-14 02:38:16', 'apeironsol', 0, 41, 21),
(60, '2013-04-14 02:38:16', 'apeironsol', 0, 41, 29),
(61, '2013-04-14 02:38:16', 'apeironsol', 0, 41, 24),
(62, '2013-04-14 02:38:16', 'apeironsol', 0, 41, 23),
(63, '2013-04-14 02:38:16', 'apeironsol', 0, 41, 22),
(64, '2013-04-14 02:38:16', 'apeironsol', 0, 41, 27),
(65, '2013-04-14 02:38:16', 'apeironsol', 0, 41, 17),
(66, '2013-04-14 02:38:16', 'apeironsol', 0, 41, 31),
(67, '2013-04-14 02:38:16', 'apeironsol', 0, 41, 33),
(68, '2013-04-14 02:38:16', 'apeironsol', 0, 41, 34),
(69, '2013-04-14 02:38:16', 'apeironsol', 0, 41, 36),
(70, '2013-04-14 02:38:16', 'apeironsol', 0, 41, 35),
(71, '2013-04-14 02:38:16', 'apeironsol', 0, 41, 32),
(72, '2013-04-14 02:38:16', 'apeironsol', 0, 41, 30),
(73, '2013-04-14 02:38:16', 'apeironsol', 0, 41, 37),
(74, '2013-04-14 02:38:16', 'apeironsol', 0, 41, 39),
(75, '2013-04-14 02:38:16', 'apeironsol', 0, 41, 38),
(207, '2013-04-14 03:53:04', 'apeironsol', 0, 41, 206),
(998, '2013-04-21 01:28:33', 'apeironsol123', 0, 41, 997),
(1366, '2013-04-27 05:27:02', 'apeironsol123', 0, 41, 1365);

-- --------------------------------------------------------

--
-- Table structure for table `BRANCH_ASSERT`
--

CREATE TABLE IF NOT EXISTS `BRANCH_ASSERT` (
  `ID` bigint(20) NOT NULL,
  `AUDIT_TIMESTAMP` datetime NOT NULL,
  `AUDIT_USER_NAME` varchar(255) NOT NULL,
  `VERSION` bigint(20) NOT NULL,
  `ASSERT_DATE` date DEFAULT NULL,
  `DESCRIPTION` varchar(200) NOT NULL,
  `NAME` varchar(50) NOT NULL,
  `QUANTITY` int(11) NOT NULL,
  `TOTAL_AMOUNT` double NOT NULL,
  `ASSERT_TYPE_BUILD_BLK_ID` bigint(20) NOT NULL,
  `BRANCH_ID` bigint(20) NOT NULL,
  PRIMARY KEY (`ID`),
  KEY `FK4B71908362732A04` (`ASSERT_TYPE_BUILD_BLK_ID`),
  KEY `FK4B719083CF26425` (`BRANCH_ID`)
) ENGINE=MyISAM DEFAULT CHARSET=latin1;

-- --------------------------------------------------------

--
-- Table structure for table `BRANCH_DEPARTMENT`
--

CREATE TABLE IF NOT EXISTS `BRANCH_DEPARTMENT` (
  `ID` bigint(20) NOT NULL,
  `AUDIT_TIMESTAMP` datetime NOT NULL,
  `AUDIT_USER_NAME` varchar(255) NOT NULL,
  `VERSION` bigint(20) NOT NULL,
  `END_DATE` datetime DEFAULT NULL,
  `START_DATE` datetime NOT NULL,
  `BRANCH_ASSEMBLE_ID` bigint(20) NOT NULL,
  PRIMARY KEY (`ID`),
  KEY `FKD565720F346343DE` (`BRANCH_ASSEMBLE_ID`)
) ENGINE=MyISAM DEFAULT CHARSET=latin1;

-- --------------------------------------------------------

--
-- Table structure for table `BRANCH_EXPENSE`
--

CREATE TABLE IF NOT EXISTS `BRANCH_EXPENSE` (
  `ID` bigint(20) NOT NULL,
  `AUDIT_TIMESTAMP` datetime NOT NULL,
  `AUDIT_USER_NAME` varchar(255) NOT NULL,
  `VERSION` bigint(20) NOT NULL,
  `AMOUNT` double DEFAULT NULL,
  `DESCRIPTION` varchar(200) DEFAULT NULL,
  `EXPENSE_DATE` datetime NOT NULL,
  `NAME` varchar(50) NOT NULL,
  `BRANCH_ID` bigint(20) NOT NULL,
  `EXPENSE_TYPE_BUILD_BLK_ID` bigint(20) NOT NULL,
  PRIMARY KEY (`ID`),
  KEY `FKFEB7529B3FC71E96` (`EXPENSE_TYPE_BUILD_BLK_ID`),
  KEY `FKFEB7529BCF26425` (`BRANCH_ID`)
) ENGINE=MyISAM DEFAULT CHARSET=latin1;

--
-- Dumping data for table `BRANCH_EXPENSE`
--

INSERT INTO `BRANCH_EXPENSE` (`ID`, `AUDIT_TIMESTAMP`, `AUDIT_USER_NAME`, `VERSION`, `AMOUNT`, `DESCRIPTION`, `EXPENSE_DATE`, `NAME`, `BRANCH_ID`, `EXPENSE_TYPE_BUILD_BLK_ID`) VALUES
(1364, '2013-04-27 05:22:35', 'nagender', 0, 4000, 'Paid to Subash for Chilkur trip as Transportation charges.', '2013-04-24 00:00:00', 'Chilkur Trip', 41, 27),
(1367, '2013-04-27 05:29:51', 'apeironsol123', 0, 60, 'Paid Mahender for Tea', '2013-04-24 00:00:00', 'Tea expense', 41, 1365),
(1368, '2013-04-27 05:42:32', 'nagender', 0, 1800, 'Paid to Rajsekhar', '2013-04-24 00:00:00', 'Petrol charges', 41, 28),
(1370, '2013-04-27 05:48:46', 'nagender', 0, 80, 'For cleaning purpose.', '2013-04-25 00:00:00', 'Acid Bottles', 41, 24);

-- --------------------------------------------------------

--
-- Table structure for table `BRANCH_EXPENSE_TYPE_PERIODICAL`
--

CREATE TABLE IF NOT EXISTS `BRANCH_EXPENSE_TYPE_PERIODICAL` (
  `ID` bigint(20) NOT NULL,
  `AUDIT_TIMESTAMP` datetime NOT NULL,
  `AUDIT_USER_NAME` varchar(255) NOT NULL,
  `VERSION` bigint(20) NOT NULL,
  `END_DATE` datetime DEFAULT NULL,
  `MAXIMUM_EXPENSE` double NOT NULL,
  `START_DATE` datetime NOT NULL,
  `BRANCH_ASSEMBLE_ID` bigint(20) NOT NULL,
  PRIMARY KEY (`ID`),
  KEY `FKB875CC87346343DE` (`BRANCH_ASSEMBLE_ID`)
) ENGINE=MyISAM DEFAULT CHARSET=latin1;

-- --------------------------------------------------------

--
-- Table structure for table `BRANCH_FEE_TYPE_PERIODICAL`
--

CREATE TABLE IF NOT EXISTS `BRANCH_FEE_TYPE_PERIODICAL` (
  `ID` bigint(20) NOT NULL,
  `AUDIT_TIMESTAMP` datetime NOT NULL,
  `AUDIT_USER_NAME` varchar(255) NOT NULL,
  `VERSION` bigint(20) NOT NULL,
  `END_DATE` datetime DEFAULT NULL,
  `MAXIMUM_FEE` double NOT NULL,
  `MINIMUM_FEE` double NOT NULL,
  `START_DATE` datetime NOT NULL,
  `BRANCH_ASSEMBLE_ID` bigint(20) NOT NULL,
  PRIMARY KEY (`ID`),
  KEY `FKDB901535346343DE` (`BRANCH_ASSEMBLE_ID`)
) ENGINE=MyISAM DEFAULT CHARSET=latin1;

-- --------------------------------------------------------

--
-- Table structure for table `BRANCH_INVESTMENT`
--

CREATE TABLE IF NOT EXISTS `BRANCH_INVESTMENT` (
  `ID` bigint(20) NOT NULL,
  `AUDIT_TIMESTAMP` datetime NOT NULL,
  `AUDIT_USER_NAME` varchar(255) NOT NULL,
  `VERSION` bigint(20) NOT NULL,
  `AMOUNT` double DEFAULT NULL,
  `DESCRIPTION` varchar(200) DEFAULT NULL,
  `INVESTMENT_DATE` datetime NOT NULL,
  `NAME` varchar(50) NOT NULL,
  `BRANCH_ID` bigint(20) NOT NULL,
  `INVESTMENT_BUILD_BLK_ID` bigint(20) NOT NULL,
  PRIMARY KEY (`ID`),
  KEY `FK15D1619078CA8FC4` (`INVESTMENT_BUILD_BLK_ID`),
  KEY `FK15D16190CF26425` (`BRANCH_ID`)
) ENGINE=MyISAM DEFAULT CHARSET=latin1;

-- --------------------------------------------------------

--
-- Table structure for table `BRANCH_LEVEL_FEE`
--

CREATE TABLE IF NOT EXISTS `BRANCH_LEVEL_FEE` (
  `ID` bigint(20) NOT NULL,
  `AUDIT_TIMESTAMP` datetime NOT NULL,
  `AUDIT_USER_NAME` varchar(255) NOT NULL,
  `VERSION` bigint(20) NOT NULL,
  `AMOUNT` double NOT NULL,
  `PAYMENT_FREQUENCY` varchar(50) NOT NULL,
  `ACADEMIC_YEAR_ID` bigint(20) NOT NULL,
  `BRANCH_ID` bigint(20) NOT NULL,
  `BUILD_BLOCK_ID` bigint(20) NOT NULL,
  PRIMARY KEY (`ID`),
  KEY `FKC3A481AEE3074AEC` (`BUILD_BLOCK_ID`),
  KEY `FKC3A481AECF26425` (`BRANCH_ID`),
  KEY `FKC3A481AE121C3074` (`ACADEMIC_YEAR_ID`)
) ENGINE=MyISAM DEFAULT CHARSET=latin1;

--
-- Dumping data for table `BRANCH_LEVEL_FEE`
--

INSERT INTO `BRANCH_LEVEL_FEE` (`ID`, `AUDIT_TIMESTAMP`, `AUDIT_USER_NAME`, `VERSION`, `AMOUNT`, `PAYMENT_FREQUENCY`, `ACADEMIC_YEAR_ID`, `BRANCH_ID`, `BUILD_BLOCK_ID`) VALUES
(192, '2013-04-14 03:08:08', 'apeironsol', 2, 4000, 'ONCE', 76, 41, 32),
(194, '2013-04-14 03:08:47', 'apeironsol', 1, 1000, 'ONCE', 77, 41, 33),
(196, '2013-04-14 03:09:12', 'apeironsol', 1, 2000, 'ONCE', 77, 41, 34),
(198, '2013-04-14 03:10:25', 'apeironsol', 1, 3000, 'ONCE', 77, 41, 32),
(200, '2013-04-14 03:11:16', 'apeironsol', 1, 1000, 'ONCE', 77, 41, 35),
(202, '2013-04-14 03:11:54', 'apeironsol', 1, 2000, 'ONCE', 76, 41, 34),
(204, '2013-04-14 03:12:13', 'apeironsol', 1, 1000, 'ONCE', 76, 41, 35),
(999, '2013-04-21 01:29:09', 'apeironsol123', 1, 100, 'ONCE', 76, 41, 997);

-- --------------------------------------------------------

--
-- Table structure for table `BRANCH_LEVEL_FEE_CATALOG`
--

CREATE TABLE IF NOT EXISTS `BRANCH_LEVEL_FEE_CATALOG` (
  `ID` bigint(20) NOT NULL,
  `AUDIT_TIMESTAMP` datetime NOT NULL,
  `AUDIT_USER_NAME` varchar(255) NOT NULL,
  `VERSION` bigint(20) NOT NULL,
  `AMOUNT` double NOT NULL,
  `DUE_DATE` datetime NOT NULL,
  `BRANCH_LEVEL_FEE_ID` bigint(20) NOT NULL,
  PRIMARY KEY (`ID`),
  KEY `FKFA918668271B2423` (`BRANCH_LEVEL_FEE_ID`)
) ENGINE=MyISAM DEFAULT CHARSET=latin1;

--
-- Dumping data for table `BRANCH_LEVEL_FEE_CATALOG`
--

INSERT INTO `BRANCH_LEVEL_FEE_CATALOG` (`ID`, `AUDIT_TIMESTAMP`, `AUDIT_USER_NAME`, `VERSION`, `AMOUNT`, `DUE_DATE`, `BRANCH_LEVEL_FEE_ID`) VALUES
(195, '2013-04-14 03:08:47', 'apeironsol', 0, 1000, '2013-06-03 00:00:00', 194),
(197, '2013-04-14 03:09:12', 'apeironsol', 0, 2000, '2013-06-03 00:00:00', 196),
(199, '2013-04-14 03:10:25', 'apeironsol', 0, 3000, '2013-06-03 00:00:00', 198),
(201, '2013-04-14 03:11:16', 'apeironsol', 0, 1000, '2013-06-03 00:00:00', 200),
(203, '2013-04-14 03:11:54', 'apeironsol', 0, 2000, '2012-06-12 00:00:00', 202),
(205, '2013-04-14 03:12:13', 'apeironsol', 0, 1000, '2012-06-12 00:00:00', 204),
(1000, '2013-04-21 01:29:09', 'apeironsol123', 0, 100, '2012-06-12 00:00:00', 999),
(971, '2013-04-20 01:28:22', 'apeironsol123', 0, 4000, '2012-06-12 00:00:00', 192);

-- --------------------------------------------------------

--
-- Table structure for table `BRANCH_LIABILITY`
--

CREATE TABLE IF NOT EXISTS `BRANCH_LIABILITY` (
  `ID` bigint(20) NOT NULL,
  `AUDIT_TIMESTAMP` datetime NOT NULL,
  `AUDIT_USER_NAME` varchar(255) NOT NULL,
  `VERSION` bigint(20) NOT NULL,
  `ASSERT_DATE` date DEFAULT NULL,
  `DESCRIPTION` varchar(200) NOT NULL,
  `NAME` varchar(50) NOT NULL,
  `TOTAL_AMOUNT` double NOT NULL,
  `BRANCH_ID` bigint(20) NOT NULL,
  `LIAB_TYPE_BUILD_BLK_ID` bigint(20) NOT NULL,
  PRIMARY KEY (`ID`),
  KEY `FK6F4F290CF26425` (`BRANCH_ID`),
  KEY `FK6F4F2903E95CF1C` (`LIAB_TYPE_BUILD_BLK_ID`)
) ENGINE=MyISAM DEFAULT CHARSET=latin1;

-- --------------------------------------------------------

--
-- Table structure for table `BRANCH_NOTIFICATION`
--

CREATE TABLE IF NOT EXISTS `BRANCH_NOTIFICATION` (
  `ID` bigint(20) NOT NULL,
  `AUDIT_TIMESTAMP` datetime NOT NULL,
  `AUDIT_USER_NAME` varchar(255) NOT NULL,
  `VERSION` bigint(20) NOT NULL,
  `EMAIL_IND` tinyint(1) DEFAULT NULL,
  `NOTIFI_SUB_TYPE` varchar(50) NOT NULL,
  `SMS_IND` tinyint(1) DEFAULT NULL,
  `BRANCH_ID` bigint(20) NOT NULL,
  PRIMARY KEY (`ID`),
  KEY `FK6D40F868CF26425` (`BRANCH_ID`)
) ENGINE=MyISAM DEFAULT CHARSET=latin1;

-- --------------------------------------------------------

--
-- Table structure for table `BRANCH_RESERVATION_CATEGORY`
--

CREATE TABLE IF NOT EXISTS `BRANCH_RESERVATION_CATEGORY` (
  `ID` bigint(20) NOT NULL,
  `AUDIT_TIMESTAMP` datetime NOT NULL,
  `AUDIT_USER_NAME` varchar(255) NOT NULL,
  `VERSION` bigint(20) NOT NULL,
  `END_DATE` datetime DEFAULT NULL,
  `START_DATE` datetime NOT NULL,
  `BRANCH_ASSEMBLE_ID` bigint(20) NOT NULL,
  PRIMARY KEY (`ID`),
  KEY `FK94D9A2AE346343DE` (`BRANCH_ASSEMBLE_ID`)
) ENGINE=MyISAM DEFAULT CHARSET=latin1;

-- --------------------------------------------------------

--
-- Table structure for table `BRANCH_RULE`
--

CREATE TABLE IF NOT EXISTS `BRANCH_RULE` (
  `ID` bigint(20) NOT NULL,
  `AUDIT_TIMESTAMP` datetime NOT NULL,
  `AUDIT_USER_NAME` varchar(255) NOT NULL,
  `VERSION` bigint(20) NOT NULL,
  `ATTENDANCE_TYPE` varchar(50) NOT NULL,
  `AUTO_INCREASE_ADMISSION_NR` tinyint(1) NOT NULL,
  `AUTO_INCREASE_EMPLOYEE_NR` tinyint(1) NOT NULL,
  `MAXIMUM_CLASS_STRENGTH` int(11) NOT NULL,
  `BRANCH_ID` bigint(20) NOT NULL,
  PRIMARY KEY (`ID`),
  KEY `FK46F7E379CF26425` (`BRANCH_ID`)
) ENGINE=MyISAM DEFAULT CHARSET=latin1;

-- --------------------------------------------------------

--
-- Table structure for table `BUILDING_BLOCK`
--

CREATE TABLE IF NOT EXISTS `BUILDING_BLOCK` (
  `ID` bigint(20) NOT NULL,
  `AUDIT_TIMESTAMP` datetime NOT NULL,
  `AUDIT_USER_NAME` varchar(255) NOT NULL,
  `VERSION` bigint(20) NOT NULL,
  `CODE` varchar(50) NOT NULL,
  `FEE_CLASSFN_LEVEL` varchar(50) DEFAULT NULL,
  `FEE_TYPE` varchar(50) DEFAULT NULL,
  `MANDATORY` tinyint(1) NOT NULL,
  `NAME` varchar(50) NOT NULL,
  `TYPE` varchar(50) NOT NULL,
  PRIMARY KEY (`ID`),
  UNIQUE KEY `NAME` (`NAME`,`CODE`),
  UNIQUE KEY `TYPE` (`TYPE`,`CODE`)
) ENGINE=MyISAM DEFAULT CHARSET=latin1;

--
-- Dumping data for table `BUILDING_BLOCK`
--

INSERT INTO `BUILDING_BLOCK` (`ID`, `AUDIT_TIMESTAMP`, `AUDIT_USER_NAME`, `VERSION`, `CODE`, `FEE_CLASSFN_LEVEL`, `FEE_TYPE`, `MANDATORY`, `NAME`, `TYPE`) VALUES
(2, '2013-04-14 02:14:14', 'apeironsol', 0, 'DEPT_ACC', NULL, NULL, 0, 'Accounts', 'DEPARTMENT'),
(3, '2013-04-14 02:14:28', 'apeironsol', 0, 'DEPT_MGMT', NULL, NULL, 0, 'Management', 'DEPARTMENT'),
(4, '2013-04-14 02:15:00', 'apeironsol', 0, 'DEPT_TSTF', NULL, NULL, 0, 'Teaching Staff', 'DEPARTMENT'),
(5, '2013-04-14 02:15:35', 'apeironsol', 0, 'DEPT_NSTF', NULL, NULL, 0, 'Non Teaching Staff', 'DEPARTMENT'),
(6, '2013-04-14 02:17:24', 'apeironsol', 0, 'DES_DIR', NULL, NULL, 0, 'Director', 'DESIGNATION'),
(7, '2013-04-14 02:17:54', 'apeironsol', 0, 'DES_PRICPAL', NULL, NULL, 0, 'Principal', 'DESIGNATION'),
(8, '2013-04-14 02:19:30', 'apeironsol', 0, 'DES_ACC', NULL, NULL, 0, 'Accountant', 'DESIGNATION'),
(9, '2013-04-14 02:19:53', 'apeironsol', 0, 'DES_RECPIST', NULL, NULL, 0, 'Receptionist', 'DESIGNATION'),
(10, '2013-04-14 02:20:25', 'apeironsol', 0, 'DES_SLEC', NULL, NULL, 0, 'Senior Lecturer', 'DESIGNATION'),
(11, '2013-04-14 02:20:40', 'apeironsol', 0, 'DES_JLEC', NULL, NULL, 0, 'Junior Lecturer', 'DESIGNATION'),
(12, '2013-04-14 02:21:17', 'apeironsol', 0, 'DES_TELCALLER', NULL, NULL, 0, 'Tele Caller', 'DESIGNATION'),
(13, '2013-04-14 02:22:16', 'apeironsol', 0, 'DOCR_TTC', NULL, NULL, 0, 'Tenth TC', 'DOCUMENTS_REQUIRD_FOR_ADMISSION'),
(14, '2013-04-14 02:22:56', 'apeironsol', 0, 'DOCR_SSCM', NULL, NULL, 0, 'SSC Memo', 'DOCUMENTS_REQUIRD_FOR_ADMISSION'),
(15, '2013-04-14 02:23:54', 'apeironsol', 0, 'ET_ELC', NULL, NULL, 0, 'Electricity Charges', 'EXPENSE_TYPE'),
(21, '2013-04-14 02:26:18', 'apeironsol', 0, 'ET_IC', NULL, NULL, 0, 'Internet Charges', 'EXPENSE_TYPE'),
(17, '2013-04-14 02:24:38', 'apeironsol', 0, 'ET_WC', NULL, NULL, 0, 'Water Charges', 'EXPENSE_TYPE'),
(22, '2013-04-14 02:26:35', 'apeironsol', 0, 'ET_TELC', NULL, NULL, 0, 'Telephone Charges', 'EXPENSE_TYPE'),
(23, '2013-04-14 02:27:01', 'apeironsol', 0, 'ET_STC', NULL, NULL, 0, 'Stationary Charges', 'EXPENSE_TYPE'),
(24, '2013-04-14 02:27:41', 'apeironsol', 0, 'ET_MISC', NULL, NULL, 0, 'Miscellaneous Charges', 'EXPENSE_TYPE'),
(25, '2013-04-14 02:28:03', 'apeironsol', 0, 'ET_DHC', NULL, NULL, 0, 'Dhobi Charges', 'EXPENSE_TYPE'),
(26, '2013-04-14 02:28:22', 'apeironsol', 0, 'ET_CANTC', NULL, NULL, 0, 'Canteen Charges', 'EXPENSE_TYPE'),
(27, '2013-04-14 02:28:55', 'apeironsol', 0, 'ET_TRANC', NULL, NULL, 0, 'Transport Charges', 'EXPENSE_TYPE'),
(28, '2013-04-14 02:29:11', 'apeironsol', 0, 'ET_FUC', NULL, NULL, 0, 'Fuel Charges', 'EXPENSE_TYPE'),
(29, '2013-04-14 02:29:26', 'apeironsol', 0, 'ET_MAINC', NULL, NULL, 0, 'Maintenance Charges', 'EXPENSE_TYPE'),
(30, '2013-04-14 02:30:38', 'apeironsol', 0, 'FT_TUF', 'KLASS_LEVEL', 'TUITION_FEE', 0, 'Tuition Fee', 'FEE_TYPE'),
(31, '2013-04-14 02:31:15', 'apeironsol', 0, 'FT_ADFEE', 'BRANCH_LEVEL', 'TUITION_FEE', 0, 'Admission Fee', 'FEE_TYPE'),
(32, '2013-04-14 02:31:50', 'apeironsol', 0, 'FT_MATFEE', 'BRANCH_LEVEL', 'GENERAL_FEE', 0, 'Material Fee', 'FEE_TYPE'),
(33, '2013-04-14 02:32:16', 'apeironsol', 1, 'FT_CAUFEE', 'BRANCH_LEVEL', 'GENERAL_FEE', 0, 'Caution Deposit', 'FEE_TYPE'),
(34, '2013-04-14 02:33:26', 'apeironsol', 0, 'FT_DHFEE', 'BRANCH_LEVEL', 'HOSTEL_FEE', 0, 'Dhobi Fee', 'FEE_TYPE'),
(35, '2013-04-14 02:33:53', 'apeironsol', 0, 'FT_HOTWFEE', 'BRANCH_LEVEL', 'HOSTEL_FEE', 0, 'Hot Water Fee', 'FEE_TYPE'),
(36, '2013-04-14 02:34:24', 'apeironsol', 0, 'FT_HOSFEE', 'KLASS_LEVEL', 'HOSTEL_FEE', 0, 'Hostel Fee', 'FEE_TYPE'),
(37, '2013-04-14 02:35:36', 'apeironsol', 0, 'SC_DIAMOND', NULL, NULL, 0, 'Diamond', 'STUDENT_CLASSIFICATION'),
(38, '2013-04-14 02:35:52', 'apeironsol', 0, 'SC_PLATINUM', NULL, NULL, 0, 'Platinum', 'STUDENT_CLASSIFICATION'),
(39, '2013-04-14 02:36:05', 'apeironsol', 0, 'SC_GOLD', NULL, NULL, 0, 'Gold', 'STUDENT_CLASSIFICATION'),
(206, '2013-04-14 03:52:44', 'apeironsol', 0, 'DES_COMOPE', NULL, NULL, 0, 'Computer Operator', 'DESIGNATION'),
(997, '2013-04-21 01:28:19', 'apeironsol123', 0, 'FT_APFF', 'BRANCH_LEVEL', 'APPLICATION_FORM_FEE', 0, 'Application Form Fee', 'FEE_TYPE'),
(1365, '2013-04-27 05:26:17', 'apeironsol123', 1, 'ET_STAFFWEL', NULL, NULL, 0, 'Staff welfare charges', 'EXPENSE_TYPE');

-- --------------------------------------------------------

--
-- Table structure for table `CLASS`
--

CREATE TABLE IF NOT EXISTS `CLASS` (
  `ID` bigint(20) NOT NULL,
  `AUDIT_TIMESTAMP` datetime NOT NULL,
  `AUDIT_USER_NAME` varchar(255) NOT NULL,
  `VERSION` bigint(20) NOT NULL,
  `ACTIVE` tinyint(1) NOT NULL,
  `CODE` varchar(30) NOT NULL,
  `NAME` varchar(50) NOT NULL,
  `BRANCH_ID` bigint(20) NOT NULL,
  PRIMARY KEY (`ID`),
  UNIQUE KEY `NAME` (`NAME`,`BRANCH_ID`),
  UNIQUE KEY `CODE` (`CODE`,`BRANCH_ID`),
  KEY `FK3D3B158CF26425` (`BRANCH_ID`)
) ENGINE=MyISAM DEFAULT CHARSET=latin1;

--
-- Dumping data for table `CLASS`
--

INSERT INTO `CLASS` (`ID`, `AUDIT_TIMESTAMP`, `AUDIT_USER_NAME`, `VERSION`, `ACTIVE`, `CODE`, `NAME`, `BRANCH_ID`) VALUES
(81, '2013-04-14 02:47:44', 'apeironsol', 5, 1, 'MEC_FIRST_YEAR', 'MEC First Year', 41),
(103, '2013-04-14 02:53:54', 'apeironsol', 1, 1, 'MEC_SEC_YEAR', 'MEC Second Year', 41);

-- --------------------------------------------------------

--
-- Table structure for table `CLASS_LEVEL_FEE`
--

CREATE TABLE IF NOT EXISTS `CLASS_LEVEL_FEE` (
  `ID` bigint(20) NOT NULL,
  `AUDIT_TIMESTAMP` datetime NOT NULL,
  `AUDIT_USER_NAME` varchar(255) NOT NULL,
  `VERSION` bigint(20) NOT NULL,
  `AMOUNT` double NOT NULL,
  `PAYMENT_FREQUENCY` varchar(50) NOT NULL,
  `ACADEMIC_YEAR_ID` bigint(20) NOT NULL,
  `BUILD_BLOCK_ID` bigint(20) NOT NULL,
  `CLASS_ID` bigint(20) NOT NULL,
  PRIMARY KEY (`ID`),
  KEY `FKD0FC6DE45D3CCBB7` (`CLASS_ID`),
  KEY `FKD0FC6DE4E3074AEC` (`BUILD_BLOCK_ID`),
  KEY `FKD0FC6DE4121C3074` (`ACADEMIC_YEAR_ID`)
) ENGINE=MyISAM DEFAULT CHARSET=latin1;

--
-- Dumping data for table `CLASS_LEVEL_FEE`
--

INSERT INTO `CLASS_LEVEL_FEE` (`ID`, `AUDIT_TIMESTAMP`, `AUDIT_USER_NAME`, `VERSION`, `AMOUNT`, `PAYMENT_FREQUENCY`, `ACADEMIC_YEAR_ID`, `BUILD_BLOCK_ID`, `CLASS_ID`) VALUES
(87, '2013-04-14 02:50:44', 'apeironsol', 2, 30000, 'THRICE', 76, 36, 81),
(91, '2013-04-14 02:51:31', 'apeironsol', 3, 28000, 'THRICE', 76, 30, 81),
(95, '2013-04-14 02:52:31', 'apeironsol', 1, 40000, 'THRICE', 77, 36, 81),
(99, '2013-04-14 02:53:16', 'apeironsol', 1, 36000, 'THRICE', 77, 30, 81),
(109, '2013-04-14 02:56:28', 'apeironsol', 1, 40000, 'THRICE', 77, 36, 103),
(113, '2013-04-14 02:57:34', 'apeironsol', 1, 36000, 'THRICE', 77, 30, 103);

-- --------------------------------------------------------

--
-- Table structure for table `CLASS_LEVEL_FEE_CATALOG`
--

CREATE TABLE IF NOT EXISTS `CLASS_LEVEL_FEE_CATALOG` (
  `ID` bigint(20) NOT NULL,
  `AUDIT_TIMESTAMP` datetime NOT NULL,
  `AUDIT_USER_NAME` varchar(255) NOT NULL,
  `VERSION` bigint(20) NOT NULL,
  `AMOUNT` double NOT NULL,
  `DUE_DATE` datetime NOT NULL,
  `CLASS_LEVEL_FEE_ID` bigint(20) NOT NULL,
  PRIMARY KEY (`ID`),
  KEY `FK1DACDC9EF8539FA5` (`CLASS_LEVEL_FEE_ID`)
) ENGINE=MyISAM DEFAULT CHARSET=latin1;

--
-- Dumping data for table `CLASS_LEVEL_FEE_CATALOG`
--

INSERT INTO `CLASS_LEVEL_FEE_CATALOG` (`ID`, `AUDIT_TIMESTAMP`, `AUDIT_USER_NAME`, `VERSION`, `AMOUNT`, `DUE_DATE`, `CLASS_LEVEL_FEE_ID`) VALUES
(970, '2013-04-20 01:27:33', 'apeironsol123', 0, 7500, '2012-12-01 00:00:00', 87),
(969, '2013-04-20 01:27:33', 'apeironsol123', 0, 7500, '2012-09-01 00:00:00', 87),
(968, '2013-04-20 01:27:33', 'apeironsol123', 0, 15000, '2012-06-12 00:00:00', 87),
(974, '2013-04-20 01:30:46', 'apeironsol123', 0, 7000, '2012-12-01 00:00:00', 91),
(973, '2013-04-20 01:30:46', 'apeironsol123', 0, 7000, '2012-09-01 00:00:00', 91),
(972, '2013-04-20 01:30:46', 'apeironsol123', 0, 14000, '2012-06-12 00:00:00', 91),
(96, '2013-04-14 02:52:31', 'apeironsol', 0, 20000, '2013-06-03 00:00:00', 95),
(97, '2013-04-14 02:52:31', 'apeironsol', 0, 10000, '2013-10-15 00:00:00', 95),
(98, '2013-04-14 02:52:31', 'apeironsol', 0, 10000, '2013-12-20 00:00:00', 95),
(100, '2013-04-14 02:53:16', 'apeironsol', 0, 18000, '2013-06-03 00:00:00', 99),
(101, '2013-04-14 02:53:16', 'apeironsol', 0, 9000, '2013-10-15 00:00:00', 99),
(102, '2013-04-14 02:53:16', 'apeironsol', 0, 9000, '2013-12-20 00:00:00', 99),
(110, '2013-04-14 02:56:28', 'apeironsol', 0, 20000, '2013-06-03 00:00:00', 109),
(111, '2013-04-14 02:56:28', 'apeironsol', 0, 10000, '2013-10-15 00:00:00', 109),
(112, '2013-04-14 02:56:28', 'apeironsol', 0, 10000, '2013-12-20 00:00:00', 109),
(114, '2013-04-14 02:57:34', 'apeironsol', 0, 18000, '2013-06-03 00:00:00', 113),
(115, '2013-04-14 02:57:34', 'apeironsol', 0, 9000, '2013-10-15 00:00:00', 113),
(116, '2013-04-14 02:57:34', 'apeironsol', 0, 9000, '2013-12-20 00:00:00', 113);

-- --------------------------------------------------------

--
-- Table structure for table `COUNTRY`
--

CREATE TABLE IF NOT EXISTS `COUNTRY` (
  `ISO3_CODE` varchar(3) NOT NULL,
  `ISO2_CODE` varchar(2) DEFAULT NULL,
  `NAME` varchar(255) DEFAULT NULL,
  `NUM_CODE` int(11) DEFAULT NULL,
  PRIMARY KEY (`ISO3_CODE`)
) ENGINE=MyISAM DEFAULT CHARSET=latin1;

--
-- Dumping data for table `COUNTRY`
--

INSERT INTO `COUNTRY` (`ISO3_CODE`, `ISO2_CODE`, `NAME`, `NUM_CODE`) VALUES
('IND', 'IN', 'India', 356);

-- --------------------------------------------------------

--
-- Table structure for table `EDUCATION_HISTORY`
--

CREATE TABLE IF NOT EXISTS `EDUCATION_HISTORY` (
  `ID` bigint(20) NOT NULL,
  `AUDIT_TIMESTAMP` datetime NOT NULL,
  `AUDIT_USER_NAME` varchar(255) NOT NULL,
  `VERSION` bigint(20) NOT NULL,
  `CON_PERSON_NAME` varchar(40) DEFAULT NULL,
  `DATE_OF_RELIVING` date NOT NULL,
  `DATE_OF_JOINING` date NOT NULL,
  `HIGHEST_CLASS` varchar(20) NOT NULL,
  `MEDIAM` varchar(20) NOT NULL,
  `SCHOOL_NAME` varchar(20) NOT NULL,
  `SCHOOL_TYPE` varchar(20) NOT NULL,
  `ADDRESS_ID` bigint(20) NOT NULL,
  `STUDENT_ID` bigint(20) NOT NULL,
  PRIMARY KEY (`ID`),
  KEY `FKA45286BD43FEC4EF` (`ADDRESS_ID`),
  KEY `FKA45286BD8AED4B8F` (`STUDENT_ID`)
) ENGINE=MyISAM DEFAULT CHARSET=latin1;

-- --------------------------------------------------------

--
-- Table structure for table `EMPLOYEE`
--

CREATE TABLE IF NOT EXISTS `EMPLOYEE` (
  `ID` bigint(20) NOT NULL,
  `AUDIT_TIMESTAMP` datetime NOT NULL,
  `AUDIT_USER_NAME` varchar(255) NOT NULL,
  `VERSION` bigint(20) NOT NULL,
  `FIRST_NAME` varchar(255) NOT NULL,
  `GENDER` varchar(10) NOT NULL,
  `LAST_NAME` varchar(255) NOT NULL,
  `MIDDLE_NAME` varchar(255) DEFAULT NULL,
  `CURRENT_STATUS` varchar(255) NOT NULL,
  `DATE_OF_BIRTH` date NOT NULL,
  `EMPLOYEE_NUMBER` varchar(20) NOT NULL,
  `USER_ACCOUNT_ID` bigint(20) DEFAULT NULL,
  `BRANCH_ID` bigint(20) NOT NULL,
  PRIMARY KEY (`ID`),
  KEY `FK75C8D6AEC9C05F59` (`USER_ACCOUNT_ID`),
  KEY `FK75C8D6AECF26425` (`BRANCH_ID`)
) ENGINE=MyISAM DEFAULT CHARSET=latin1;

--
-- Dumping data for table `EMPLOYEE`
--

INSERT INTO `EMPLOYEE` (`ID`, `AUDIT_TIMESTAMP`, `AUDIT_USER_NAME`, `VERSION`, `FIRST_NAME`, `GENDER`, `LAST_NAME`, `MIDDLE_NAME`, `CURRENT_STATUS`, `DATE_OF_BIRTH`, `EMPLOYEE_NUMBER`, `USER_ACCOUNT_ID`, `BRANCH_ID`) VALUES
(209, '2013-04-14 03:54:44', 'apeironsol', 1, 'Pradeep', 'MALE', 'Budeti', '', 'ACTIVE', '1991-05-12', 'EMP0000001', 212, 41),
(676, '2013-04-16 09:16:17', 'apeironsol123', 1, 'Nagender', 'MALE', 'T', '', 'ACTIVE', '1951-03-16', 'EMP0000003', 679, 41),
(728, '2013-04-16 09:25:08', 'apeironsol123', 1, 'Srinivas', 'MALE', 'R', 'Goud', 'ACTIVE', '1981-01-01', 'EMP0000004', 731, 41);

-- --------------------------------------------------------

--
-- Table structure for table `EMPLOYEE_DESIGNATION`
--

CREATE TABLE IF NOT EXISTS `EMPLOYEE_DESIGNATION` (
  `ID` bigint(20) NOT NULL,
  `AUDIT_TIMESTAMP` datetime NOT NULL,
  `AUDIT_USER_NAME` varchar(255) NOT NULL,
  `VERSION` bigint(20) NOT NULL,
  `COMMENTS` varchar(200) NOT NULL,
  `EMPLOYMENT_TYPE` varchar(50) NOT NULL,
  `END_DATE` date DEFAULT NULL,
  `START_DATE` date NOT NULL,
  `DEPARTMENT_BUILD_BLK_ID` bigint(20) NOT NULL,
  `DESIG_TYPE_BUILD_BLK_ID` bigint(20) NOT NULL,
  `EMPLOYEE_ID` bigint(20) NOT NULL,
  PRIMARY KEY (`ID`),
  KEY `FKD3D313C64BA9C4EE` (`DESIG_TYPE_BUILD_BLK_ID`),
  KEY `FKD3D313C6935785A5` (`DEPARTMENT_BUILD_BLK_ID`),
  KEY `FKD3D313C668E1D534` (`EMPLOYEE_ID`)
) ENGINE=MyISAM DEFAULT CHARSET=latin1;

--
-- Dumping data for table `EMPLOYEE_DESIGNATION`
--

INSERT INTO `EMPLOYEE_DESIGNATION` (`ID`, `AUDIT_TIMESTAMP`, `AUDIT_USER_NAME`, `VERSION`, `COMMENTS`, `EMPLOYMENT_TYPE`, `END_DATE`, `START_DATE`, `DEPARTMENT_BUILD_BLK_ID`, `DESIG_TYPE_BUILD_BLK_ID`, `EMPLOYEE_ID`) VALUES
(210, '2013-04-14 03:54:44', 'apeironsol', 0, 'Newly joined', 'PERMANENT', NULL, '2013-02-18', 5, 206, 209),
(677, '2013-04-16 09:16:17', 'apeironsol123', 0, 'Newly joined', 'PERMANENT', NULL, '2013-03-02', 2, 8, 676),
(729, '2013-04-16 09:25:08', 'apeironsol123', 0, 'Newly joined', 'PERMANENT', NULL, '2012-06-12', 3, 6, 728);

-- --------------------------------------------------------

--
-- Table structure for table `EMPLOYEE_SALARY`
--

CREATE TABLE IF NOT EXISTS `EMPLOYEE_SALARY` (
  `ID` bigint(20) NOT NULL,
  `AUDIT_TIMESTAMP` datetime NOT NULL,
  `AUDIT_USER_NAME` varchar(255) NOT NULL,
  `VERSION` bigint(20) NOT NULL,
  `AMOUNT` double NOT NULL,
  `END_DATE` date DEFAULT NULL,
  `START_DATE` date NOT NULL,
  `EMPLOYEE_ID` bigint(20) NOT NULL,
  PRIMARY KEY (`ID`),
  KEY `FK290A47B68E1D534` (`EMPLOYEE_ID`)
) ENGINE=MyISAM DEFAULT CHARSET=latin1;

--
-- Dumping data for table `EMPLOYEE_SALARY`
--

INSERT INTO `EMPLOYEE_SALARY` (`ID`, `AUDIT_TIMESTAMP`, `AUDIT_USER_NAME`, `VERSION`, `AMOUNT`, `END_DATE`, `START_DATE`, `EMPLOYEE_ID`) VALUES
(211, '2013-04-14 03:54:44', 'apeironsol', 0, 8000, NULL, '2013-02-18', 209),
(678, '2013-04-16 09:16:17', 'apeironsol123', 0, 10000, NULL, '2013-03-02', 676),
(730, '2013-04-16 09:25:08', 'apeironsol123', 0, 100000, NULL, '2012-06-12', 728);

-- --------------------------------------------------------

--
-- Table structure for table `EXAM`
--

CREATE TABLE IF NOT EXISTS `EXAM` (
  `ID` bigint(20) NOT NULL,
  `AUDIT_TIMESTAMP` datetime NOT NULL,
  `AUDIT_USER_NAME` varchar(255) NOT NULL,
  `VERSION` bigint(20) NOT NULL,
  `NAME` varchar(100) NOT NULL,
  `BRANCH_ID` bigint(20) NOT NULL,
  `BUILD_BLOCK_ID` bigint(20) NOT NULL,
  PRIMARY KEY (`ID`),
  UNIQUE KEY `NAME` (`NAME`,`BRANCH_ID`),
  KEY `FK20B01FE3074AEC` (`BUILD_BLOCK_ID`),
  KEY `FK20B01FCF26425` (`BRANCH_ID`)
) ENGINE=MyISAM DEFAULT CHARSET=latin1;

-- --------------------------------------------------------

--
-- Table structure for table `FINANCIAL_ACCOUNT`
--

CREATE TABLE IF NOT EXISTS `FINANCIAL_ACCOUNT` (
  `ID` bigint(20) NOT NULL,
  `AUDIT_TIMESTAMP` datetime NOT NULL,
  `AUDIT_USER_NAME` varchar(255) NOT NULL,
  `VERSION` bigint(20) NOT NULL,
  `ACCOUNT_NUMBER` varchar(255) NOT NULL,
  `ACCOUNT_TYPE` varchar(40) NOT NULL,
  PRIMARY KEY (`ID`)
) ENGINE=MyISAM DEFAULT CHARSET=latin1;

-- --------------------------------------------------------

--
-- Table structure for table `FINANCIAL_YEAR`
--

CREATE TABLE IF NOT EXISTS `FINANCIAL_YEAR` (
  `ID` bigint(20) NOT NULL,
  `AUDIT_TIMESTAMP` datetime NOT NULL,
  `AUDIT_USER_NAME` varchar(255) NOT NULL,
  `VERSION` bigint(20) NOT NULL,
  `END_DATE` datetime NOT NULL,
  `START_DATE` datetime NOT NULL,
  `BRANCH_ID` bigint(20) NOT NULL,
  PRIMARY KEY (`ID`),
  KEY `FKBD3CA653CF26425` (`BRANCH_ID`)
) ENGINE=MyISAM DEFAULT CHARSET=latin1;

-- --------------------------------------------------------

--
-- Table structure for table `hibernate_sequence`
--

CREATE TABLE IF NOT EXISTS `hibernate_sequence` (
  `next_val` bigint(20) DEFAULT NULL
) ENGINE=MyISAM DEFAULT CHARSET=latin1;

--
-- Dumping data for table `hibernate_sequence`
--

INSERT INTO `hibernate_sequence` (`next_val`) VALUES
(1768);

-- --------------------------------------------------------

--
-- Table structure for table `MEDICAL_HISTORY`
--

CREATE TABLE IF NOT EXISTS `MEDICAL_HISTORY` (
  `ID` bigint(20) NOT NULL,
  `AUDIT_TIMESTAMP` datetime NOT NULL,
  `AUDIT_USER_NAME` varchar(255) NOT NULL,
  `VERSION` bigint(20) NOT NULL,
  `CURRENT_MEDICAL_CONDITION` varchar(200) DEFAULT NULL,
  `CURRENTLY_USING_MEDICINES` varchar(200) DEFAULT NULL,
  `KNOWN_ALLERGIES` varchar(200) DEFAULT NULL,
  `PREVIOUS_OPERATATION_DETAILS` varchar(200) DEFAULT NULL,
  `RELATIVES_HEALTH_DETAILS` varchar(200) DEFAULT NULL,
  `STUDENT_ID` bigint(20) NOT NULL,
  PRIMARY KEY (`ID`),
  KEY `FK65A8BCA68AED4B8F` (`STUDENT_ID`)
) ENGINE=MyISAM DEFAULT CHARSET=latin1;

--
-- Dumping data for table `MEDICAL_HISTORY`
--

INSERT INTO `MEDICAL_HISTORY` (`ID`, `AUDIT_TIMESTAMP`, `AUDIT_USER_NAME`, `VERSION`, `CURRENT_MEDICAL_CONDITION`, `CURRENTLY_USING_MEDICINES`, `KNOWN_ALLERGIES`, `PREVIOUS_OPERATATION_DETAILS`, `RELATIVES_HEALTH_DETAILS`, `STUDENT_ID`) VALUES
(239, '2013-04-15 01:37:22', 'pradeepb', 0, '', '', '', '', '', 229),
(251, '2013-04-15 01:45:11', 'pradeepb', 0, '', '', '', '', '', 242),
(263, '2013-04-15 01:52:53', 'pradeepb', 0, '', '', '', '', '', 254),
(275, '2013-04-15 08:54:11', 'pradeepb', 0, '', '', '', '', '', 266),
(287, '2013-04-15 09:00:17', 'pradeepb', 0, '', '', '', '', '', 278),
(299, '2013-04-15 09:04:12', 'pradeepb', 0, '', '', '', '', '', 290),
(311, '2013-04-15 09:14:04', 'pradeepb', 0, '', '', '', '', '', 302),
(323, '2013-04-15 09:18:16', 'pradeepb', 0, '', '', '', '', '', 314),
(335, '2013-04-15 09:24:26', 'pradeepb', 0, '', '', '', '', '', 326),
(347, '2013-04-15 09:29:58', 'pradeepb', 0, '', '', '', '', '', 338),
(359, '2013-04-15 22:59:39', 'pradeepb', 0, '', '', '', '', '', 350),
(371, '2013-04-15 23:08:12', 'pradeepb', 0, '', '', '', '', '', 362),
(383, '2013-04-15 23:15:19', 'pradeepb', 0, '', '', '', '', '', 374),
(395, '2013-04-15 23:34:14', 'pradeepb', 0, '', '', '', '', '', 386),
(407, '2013-04-15 23:38:35', 'pradeepb', 0, '', '', '', '', '', 398),
(419, '2013-04-15 23:43:41', 'pradeepb', 0, '', '', '', '', '', 410),
(431, '2013-04-15 23:47:52', 'pradeepb', 0, '', '', '', '', '', 422),
(443, '2013-04-15 23:52:17', 'pradeepb', 0, '', '', '', '', '', 434),
(455, '2013-04-15 23:57:22', 'pradeepb', 0, '', '', '', '', '', 446),
(467, '2013-04-16 00:01:25', 'pradeepb', 0, '', '', '', '', '', 458),
(479, '2013-04-16 00:06:58', 'pradeepb', 0, '', '', '', '', '', 470),
(491, '2013-04-16 00:10:39', 'pradeepb', 0, '', '', '', '', '', 482),
(503, '2013-04-16 00:18:13', 'pradeepb', 0, '', '', '', '', '', 494),
(515, '2013-04-16 00:22:43', 'pradeepb', 0, '', '', '', '', '', 506),
(527, '2013-04-16 00:27:08', 'pradeepb', 0, '', '', '', '', '', 518),
(539, '2013-04-16 00:31:03', 'pradeepb', 0, '', '', '', '', '', 530),
(551, '2013-04-16 00:36:06', 'pradeepb', 0, '', '', '', '', '', 542),
(563, '2013-04-16 00:39:27', 'pradeepb', 0, '', '', '', '', '', 554),
(575, '2013-04-16 00:56:04', 'pradeepb', 0, '', '', '', '', '', 566),
(587, '2013-04-16 01:01:16', 'pradeepb', 0, '', '', '', '', '', 578),
(599, '2013-04-16 01:06:23', 'pradeepb', 0, '', '', '', '', '', 590),
(611, '2013-04-16 01:12:10', 'pradeepb', 0, '', '', '', '', '', 602),
(623, '2013-04-16 01:18:07', 'pradeepb', 0, '', '', '', '', '', 614),
(635, '2013-04-16 01:23:11', 'pradeepb', 0, '', '', '', '', '', 626),
(647, '2013-04-16 01:26:54', 'pradeepb', 0, '', '', '', '', '', 638),
(659, '2013-04-16 04:53:26', 'pradeepb', 0, '', '', '', '', '', 650),
(671, '2013-04-16 05:01:19', 'pradeepb', 0, '', '', '', '', '', 662),
(845, '2013-04-18 23:40:32', 'pradeepb', 0, '', '', '', '', '', 836),
(861, '2013-04-18 23:52:03', 'pradeepb', 0, '', '', '', '', '', 852),
(873, '2013-04-18 23:57:50', 'pradeepb', 0, '', '', '', '', '', 864),
(885, '2013-04-19 00:16:57', 'pradeepb', 0, '', '', '', '', '', 876),
(897, '2013-04-19 00:28:52', 'pradeepb', 0, '', '', '', '', '', 888),
(917, '2013-04-19 23:46:58', 'pradeepb', 0, '', '', '', '', '', 900),
(929, '2013-04-19 23:55:04', 'pradeepb', 0, '', '', '', '', '', 920),
(941, '2013-04-20 00:05:43', 'pradeepb', 0, '', '', '', '', '', 932),
(953, '2013-04-20 00:15:57', 'pradeepb', 0, '', '', '', '', '', 944),
(995, '2013-04-20 02:21:31', 'pradeepb', 0, '', '', '', '', '', 985),
(1173, '2013-04-23 00:44:54', 'pradeepb', 0, '', '', '', '', '', 1163),
(1186, '2013-04-23 01:03:34', 'pradeepb', 0, '', '', '', '', '', 1176),
(1203, '2013-04-23 02:43:10', 'pradeepb', 0, '', '', '', '', '', 1193),
(1216, '2013-04-23 02:51:28', 'pradeepb', 0, '', '', '', '', '', 1206),
(1229, '2013-04-23 07:30:50', 'pradeepb', 0, '', '', '', '', '', 1219),
(1242, '2013-04-23 07:37:25', 'pradeepb', 0, '', '', '', '', '', 1232),
(1255, '2013-04-23 08:02:29', 'pradeepb', 0, '', '', '', '', '', 1245);

-- --------------------------------------------------------

--
-- Table structure for table `ORGANIZATION`
--

CREATE TABLE IF NOT EXISTS `ORGANIZATION` (
  `ID` bigint(20) NOT NULL,
  `AUDIT_TIMESTAMP` datetime NOT NULL,
  `AUDIT_USER_NAME` varchar(255) NOT NULL,
  `VERSION` bigint(20) NOT NULL,
  `LOCKED` tinyint(1) NOT NULL,
  `NAME` varchar(100) NOT NULL,
  `REGISTRATION_TYPE` varchar(255) NOT NULL,
  PRIMARY KEY (`ID`),
  UNIQUE KEY `NAME` (`NAME`)
) ENGINE=MyISAM DEFAULT CHARSET=latin1;

--
-- Dumping data for table `ORGANIZATION`
--

INSERT INTO `ORGANIZATION` (`ID`, `AUDIT_TIMESTAMP`, `AUDIT_USER_NAME`, `VERSION`, `LOCKED`, `NAME`, `REGISTRATION_TYPE`) VALUES
(1, '2013-04-14 02:13:55', 'apeironsol', 0, 1, 'Sri MedhaV', 'PRIVATE');

-- --------------------------------------------------------

--
-- Table structure for table `PICK_UP_POINT`
--

CREATE TABLE IF NOT EXISTS `PICK_UP_POINT` (
  `ID` bigint(20) NOT NULL,
  `AUDIT_TIMESTAMP` datetime NOT NULL,
  `AUDIT_USER_NAME` varchar(255) NOT NULL,
  `VERSION` bigint(20) NOT NULL,
  `ACTIVE` tinyint(1) NOT NULL,
  `CODE` varchar(255) NOT NULL,
  `NAME` varchar(100) NOT NULL,
  `BRANCH_ID` bigint(20) NOT NULL,
  PRIMARY KEY (`ID`),
  UNIQUE KEY `NAME` (`NAME`,`BRANCH_ID`),
  UNIQUE KEY `CODE` (`CODE`,`BRANCH_ID`),
  KEY `FKF5BD792ACF26425` (`BRANCH_ID`)
) ENGINE=MyISAM DEFAULT CHARSET=latin1;

-- --------------------------------------------------------

--
-- Table structure for table `PICK_UP_POINT_FEE`
--

CREATE TABLE IF NOT EXISTS `PICK_UP_POINT_FEE` (
  `ID` bigint(20) NOT NULL,
  `AUDIT_TIMESTAMP` datetime NOT NULL,
  `AUDIT_USER_NAME` varchar(255) NOT NULL,
  `VERSION` bigint(20) NOT NULL,
  `AMOUNT` double NOT NULL,
  `PAYMENT_FREQUENCY` varchar(50) NOT NULL,
  `ACADEMIC_YEAR_ID` bigint(20) NOT NULL,
  `PICK_UP_POINT_ID` bigint(20) NOT NULL,
  PRIMARY KEY (`ID`),
  UNIQUE KEY `PICK_UP_POINT_ID` (`PICK_UP_POINT_ID`,`ACADEMIC_YEAR_ID`),
  KEY `FK7AD512D1CFAE1B06` (`PICK_UP_POINT_ID`),
  KEY `FK7AD512D1121C3074` (`ACADEMIC_YEAR_ID`)
) ENGINE=MyISAM DEFAULT CHARSET=latin1;

-- --------------------------------------------------------

--
-- Table structure for table `PICK_UP_POINT_FEE_PAYMENT`
--

CREATE TABLE IF NOT EXISTS `PICK_UP_POINT_FEE_PAYMENT` (
  `ID` bigint(20) NOT NULL,
  `AUDIT_TIMESTAMP` datetime NOT NULL,
  `AUDIT_USER_NAME` varchar(255) NOT NULL,
  `VERSION` bigint(20) NOT NULL,
  `AMOUNT` double NOT NULL,
  `DUE_DATE` datetime NOT NULL,
  `PAYMENT_DATE` datetime NOT NULL,
  `PICK_UP_POINT_FEE_ID` bigint(20) NOT NULL,
  PRIMARY KEY (`ID`),
  KEY `FK39F91678BA8561D9` (`PICK_UP_POINT_FEE_ID`)
) ENGINE=MyISAM DEFAULT CHARSET=latin1;

-- --------------------------------------------------------

--
-- Table structure for table `PROFILE_PICTURE`
--

CREATE TABLE IF NOT EXISTS `PROFILE_PICTURE` (
  `ID` bigint(20) NOT NULL,
  `AUDIT_TIMESTAMP` datetime NOT NULL,
  `AUDIT_USER_NAME` varchar(255) NOT NULL,
  `VERSION` bigint(20) NOT NULL,
  `PROFILE_PICTURE` longblob NOT NULL,
  `REFERENCE_ID` varchar(100) NOT NULL,
  PRIMARY KEY (`ID`),
  UNIQUE KEY `REFERENCE_ID` (`REFERENCE_ID`)
) ENGINE=MyISAM DEFAULT CHARSET=latin1;

-- --------------------------------------------------------

--
-- Table structure for table `PURCHASE_INVOICE`
--

CREATE TABLE IF NOT EXISTS `PURCHASE_INVOICE` (
  `ID` bigint(20) NOT NULL,
  `AUDIT_TIMESTAMP` datetime NOT NULL,
  `AUDIT_USER_NAME` varchar(255) NOT NULL,
  `VERSION` bigint(20) NOT NULL,
  `AMOUNT` double NOT NULL,
  `INVOICE_DATE` date DEFAULT NULL,
  `INVOICE_NUMBER` varchar(50) NOT NULL,
  `REMARKS` varchar(100) NOT NULL,
  `BRANCH_ID` bigint(20) NOT NULL,
  `PURCHASE_ORDER_ID` bigint(20) NOT NULL,
  PRIMARY KEY (`ID`),
  UNIQUE KEY `INVOICE_NUMBER` (`INVOICE_NUMBER`,`BRANCH_ID`),
  KEY `FK673FD9CFB33D3A8B` (`PURCHASE_ORDER_ID`),
  KEY `FK673FD9CFCF26425` (`BRANCH_ID`)
) ENGINE=MyISAM DEFAULT CHARSET=latin1;

-- --------------------------------------------------------

--
-- Table structure for table `PURCHASE_ORDER`
--

CREATE TABLE IF NOT EXISTS `PURCHASE_ORDER` (
  `ID` bigint(20) NOT NULL,
  `AUDIT_TIMESTAMP` datetime NOT NULL,
  `AUDIT_USER_NAME` varchar(255) NOT NULL,
  `VERSION` bigint(20) NOT NULL,
  `DESCRIPTION` varchar(100) NOT NULL,
  `PURCHASE_ORDER_DATE` date DEFAULT NULL,
  `CURRENT_STATUS` varchar(255) NOT NULL,
  `PURCHASE_ORDER_NUMBER` varchar(50) NOT NULL,
  `PURCHASE_ORDER_TYPE` varchar(255) NOT NULL,
  `TOTAL_COST` double NOT NULL,
  `BRANCH_ID` bigint(20) NOT NULL,
  `SUPPLIER_ID` bigint(20) NOT NULL,
  PRIMARY KEY (`ID`),
  UNIQUE KEY `PURCHASE_ORDER_NUMBER` (`PURCHASE_ORDER_NUMBER`,`BRANCH_ID`),
  KEY `FK264562702554CF26` (`SUPPLIER_ID`),
  KEY `FK26456270CF26425` (`BRANCH_ID`)
) ENGINE=MyISAM DEFAULT CHARSET=latin1;

-- --------------------------------------------------------

--
-- Table structure for table `PURCHASE_ORDER_ITEM`
--

CREATE TABLE IF NOT EXISTS `PURCHASE_ORDER_ITEM` (
  `ID` bigint(20) NOT NULL,
  `AUDIT_TIMESTAMP` datetime NOT NULL,
  `AUDIT_USER_NAME` varchar(255) NOT NULL,
  `VERSION` bigint(20) NOT NULL,
  `NAME` varchar(50) NOT NULL,
  `PRICE_PER_ITEM` double NOT NULL,
  `QUANTITY` int(11) NOT NULL,
  `PURCHASE_ORDER_ID` bigint(20) NOT NULL,
  PRIMARY KEY (`ID`),
  KEY `FKFC43CF82B33D3A8B` (`PURCHASE_ORDER_ID`)
) ENGINE=MyISAM DEFAULT CHARSET=latin1;

-- --------------------------------------------------------

--
-- Table structure for table `PURCHASE_ORDER_STATUS`
--

CREATE TABLE IF NOT EXISTS `PURCHASE_ORDER_STATUS` (
  `ID` bigint(20) NOT NULL,
  `AUDIT_TIMESTAMP` datetime NOT NULL,
  `AUDIT_USER_NAME` varchar(255) NOT NULL,
  `VERSION` bigint(20) NOT NULL,
  `STATUS` varchar(255) NOT NULL,
  `REMARKS` varchar(200) NOT NULL,
  `PURCHASE_ORDER_ID` bigint(20) NOT NULL,
  PRIMARY KEY (`ID`),
  KEY `FKB9CC0A1B33D3A8B` (`PURCHASE_ORDER_ID`)
) ENGINE=MyISAM DEFAULT CHARSET=latin1;

-- --------------------------------------------------------

--
-- Table structure for table `RELATION`
--

CREATE TABLE IF NOT EXISTS `RELATION` (
  `ID` bigint(20) NOT NULL,
  `AUDIT_TIMESTAMP` datetime NOT NULL,
  `AUDIT_USER_NAME` varchar(255) NOT NULL,
  `VERSION` bigint(20) NOT NULL,
  `FIRST_NAME` varchar(255) NOT NULL,
  `GENDER` varchar(10) NOT NULL,
  `LAST_NAME` varchar(255) NOT NULL,
  `MIDDLE_NAME` varchar(255) DEFAULT NULL,
  `ANNUAL_SALARY` double DEFAULT NULL,
  `DATE_OF_BIRTH` date DEFAULT NULL,
  `OCCUPATION` varchar(255) DEFAULT NULL,
  `RELATION_TYPE` varchar(20) DEFAULT NULL,
  `USER_ACCOUNT_ID` bigint(20) DEFAULT NULL,
  `ADDRESS_ID` bigint(20) DEFAULT NULL,
  PRIMARY KEY (`ID`),
  KEY `FKD99E9FCC9C05F59` (`USER_ACCOUNT_ID`),
  KEY `FKD99E9FC43FEC4EF` (`ADDRESS_ID`)
) ENGINE=MyISAM DEFAULT CHARSET=latin1;

--
-- Dumping data for table `RELATION`
--

INSERT INTO `RELATION` (`ID`, `AUDIT_TIMESTAMP`, `AUDIT_USER_NAME`, `VERSION`, `FIRST_NAME`, `GENDER`, `LAST_NAME`, `MIDDLE_NAME`, `ANNUAL_SALARY`, `DATE_OF_BIRTH`, `OCCUPATION`, `RELATION_TYPE`, `USER_ACCOUNT_ID`, `ADDRESS_ID`) VALUES
(230, '2013-04-15 01:35:52', 'pradeepb', 0, 'SUNIL ', 'MALE', 'SHUKLA', 'KUMAR', 0, NULL, 'PRIVATE TEACHER', 'FATHER', NULL, 228),
(243, '2013-04-15 01:43:40', 'pradeepb', 0, 'VENKATAPATHI RAJU', 'MALE', 'INDUKURI', '', 0, NULL, '', 'FATHER', NULL, 241),
(255, '2013-04-15 01:51:29', 'pradeepb', 0, 'RANGABABU', 'MALE', 'CHITTURI', '', 0, NULL, '', 'FATHER', NULL, 253),
(267, '2013-04-15 08:53:20', 'pradeepb', 0, 'RAVIKUMAR', 'MALE', 'CH', '', 0, NULL, '', 'FATHER', NULL, 265),
(279, '2013-04-15 08:59:32', 'pradeepb', 0, 'GOKUL', 'MALE', 'MUPPATHIKA', '', 0, NULL, '', 'FATHER', NULL, 277),
(291, '2013-04-15 09:03:17', 'pradeepb', 0, 'BIKSHAPATHI', 'MALE', 'S', '', 0, NULL, '', 'FATHER', NULL, 289),
(303, '2013-04-15 09:13:18', 'pradeepb', 0, 'KRISHNAIAH', 'MALE', 'KOTAPATI', '', 0, NULL, '', 'FATHER', NULL, 301),
(315, '2013-04-15 09:17:39', 'pradeepb', 0, 'SURESH BABU', 'MALE', 'C', '', 0, NULL, '', 'FATHER', NULL, 313),
(327, '2013-04-15 09:23:45', 'pradeepb', 0, 'MURUGU SESHADRI', 'MALE', 'R', '', 0, NULL, '', 'FATHER', NULL, 325),
(339, '2013-04-15 09:29:13', 'pradeepb', 0, 'SRINIVAS REDDY', 'MALE', 'GANGARAM', '', 0, NULL, 'GOVT TEACHER', 'FATHER', NULL, 337),
(351, '2013-04-15 22:58:51', 'pradeepb', 0, 'SRINIVAS', 'MALE', 'KUNCHALA', '', 0, NULL, '', 'FATHER', NULL, 349),
(363, '2013-04-15 23:07:12', 'pradeepb', 0, 'SRINIVAS', 'MALE', 'SANGABATTULA', '', 0, NULL, '', 'FATHER', NULL, 361),
(375, '2013-04-15 23:13:22', 'pradeepb', 0, 'G SAI KUMAR', 'MALE', 'AMANCHERLA', '', 0, NULL, '', 'FATHER', NULL, 373),
(387, '2013-04-15 23:32:16', 'pradeepb', 0, 'GANGADHAR', 'MALE', 'ALAMPALLY', '', 0, NULL, '', 'FATHER', NULL, 385),
(399, '2013-04-15 23:37:53', 'pradeepb', 0, 'ANIL KUMAR', 'MALE', 'MUNDESHWARHARSHA', '', 0, NULL, '', 'FATHER', NULL, 397),
(411, '2013-04-15 23:42:53', 'pradeepb', 0, 'PRAVEEN KUMAR', 'MALE', 'S', '', 0, NULL, '', 'FATHER', NULL, 409),
(423, '2013-04-15 23:47:13', 'pradeepb', 0, 'JANGA REDDY', 'MALE', 'P', '', 0, NULL, '', 'FATHER', NULL, 421),
(435, '2013-04-15 23:51:32', 'pradeepb', 0, 'RAVINDER', 'MALE', 'SEGGOJU', '', 0, NULL, '', 'FATHER', NULL, 433),
(447, '2013-04-15 23:56:47', 'pradeepb', 0, 'NARAYANA', 'MALE', 'KAVELLI', '', 0, NULL, '', 'FATHER', NULL, 445),
(459, '2013-04-16 00:00:51', 'pradeepb', 0, 'KRISHNA', 'MALE', 'G', '', 0, NULL, '', 'FATHER', NULL, 457),
(471, '2013-04-16 00:06:19', 'pradeepb', 0, 'SRINIVAS', 'MALE', 'K', '', 0, NULL, '', 'FATHER', NULL, 469),
(483, '2013-04-16 00:09:52', 'pradeepb', 0, 'KISHORE', 'MALE', 'BAID', '', 0, NULL, '', 'FATHER', NULL, 481),
(495, '2013-04-16 00:17:36', 'pradeepb', 0, 'MANIKYA PRABHU', 'MALE', 'MUDHASANI', '', 0, NULL, '', 'FATHER', NULL, 493),
(507, '2013-04-16 00:21:57', 'pradeepb', 0, 'VENKATESWARLU', 'MALE', 'GIDDALURU', '', 0, NULL, '', 'FATHER', NULL, 505),
(519, '2013-04-16 00:26:28', 'pradeepb', 0, 'BRAMMANANDA REDDY', 'MALE', 'G', '', 0, NULL, '', 'FATHER', NULL, 517),
(531, '2013-04-16 00:30:06', 'pradeepb', 0, 'VEERESHAM', 'MALE', 'TANGEDAPALLI', '', 0, NULL, '', 'FATHER', NULL, 529),
(543, '2013-04-16 00:35:24', 'pradeepb', 0, 'SHIVA KUMAR', 'MALE', 'SRIKANDA', '', 0, NULL, '', 'FATHER', NULL, 541),
(555, '2013-04-16 00:38:54', 'pradeepb', 0, 'CHANDRA RAO', 'MALE', 'N', '', 0, NULL, '', 'FATHER', NULL, 553),
(567, '2013-04-16 00:55:21', 'pradeepb', 0, 'NARESH', 'MALE', 'M', '', 0, NULL, '', 'FATHER', NULL, 565),
(579, '2013-04-16 01:00:39', 'pradeepb', 0, 'PRASAD', 'MALE', 'G', '', 0, NULL, '', 'FATHER', NULL, 577),
(591, '2013-04-16 01:05:08', 'pradeepb', 0, 'GURUBHEJ', 'MALE', 'SINGH', '', 0, NULL, '', 'FATHER', NULL, 589),
(603, '2013-04-16 01:11:12', 'pradeepb', 0, 'JOSEPH REDDY', 'MALE', 'KUNDHURU', '', 0, NULL, '', 'FATHER', NULL, 601),
(615, '2013-04-16 01:17:00', 'pradeepb', 0, 'SREENIVAS RAO', 'MALE', 'DASARI', '', 0, NULL, '', 'FATHER', NULL, 613),
(627, '2013-04-16 01:22:21', 'pradeepb', 0, 'PHANEENDRA', 'MALE', 'O', '', 0, NULL, '', 'FATHER', NULL, 625),
(639, '2013-04-16 01:26:13', 'pradeepb', 0, 'CH.B.S.S.AMMIRAJU', 'MALE', 'M', '', 0, NULL, '', 'FATHER', NULL, 637),
(651, '2013-04-16 04:51:46', 'pradeepb', 0, 'KRISHNA GOUD', 'MALE', 'S', '', 0, NULL, '', 'FATHER', NULL, 649),
(663, '2013-04-16 04:59:33', 'pradeepb', 0, 'VENKATESWARLU', 'MALE', 'R', '', 0, NULL, '', 'FATHER', NULL, 661),
(837, '2013-04-18 23:39:20', 'pradeepb', 0, 'ASHOK', 'MALE', 'NAYAKUVADI', '', 0, NULL, '', 'FATHER', NULL, 835),
(853, '2013-04-18 23:50:27', 'pradeepb', 0, 'SRINIVASARAO', 'MALE', 'CHANDRA', '', 0, NULL, '', 'FATHER', NULL, 851),
(865, '2013-04-18 23:56:49', 'pradeepb', 0, 'NAGESH', 'MALE', 'MALIGE', '', 0, NULL, '', 'FATHER', NULL, 863),
(877, '2013-04-19 00:16:04', 'pradeepb', 0, 'RAVI BABU', 'MALE', 'R', '', 0, NULL, '', 'FATHER', NULL, 875),
(889, '2013-04-19 00:28:03', 'pradeepb', 0, 'SRINIVAS', 'MALE', 'KATTA', '', 0, NULL, '', 'FATHER', NULL, 887),
(901, '2013-04-19 23:35:46', 'pradeepb', 0, 'K.V.R.RATNENDRA', 'MALE', 'K.', '', 0, NULL, '', 'FATHER', NULL, 899),
(921, '2013-04-19 23:52:32', 'pradeepb', 0, 'V.R.RATNENDRA', 'MALE', 'K', '', 0, NULL, '', 'FATHER', NULL, 919),
(933, '2013-04-19 23:59:39', 'pradeepb', 0, 'NANDA REDDY', 'MALE', 'C', '', 0, NULL, '', 'FATHER', NULL, 931),
(945, '2013-04-20 00:14:11', 'pradeepb', 0, 'SRIHARI', 'MALE', 'CH.', '', 0, NULL, '', 'FATHER', NULL, 943),
(986, '2013-04-20 02:20:43', 'pradeepb', 0, 'SRINIVAS', 'MALE', 'V', '', 0, NULL, '', 'FATHER', NULL, 984),
(1164, '2013-04-23 00:43:36', 'pradeepb', 0, 'NARSARAJU', 'MALE', 'L', '', 0, NULL, '', 'FATHER', NULL, 1162),
(1177, '2013-04-23 01:02:21', 'pradeepb', 0, 'VENKANNA', 'MALE', 'BANDIYALA', '', 0, NULL, '', 'FATHER', NULL, 1175),
(1194, '2013-04-23 02:42:23', 'pradeepb', 0, 'SATYANARAYANA', 'MALE', 'MOKA', '', 0, NULL, '', 'FATHER', NULL, 1192),
(1207, '2013-04-23 02:48:53', 'pradeepb', 0, 'VENKATA LAKSHMANRAO', 'MALE', 'JOGI', '', 0, NULL, '', 'FATHER', NULL, 1205),
(1220, '2013-04-23 07:29:45', 'pradeepb', 0, 'SRINIVAS', 'MALE', 'V', '', 0, NULL, '', 'FATHER', NULL, 1218),
(1233, '2013-04-23 07:36:38', 'pradeepb', 0, 'GANESH BABU', 'MALE', 'BITRA', '', 0, NULL, '', 'FATHER', NULL, 1231),
(1246, '2013-04-23 08:01:26', 'pradeepb', 0, 'MD.MOHIN', 'MALE', 'PASHA', '', 0, NULL, '', 'FATHER', NULL, 1244);

-- --------------------------------------------------------

--
-- Table structure for table `ROUTE`
--

CREATE TABLE IF NOT EXISTS `ROUTE` (
  `ID` bigint(20) NOT NULL,
  `AUDIT_TIMESTAMP` datetime NOT NULL,
  `AUDIT_USER_NAME` varchar(255) NOT NULL,
  `VERSION` bigint(20) NOT NULL,
  `NAME` varchar(50) NOT NULL,
  `NUMBER` varchar(50) DEFAULT NULL,
  `BRANCH_ID` bigint(20) NOT NULL,
  `SOURCE_ID` bigint(20) DEFAULT NULL,
  PRIMARY KEY (`ID`),
  KEY `FK4A8BA29ED58E295` (`SOURCE_ID`),
  KEY `FK4A8BA29CF26425` (`BRANCH_ID`)
) ENGINE=MyISAM DEFAULT CHARSET=latin1;

-- --------------------------------------------------------

--
-- Table structure for table `ROUTE_PICK_UP_POINT`
--

CREATE TABLE IF NOT EXISTS `ROUTE_PICK_UP_POINT` (
  `pickUpPoints_ID` bigint(20) NOT NULL,
  `routes_ID` bigint(20) NOT NULL,
  PRIMARY KEY (`pickUpPoints_ID`,`routes_ID`),
  KEY `FK550A8994C78DCC7B` (`routes_ID`),
  KEY `FK550A899446C59D1` (`pickUpPoints_ID`)
) ENGINE=MyISAM DEFAULT CHARSET=latin1;

-- --------------------------------------------------------

--
-- Table structure for table `SALARY`
--

CREATE TABLE IF NOT EXISTS `SALARY` (
  `ID` bigint(20) NOT NULL,
  `AUDIT_TIMESTAMP` datetime NOT NULL,
  `AUDIT_USER_NAME` varchar(255) NOT NULL,
  `VERSION` bigint(20) NOT NULL,
  `AMOUNT` double DEFAULT NULL,
  `DATE` date NOT NULL,
  `SALARY_MONTH` date NOT NULL,
  `SALARY_TYPE` varchar(20) DEFAULT NULL,
  `TRANSACTION_NR` varchar(255) NOT NULL,
  `EMPLOYEE_ID` bigint(20) NOT NULL,
  PRIMARY KEY (`ID`),
  KEY `FK9159BDCA68E1D534` (`EMPLOYEE_ID`)
) ENGINE=MyISAM DEFAULT CHARSET=latin1;

-- --------------------------------------------------------

--
-- Table structure for table `SECTION`
--

CREATE TABLE IF NOT EXISTS `SECTION` (
  `ID` bigint(20) NOT NULL,
  `AUDIT_TIMESTAMP` datetime NOT NULL,
  `AUDIT_USER_NAME` varchar(255) NOT NULL,
  `VERSION` bigint(20) NOT NULL,
  `ACTIVE` tinyint(1) NOT NULL,
  `NAME` varchar(50) NOT NULL,
  `OPEN_FOR_ADMISSION_IND` tinyint(1) DEFAULT NULL,
  `ACADEMIC_YEAR_ID` bigint(20) NOT NULL,
  `CLASS_ID` bigint(20) NOT NULL,
  PRIMARY KEY (`ID`),
  UNIQUE KEY `NAME` (`NAME`,`CLASS_ID`,`ACADEMIC_YEAR_ID`),
  KEY `FKA03B0AC55D3CCBB7` (`CLASS_ID`),
  KEY `FKA03B0AC5121C3074` (`ACADEMIC_YEAR_ID`)
) ENGINE=MyISAM DEFAULT CHARSET=latin1;

--
-- Dumping data for table `SECTION`
--

INSERT INTO `SECTION` (`ID`, `AUDIT_TIMESTAMP`, `AUDIT_USER_NAME`, `VERSION`, `ACTIVE`, `NAME`, `OPEN_FOR_ADMISSION_IND`, `ACADEMIC_YEAR_ID`, `CLASS_ID`) VALUES
(117, '2013-04-14 02:59:04', 'apeironsol', 1, 1, 'JB1(MEC/2012)', 1, 76, 81),
(123, '2013-04-14 03:00:17', 'apeironsol', 1, 1, 'JB2(MEC/2012)', 1, 76, 81),
(129, '2013-04-14 03:00:48', 'apeironsol', 1, 1, 'JB3(MEC/2012)', 1, 76, 81),
(135, '2013-04-14 03:01:13', 'apeironsol', 1, 1, 'JB4(MEC/2012)', 1, 76, 81),
(141, '2013-04-14 03:01:35', 'apeironsol', 1, 1, 'JB5(MEC/2012)', 1, 76, 81),
(146, '2013-04-14 03:01:59', 'apeironsol', 1, 1, 'JG1(MEC/2012)', 1, 76, 81),
(152, '2013-04-14 03:02:31', 'apeironsol', 1, 1, 'JG2(MEC/2012)', 1, 76, 81),
(157, '2013-04-14 03:03:15', 'apeironsol', 2, 1, 'JG3(MEC/2012)', 1, 76, 81),
(163, '2013-04-14 03:04:42', 'apeironsol', 1, 1, 'SB1(MEC/2013)', 1, 77, 103),
(169, '2013-04-14 03:05:01', 'apeironsol', 1, 1, 'SB2(MEC/2013)', 1, 77, 103),
(175, '2013-04-14 03:05:21', 'apeironsol', 1, 1, 'SB3(MEC/2013)', 1, 77, 103),
(180, '2013-04-14 03:06:19', 'apeironsol', 1, 1, 'SG1(MEC/2013)', 1, 77, 103),
(186, '2013-04-14 03:06:51', 'apeironsol', 1, 1, 'SG2(MEC/2013)', 1, 77, 103);

-- --------------------------------------------------------

--
-- Table structure for table `SECTION_EXAM`
--

CREATE TABLE IF NOT EXISTS `SECTION_EXAM` (
  `ID` bigint(20) NOT NULL,
  `AUDIT_TIMESTAMP` datetime NOT NULL,
  `AUDIT_USER_NAME` varchar(255) NOT NULL,
  `VERSION` bigint(20) NOT NULL,
  `END_DATE` datetime NOT NULL,
  `SECTION_EXAM_STATUS` varchar(255) NOT NULL,
  `START_DATE` datetime NOT NULL,
  `EXAM_ID` bigint(20) NOT NULL,
  `SECTION_ID` bigint(20) NOT NULL,
  PRIMARY KEY (`ID`),
  UNIQUE KEY `SECTION_ID` (`SECTION_ID`,`EXAM_ID`),
  KEY `FKB2A1515992110F6A` (`EXAM_ID`),
  KEY `FKB2A15159C7C9134F` (`SECTION_ID`)
) ENGINE=MyISAM DEFAULT CHARSET=latin1;

-- --------------------------------------------------------

--
-- Table structure for table `SECTION_EXAM_SUBJECT`
--

CREATE TABLE IF NOT EXISTS `SECTION_EXAM_SUBJECT` (
  `ID` bigint(20) NOT NULL,
  `AUDIT_TIMESTAMP` datetime NOT NULL,
  `AUDIT_USER_NAME` varchar(255) NOT NULL,
  `VERSION` bigint(20) NOT NULL,
  `END_TIME` time NOT NULL,
  `MAX_MARKS` double NOT NULL,
  `PASS_MARKS` double NOT NULL,
  `SCHEDULED_DATE` date NOT NULL,
  `START_TIME` time NOT NULL,
  `SECTION_EXAM_ID` bigint(20) NOT NULL,
  `SECTION_SUBJECT_ID` bigint(20) NOT NULL,
  PRIMARY KEY (`ID`),
  KEY `FKFC907026597167DA` (`SECTION_SUBJECT_ID`),
  KEY `FKFC907026B58D7A75` (`SECTION_EXAM_ID`)
) ENGINE=MyISAM DEFAULT CHARSET=latin1;

-- --------------------------------------------------------

--
-- Table structure for table `SECTION_SUBJECT`
--

CREATE TABLE IF NOT EXISTS `SECTION_SUBJECT` (
  `ID` bigint(20) NOT NULL,
  `AUDIT_TIMESTAMP` datetime NOT NULL,
  `AUDIT_USER_NAME` varchar(255) NOT NULL,
  `VERSION` bigint(20) NOT NULL,
  `SECTION_ID` bigint(20) NOT NULL,
  `SUBJECT_ID` bigint(20) NOT NULL,
  PRIMARY KEY (`ID`),
  UNIQUE KEY `SECTION_ID` (`SECTION_ID`,`SUBJECT_ID`),
  KEY `FK423FFD92A6F199EF` (`SUBJECT_ID`),
  KEY `FK423FFD92C7C9134F` (`SECTION_ID`)
) ENGINE=MyISAM DEFAULT CHARSET=latin1;

--
-- Dumping data for table `SECTION_SUBJECT`
--

INSERT INTO `SECTION_SUBJECT` (`ID`, `AUDIT_TIMESTAMP`, `AUDIT_USER_NAME`, `VERSION`, `SECTION_ID`, `SUBJECT_ID`) VALUES
(118, '2013-04-14 02:59:04', 'apeironsol', 0, 117, 82),
(119, '2013-04-14 02:59:04', 'apeironsol', 0, 117, 84),
(120, '2013-04-14 02:59:04', 'apeironsol', 0, 117, 85),
(121, '2013-04-14 02:59:04', 'apeironsol', 0, 117, 86),
(122, '2013-04-14 02:59:10', 'apeironsol', 0, 117, 83),
(124, '2013-04-14 03:00:17', 'apeironsol', 0, 123, 82),
(125, '2013-04-14 03:00:17', 'apeironsol', 0, 123, 84),
(126, '2013-04-14 03:00:17', 'apeironsol', 0, 123, 85),
(127, '2013-04-14 03:00:17', 'apeironsol', 0, 123, 86),
(128, '2013-04-14 03:00:21', 'apeironsol', 0, 123, 83),
(130, '2013-04-14 03:00:48', 'apeironsol', 0, 129, 82),
(131, '2013-04-14 03:00:48', 'apeironsol', 0, 129, 84),
(132, '2013-04-14 03:00:48', 'apeironsol', 0, 129, 85),
(133, '2013-04-14 03:00:48', 'apeironsol', 0, 129, 86),
(134, '2013-04-14 03:00:52', 'apeironsol', 0, 129, 83),
(136, '2013-04-14 03:01:13', 'apeironsol', 0, 135, 82),
(137, '2013-04-14 03:01:13', 'apeironsol', 0, 135, 84),
(138, '2013-04-14 03:01:13', 'apeironsol', 0, 135, 85),
(139, '2013-04-14 03:01:13', 'apeironsol', 0, 135, 86),
(140, '2013-04-14 03:01:16', 'apeironsol', 0, 135, 83),
(142, '2013-04-14 03:01:35', 'apeironsol', 0, 141, 82),
(143, '2013-04-14 03:01:35', 'apeironsol', 0, 141, 84),
(144, '2013-04-14 03:01:35', 'apeironsol', 0, 141, 85),
(145, '2013-04-14 03:01:35', 'apeironsol', 0, 141, 86),
(147, '2013-04-14 03:01:59', 'apeironsol', 0, 146, 82),
(148, '2013-04-14 03:01:59', 'apeironsol', 0, 146, 84),
(149, '2013-04-14 03:01:59', 'apeironsol', 0, 146, 85),
(150, '2013-04-14 03:01:59', 'apeironsol', 0, 146, 86),
(151, '2013-04-14 03:02:04', 'apeironsol', 0, 146, 83),
(153, '2013-04-14 03:02:32', 'apeironsol', 0, 152, 82),
(154, '2013-04-14 03:02:32', 'apeironsol', 0, 152, 84),
(155, '2013-04-14 03:02:32', 'apeironsol', 0, 152, 85),
(156, '2013-04-14 03:02:32', 'apeironsol', 0, 152, 86),
(158, '2013-04-14 03:03:15', 'apeironsol', 0, 157, 82),
(159, '2013-04-14 03:03:15', 'apeironsol', 0, 157, 84),
(160, '2013-04-14 03:03:15', 'apeironsol', 0, 157, 85),
(161, '2013-04-14 03:03:15', 'apeironsol', 0, 157, 86),
(162, '2013-04-14 03:03:20', 'apeironsol', 0, 157, 83),
(164, '2013-04-14 03:04:42', 'apeironsol', 0, 163, 104),
(165, '2013-04-14 03:04:42', 'apeironsol', 0, 163, 105),
(166, '2013-04-14 03:04:42', 'apeironsol', 0, 163, 106),
(167, '2013-04-14 03:04:42', 'apeironsol', 0, 163, 107),
(168, '2013-04-14 03:04:45', 'apeironsol', 0, 163, 108),
(170, '2013-04-14 03:05:01', 'apeironsol', 0, 169, 104),
(171, '2013-04-14 03:05:01', 'apeironsol', 0, 169, 105),
(172, '2013-04-14 03:05:01', 'apeironsol', 0, 169, 106),
(173, '2013-04-14 03:05:01', 'apeironsol', 0, 169, 107),
(174, '2013-04-14 03:05:05', 'apeironsol', 0, 169, 108),
(176, '2013-04-14 03:05:21', 'apeironsol', 0, 175, 104),
(177, '2013-04-14 03:05:21', 'apeironsol', 0, 175, 105),
(178, '2013-04-14 03:05:21', 'apeironsol', 0, 175, 106),
(179, '2013-04-14 03:05:21', 'apeironsol', 0, 175, 107),
(181, '2013-04-14 03:06:19', 'apeironsol', 0, 180, 104),
(182, '2013-04-14 03:06:19', 'apeironsol', 0, 180, 105),
(183, '2013-04-14 03:06:19', 'apeironsol', 0, 180, 106),
(184, '2013-04-14 03:06:19', 'apeironsol', 0, 180, 107),
(185, '2013-04-14 03:06:24', 'apeironsol', 0, 180, 108),
(187, '2013-04-14 03:06:51', 'apeironsol', 0, 186, 104),
(188, '2013-04-14 03:06:51', 'apeironsol', 0, 186, 105),
(189, '2013-04-14 03:06:51', 'apeironsol', 0, 186, 106),
(190, '2013-04-14 03:06:51', 'apeironsol', 0, 186, 107),
(191, '2013-04-14 03:06:54', 'apeironsol', 0, 186, 108);

-- --------------------------------------------------------

--
-- Table structure for table `SECTION_TEACHER`
--

CREATE TABLE IF NOT EXISTS `SECTION_TEACHER` (
  `ID` bigint(20) NOT NULL,
  `AUDIT_TIMESTAMP` datetime NOT NULL,
  `AUDIT_USER_NAME` varchar(255) NOT NULL,
  `VERSION` bigint(20) NOT NULL,
  `END_DATE` datetime DEFAULT NULL,
  `INCHARGE` tinyint(1) DEFAULT NULL,
  `START_DATE` datetime NOT NULL,
  `EMPLOYEE_ID` bigint(20) NOT NULL,
  `SECTION_ID` bigint(20) NOT NULL,
  PRIMARY KEY (`ID`),
  UNIQUE KEY `SECTION_ID` (`SECTION_ID`,`EMPLOYEE_ID`,`START_DATE`),
  UNIQUE KEY `SECTION_ID_2` (`SECTION_ID`,`INCHARGE`,`START_DATE`),
  KEY `FK5BC77448C7C9134F` (`SECTION_ID`),
  KEY `FK5BC7744868E1D534` (`EMPLOYEE_ID`)
) ENGINE=MyISAM DEFAULT CHARSET=latin1;

-- --------------------------------------------------------

--
-- Table structure for table `SECTION_TIMETABLE`
--

CREATE TABLE IF NOT EXISTS `SECTION_TIMETABLE` (
  `ID` bigint(20) NOT NULL,
  `AUDIT_TIMESTAMP` datetime NOT NULL,
  `AUDIT_USER_NAME` varchar(255) NOT NULL,
  `VERSION` bigint(20) NOT NULL,
  `END_TIME` time NOT NULL,
  `SCHEDULE_DATE` date NOT NULL,
  `START_TIME` time NOT NULL,
  `SECTION_SUBJECT_ID` bigint(20) NOT NULL,
  `SECTION_TEACHER_ID` bigint(20) NOT NULL,
  PRIMARY KEY (`ID`),
  KEY `FKA61BC407597167DA` (`SECTION_SUBJECT_ID`),
  KEY `FKA61BC4074E08641A` (`SECTION_TEACHER_ID`)
) ENGINE=MyISAM DEFAULT CHARSET=latin1;

-- --------------------------------------------------------

--
-- Table structure for table `SEQUENCE_GENERATOR`
--

CREATE TABLE IF NOT EXISTS `SEQUENCE_GENERATOR` (
  `ID` bigint(20) NOT NULL,
  `CURRENT_SEQUENCE` bigint(20) NOT NULL,
  `NEXT_SEQUENCE` bigint(20) NOT NULL,
  `SEQUENCE_SUB_TYPE` varchar(20) NOT NULL,
  `SEQUENCE_TYPE` varchar(100) NOT NULL,
  PRIMARY KEY (`ID`)
) ENGINE=MyISAM DEFAULT CHARSET=latin1;

--
-- Dumping data for table `SEQUENCE_GENERATOR`
--

INSERT INTO `SEQUENCE_GENERATOR` (`ID`, `CURRENT_SEQUENCE`, `NEXT_SEQUENCE`, `SEQUENCE_SUB_TYPE`, `SEQUENCE_TYPE`) VALUES
(208, 4, 5, 'EMP', 'ADMISSION_NUMBER'),
(227, 54, 55, 'R15128', 'REGISTRATION_NUMBER'),
(235, 54, 55, 'A15128', 'ADMISSION_NUMBER'),
(828, 1, 2, 'TXFD16042013', 'FEE_DEDUCT'),
(832, 1, 2, 'TXFP16042013', 'FEE_DEPOSIT'),
(962, 1, 2, 'TXFP20042013', 'FEE_DEPOSIT'),
(975, 2, 3, 'TXFD20042013', 'FEE_DEDUCT'),
(1142, 1, 2, 'TXFD21042013', 'FEE_DEDUCT'),
(1147, 6, 7, 'TXFP21042013', 'FEE_DEPOSIT'),
(1257, 31, 32, 'TXFP27042013', 'FEE_DEPOSIT'),
(1260, 7, 8, 'TXFD27042013', 'FEE_DEDUCT'),
(1371, 6, 7, 'TXFD28042013', 'FEE_DEDUCT'),
(1376, 14, 15, 'TXFP28042013', 'FEE_DEPOSIT'),
(1439, 8, 9, 'TXFD29042013', 'FEE_DEDUCT'),
(1444, 25, 26, 'TXFP29042013', 'FEE_DEPOSIT'),
(1540, 16, 17, 'TXFD30042013', 'FEE_DEDUCT'),
(1545, 64, 65, 'TXFP30042013', 'FEE_DEPOSIT');

-- --------------------------------------------------------

--
-- Table structure for table `SMS_PROVIDER`
--

CREATE TABLE IF NOT EXISTS `SMS_PROVIDER` (
  `ID` bigint(20) NOT NULL,
  `AUDIT_TIMESTAMP` datetime NOT NULL,
  `AUDIT_USER_NAME` varchar(255) NOT NULL,
  `VERSION` bigint(20) NOT NULL,
  `HOST` varchar(225) NOT NULL,
  `MESSAGE_KEY` varchar(225) NOT NULL,
  `PASSWORD` varchar(225) NOT NULL,
  `PASSWORD_KEY` varchar(225) NOT NULL,
  `PATH` varchar(225) NOT NULL,
  `ROUTE` varchar(225) NOT NULL,
  `ROUTE_KEY` varchar(225) NOT NULL,
  `SCHEME` varchar(20) NOT NULL,
  `SENDER_ID` varchar(225) NOT NULL,
  `SENDER_ID_KEY` varchar(225) NOT NULL,
  `SMS_PROVIDER_NAME` varchar(225) NOT NULL,
  `TO_KEY` varchar(225) NOT NULL,
  `USERNAME` varchar(225) NOT NULL,
  `USERNAME_KEY` varchar(225) NOT NULL,
  PRIMARY KEY (`ID`),
  UNIQUE KEY `SMS_PROVIDER_NAME` (`SMS_PROVIDER_NAME`)
) ENGINE=MyISAM DEFAULT CHARSET=latin1;

-- --------------------------------------------------------

--
-- Table structure for table `STATE`
--

CREATE TABLE IF NOT EXISTS `STATE` (
  `ID` bigint(20) NOT NULL,
  `ISO2_CODE` varchar(255) NOT NULL,
  `NAME` varchar(255) NOT NULL,
  `PRINTABLE_NAME` varchar(255) NOT NULL,
  `COUNTRY_ID` varchar(3) NOT NULL,
  PRIMARY KEY (`ID`),
  KEY `FK4B8CC7134EA89AF` (`COUNTRY_ID`)
) ENGINE=MyISAM DEFAULT CHARSET=latin1;

-- --------------------------------------------------------

--
-- Table structure for table `STUDENT`
--

CREATE TABLE IF NOT EXISTS `STUDENT` (
  `ID` bigint(20) NOT NULL,
  `AUDIT_TIMESTAMP` datetime NOT NULL,
  `AUDIT_USER_NAME` varchar(255) NOT NULL,
  `VERSION` bigint(20) NOT NULL,
  `FIRST_NAME` varchar(255) NOT NULL,
  `GENDER` varchar(10) NOT NULL,
  `LAST_NAME` varchar(255) NOT NULL,
  `MIDDLE_NAME` varchar(255) DEFAULT NULL,
  `ADMISSION_NR` varchar(20) DEFAULT NULL,
  `ADMISSION_STATUS` varchar(255) NOT NULL,
  `DATE_OF_BIRTH` date NOT NULL,
  `EXTERNAL_ADMISSION_NR` varchar(20) DEFAULT NULL,
  `MOTHER_TONGUE` varchar(50) NOT NULL,
  `NATIONALITY` varchar(50) NOT NULL,
  `PREVIOUS_QUALIFIED_EDUCATION` varchar(40) DEFAULT NULL,
  `REGISTRATION_NR` varchar(50) DEFAULT NULL,
  `RELIGION` varchar(50) NOT NULL,
  `RESERVATION` varchar(50) NOT NULL,
  `RESIDENCE` varchar(255) NOT NULL,
  `studentAttendanceForMonth` tinyblob,
  `STUDENT_STATUS` varchar(255) NOT NULL,
  `SUBMITTED_DATE` date DEFAULT NULL,
  `USER_ACCOUNT_ID` bigint(20) DEFAULT NULL,
  `ACCEPTED_CLASS_ID` bigint(20) DEFAULT NULL,
  `ADDRESS_ID` bigint(20) DEFAULT NULL,
  `APPLIED_ACADEMIC_YEAR_ID` bigint(20) NOT NULL,
  `APPLIED_BATCH_ID` bigint(20) NOT NULL,
  `APPLIED_CLASS_ID` bigint(20) NOT NULL,
  `BRANCH_ID` bigint(20) NOT NULL,
  `COUNTRY_OF_BIRTH` varchar(3) DEFAULT NULL,
  `STUDENT_CLASSFN_TYPE_BB_ID` bigint(20) DEFAULT NULL,
  `APPLICATION_FORM_FEE` double DEFAULT NULL,
  PRIMARY KEY (`ID`),
  UNIQUE KEY `ADMISSION_NR` (`ADMISSION_NR`),
  UNIQUE KEY `REGISTRATION_NR` (`REGISTRATION_NR`),
  UNIQUE KEY `BRANCH_ID` (`BRANCH_ID`,`EXTERNAL_ADMISSION_NR`),
  KEY `FKBACA0E1B7CADBC46` (`STUDENT_CLASSFN_TYPE_BB_ID`),
  KEY `FKBACA0E1BD0ECBF6` (`APPLIED_ACADEMIC_YEAR_ID`),
  KEY `FKBACA0E1B5F385DF1` (`APPLIED_BATCH_ID`),
  KEY `FKBACA0E1BC9C05F59` (`USER_ACCOUNT_ID`),
  KEY `FKBACA0E1B66488A2B` (`COUNTRY_OF_BIRTH`),
  KEY `FKBACA0E1B43FEC4EF` (`ADDRESS_ID`),
  KEY `FKBACA0E1BEDFC0939` (`APPLIED_CLASS_ID`),
  KEY `FKBACA0E1BCF26425` (`BRANCH_ID`),
  KEY `FKBACA0E1BB7F094F` (`ACCEPTED_CLASS_ID`)
) ENGINE=MyISAM DEFAULT CHARSET=latin1;

--
-- Dumping data for table `STUDENT`
--

INSERT INTO `STUDENT` (`ID`, `AUDIT_TIMESTAMP`, `AUDIT_USER_NAME`, `VERSION`, `FIRST_NAME`, `GENDER`, `LAST_NAME`, `MIDDLE_NAME`, `ADMISSION_NR`, `ADMISSION_STATUS`, `DATE_OF_BIRTH`, `EXTERNAL_ADMISSION_NR`, `MOTHER_TONGUE`, `NATIONALITY`, `PREVIOUS_QUALIFIED_EDUCATION`, `REGISTRATION_NR`, `RELIGION`, `RESERVATION`, `RESIDENCE`, `studentAttendanceForMonth`, `STUDENT_STATUS`, `SUBMITTED_DATE`, `USER_ACCOUNT_ID`, `ACCEPTED_CLASS_ID`, `ADDRESS_ID`, `APPLIED_ACADEMIC_YEAR_ID`, `APPLIED_BATCH_ID`, `APPLIED_CLASS_ID`, `BRANCH_ID`, `COUNTRY_OF_BIRTH`, `STUDENT_CLASSFN_TYPE_BB_ID`, `APPLICATION_FORM_FEE`) VALUES
(229, '2013-04-15 01:35:52', 'pradeepb', 4, 'SHIKHA ', 'FEMALE', 'SHUKLA', '', 'A151280000001', 'ADMITTED', '1996-07-11', '150', 'TELUGU', 'INDIAN', 'SSC', 'R151280000001', 'HINDU', 'NA', 'DAY_SCHOOLER', NULL, 'ACTIVE', '2013-04-15', NULL, 81, 228, 76, 79, 81, 41, NULL, 38, NULL),
(242, '2013-04-15 01:43:40', 'pradeepb', 4, 'GAYATRI', 'FEMALE', 'INDUKURI', '', 'A151280000002', 'ADMITTED', '1996-08-28', '41', 'TELUGU', 'INDIAN', 'SSC', 'R151280000002', 'HINDU', 'NA', 'DAY_SCHOOLER', NULL, 'ACTIVE', '2013-04-15', NULL, 81, 241, 76, 79, 81, 41, NULL, 38, NULL),
(254, '2013-04-15 01:51:29', 'pradeepb', 4, 'SURYA VAISHNAVI', 'FEMALE', 'CHITTURI', '', 'A151280000003', 'ADMITTED', '1997-03-12', '85', 'TELUGU', 'INDIAN', 'SSC', 'R151280000003', 'HINDU', 'NA', 'DAY_SCHOOLER', NULL, 'ACTIVE', '2013-04-15', NULL, 81, 253, 76, 79, 81, 41, NULL, 38, NULL),
(266, '2013-04-15 08:53:20', 'pradeepb', 4, 'KOMALADEVI', 'FEMALE', 'CH', '', 'A151280000004', 'ADMITTED', '1997-12-26', '04', 'TELUGU', 'INDIAN', 'TENTH', 'R151280000004', 'HINDU', 'NA', 'DAY_SCHOOLER', NULL, 'ACTIVE', '2013-04-15', NULL, 81, 265, 76, 79, 81, 41, NULL, 38, NULL),
(278, '2013-04-15 08:59:32', 'pradeepb', 4, 'TWINKLE', 'FEMALE', 'MUPPATHIKA', '', 'A151280000005', 'ADMITTED', '1997-02-04', '242', 'TELUGU', 'INDIAN', 'SSC', 'R151280000005', 'HINDU', 'SC', 'DAY_SCHOOLER', NULL, 'ACTIVE', '2013-04-15', NULL, 81, 277, 76, 79, 81, 41, NULL, 38, NULL),
(290, '2013-04-15 09:03:17', 'pradeepb', 4, 'SRAVYA', 'FEMALE', 'S', '', 'A151280000006', 'ADMITTED', '1997-01-15', '03', 'TELUGU', 'INDIAN', 'SSC', 'R151280000006', 'HINDU', 'BC-B', 'DAY_SCHOOLER', NULL, 'ACTIVE', '2013-04-15', NULL, 81, 289, 76, 79, 81, 41, NULL, 38, NULL),
(302, '2013-04-15 09:13:18', 'pradeepb', 4, 'DHARANI', 'FEMALE', 'KOTAPATI', '', 'A151280000007', 'ADMITTED', '1997-06-24', '06', 'TELUGU', 'INDIAN', 'SSC', 'R151280000007', 'HINDU', 'NA', 'DAY_SCHOOLER', NULL, 'ACTIVE', '2013-04-15', NULL, 81, 301, 76, 79, 81, 41, NULL, 38, NULL),
(314, '2013-04-15 09:17:39', 'pradeepb', 4, 'SUSHMA', 'FEMALE', 'C', '', 'A151280000008', 'ADMITTED', '1997-08-22', '07', 'TELUGU', 'INDIAN', 'SSC', 'R151280000008', 'HINDU', 'NA', 'DAY_SCHOOLER', NULL, 'ACTIVE', '2013-04-15', NULL, 81, 313, 76, 79, 81, 41, NULL, 38, NULL),
(326, '2013-04-15 09:23:45', 'pradeepb', 4, 'SREE SESHU TEHEJASWI', 'FEMALE', 'R', '', 'A151280000009', 'ADMITTED', '1997-02-22', '23', 'TELUGU', 'INDIAN', 'SSC', 'R151280000009', 'HINDU', 'NA', 'DAY_SCHOOLER', NULL, 'ACTIVE', '2013-04-15', NULL, 81, 325, 76, 79, 81, 41, NULL, 38, NULL),
(338, '2013-04-15 09:29:13', 'pradeepb', 4, 'MAHATHI', 'FEMALE', 'GANGARAM', '', 'A151280000010', 'ADMITTED', '1997-08-28', '31', 'TELUGUQ', 'INDIAN', 'SSC', 'R151280000010', 'HINDU', 'NA', 'DAY_SCHOOLER', NULL, 'ACTIVE', '2013-04-15', NULL, 81, 337, 76, 79, 81, 41, NULL, 38, NULL),
(350, '2013-04-15 22:58:51', 'pradeepb', 4, 'LAVANYA', 'FEMALE', 'KUNCHALA', '', 'A151280000011', 'ADMITTED', '1997-06-30', '54', 'TELUGU', 'INDIAN', 'SSC', 'R151280000011', 'HINDU', 'NA', 'DAY_SCHOOLER', NULL, 'ACTIVE', '2013-04-15', NULL, 81, 349, 76, 79, 81, 41, NULL, 38, NULL),
(362, '2013-04-15 23:07:12', 'pradeepb', 4, 'DURGA BHAVANI', 'FEMALE', 'SANGABATTULA', '', 'A151280000012', 'ADMITTED', '1996-09-25', '56', 'TELUGU', 'INDIAN', 'SSC', 'R151280000012', 'HINDU', 'NA', 'DAY_SCHOOLER', NULL, 'ACTIVE', '2013-04-15', NULL, 81, 361, 76, 79, 81, 41, NULL, 38, NULL),
(374, '2013-04-15 23:13:22', 'pradeepb', 4, 'AMRUTHA', 'FEMALE', 'AMANCHERLA', '', 'A151280000013', 'ADMITTED', '1997-06-20', '75', 'TELUGU', 'INDIAN', 'SSC', 'R151280000013', 'HINDU', 'NA', 'DAY_SCHOOLER', NULL, 'ACTIVE', '2013-04-15', NULL, 81, 373, 76, 79, 81, 41, NULL, 38, NULL),
(386, '2013-04-15 23:32:16', 'pradeepb', 4, 'SAMYUKTHA', 'FEMALE', 'ALAMPALLY', '', 'A151280000014', 'ADMITTED', '1997-03-10', '91', 'TELUGU', 'INDIAN', 'SSC', 'R151280000014', 'HINDU', 'NA', 'DAY_SCHOOLER', NULL, 'ACTIVE', '2013-04-15', NULL, 81, 385, 76, 79, 81, 41, NULL, 39, NULL),
(398, '2013-04-15 23:37:53', 'pradeepb', 4, 'VARDHANI', 'FEMALE', 'MUNDESHWARHARSHA', '', 'A151280000015', 'ADMITTED', '1996-08-10', '93', 'TELUGU', 'INDIAN', 'SSC', 'R151280000015', 'HINDU', 'BC-B', 'DAY_SCHOOLER', NULL, 'ACTIVE', '2013-04-15', NULL, 81, 397, 76, 79, 81, 41, NULL, 38, NULL),
(410, '2013-04-15 23:42:53', 'pradeepb', 4, 'HARSHINI', 'FEMALE', 'S', '', 'A151280000016', 'ADMITTED', '1997-01-23', '109', 'TELUGU', 'INDIAN', 'ICSE', 'R151280000016', 'HINDU', 'BC-B', 'DAY_SCHOOLER', NULL, 'ACTIVE', '2013-04-15', NULL, 81, 409, 76, 79, 81, 41, NULL, 38, NULL),
(422, '2013-04-15 23:47:13', 'pradeepb', 4, 'POOJITHA REDDY', 'FEMALE', 'P', '', 'A151280000017', 'ADMITTED', '1997-08-17', '117', 'TELUGU', 'INDIAN', 'SSC', 'R151280000017', 'HINDU', 'OC', 'DAY_SCHOOLER', NULL, 'ACTIVE', '2013-04-15', NULL, 81, 421, 76, 79, 81, 41, NULL, 38, NULL),
(434, '2013-04-15 23:51:32', 'pradeepb', 4, 'AMULYA', 'FEMALE', 'SEGGOJU', '', 'A151280000018', 'ADMITTED', '1997-07-13', '143', 'TELUGU', 'INDIAN', 'SSC', 'R151280000018', 'HINDU', 'BC-B', 'DAY_SCHOOLER', NULL, 'ACTIVE', '2013-04-15', NULL, 81, 433, 76, 79, 81, 41, NULL, 39, NULL),
(446, '2013-04-15 23:56:47', 'pradeepb', 4, 'SHALINI', 'FEMALE', 'KAVELLI', '', 'A151280000019', 'ADMITTED', '1997-05-21', '158', 'TELUGU', 'INDIAN', 'SSC', 'R151280000019', 'HINDU', 'NA', 'DAY_SCHOOLER', NULL, 'ACTIVE', '2013-04-15', NULL, 81, 445, 76, 79, 81, 41, NULL, 38, NULL),
(458, '2013-04-16 00:00:51', 'pradeepb', 4, 'MEGHANA', 'FEMALE', 'G', '', 'A151280000020', 'ADMITTED', '1996-12-02', '211', 'TELUGU', 'INDIAN', 'SSC', 'R151280000020', 'HINDU', 'NA', 'DAY_SCHOOLER', NULL, 'ACTIVE', '2013-04-16', NULL, 81, 457, 76, 79, 81, 41, NULL, 38, NULL),
(470, '2013-04-16 00:06:19', 'pradeepb', 4, 'SRIRAMYA', 'FEMALE', 'K', '', 'A151280000021', 'ADMITTED', '1996-06-01', '183', 'TELUGU', 'INDIAN', 'SSC', 'R151280000021', 'HINDU', 'NA', 'DAY_SCHOOLER', NULL, 'ACTIVE', '2013-04-16', NULL, 81, 469, 76, 79, 81, 41, NULL, 38, NULL),
(482, '2013-04-16 00:09:52', 'pradeepb', 4, 'DIVYA KISHORE', 'FEMALE', 'BAID', '', 'A151280000022', 'ADMITTED', '1996-01-25', '90', 'TELUGU', 'INDIAN', 'SSC', 'R151280000022', 'HINDU', 'NA', 'DAY_SCHOOLER', NULL, 'ACTIVE', '2013-04-16', NULL, 81, 481, 76, 79, 81, 41, NULL, 38, NULL),
(494, '2013-04-16 00:17:36', 'pradeepb', 4, 'SRAVANI', 'FEMALE', 'MUDHASANI', '', 'A151280000023', 'ADMITTED', '1996-06-13', '194', 'TELUGU', 'INDIAN', 'SSC', 'R151280000023', 'HINDU', 'NA', 'DAY_SCHOOLER', NULL, 'ACTIVE', '2013-04-16', NULL, 81, 493, 76, 79, 81, 41, NULL, 38, NULL),
(506, '2013-04-16 00:21:57', 'pradeepb', 4, 'VIDYA', 'FEMALE', 'GIDDALURU', '', 'A151280000024', 'ADMITTED', '1997-03-31', '201', 'TELUGU', 'INDIAN', 'SSC', 'R151280000024', 'HINDU', 'BC-D', 'DAY_SCHOOLER', NULL, 'ACTIVE', '2013-04-16', NULL, 81, 505, 76, 79, 81, 41, NULL, 37, NULL),
(518, '2013-04-16 00:26:28', 'pradeepb', 4, 'MADHAVI LATHA', 'FEMALE', 'G', '', 'A151280000025', 'ADMITTED', '1997-05-15', '205', 'TELUGU', 'INDIAN', 'SSC', 'R151280000025', 'HINDU', 'NA', 'DAY_SCHOOLER', NULL, 'ACTIVE', '2013-04-16', NULL, 81, 517, 76, 79, 81, 41, NULL, 38, NULL),
(530, '2013-04-16 00:30:06', 'pradeepb', 4, 'NAVITHA', 'FEMALE', 'TANGEDAPALLI', '', 'A151280000026', 'ADMITTED', '1996-06-09', '212', 'TELUGU', 'INDIAN', 'SSC', 'R151280000026', 'HINDU', 'BC-D', 'DAY_SCHOOLER', NULL, 'ACTIVE', '2013-04-16', NULL, 81, 529, 76, 79, 81, 41, NULL, 38, NULL),
(542, '2013-04-16 00:35:24', 'pradeepb', 4, 'SRAVANI', 'FEMALE', 'SRIKANDA', '', 'A151280000027', 'ADMITTED', '1996-11-16', '217', 'TELUGU', 'INDIAN', 'SSC', 'R151280000027', 'HINDU', 'BC-B', 'DAY_SCHOOLER', NULL, 'ACTIVE', '2013-04-16', NULL, 81, 541, 76, 79, 81, 41, NULL, 39, NULL),
(554, '2013-04-16 00:38:54', 'pradeepb', 4, 'PREETI', 'FEMALE', 'N', '', 'A151280000028', 'ADMITTED', '1997-06-03', '221', 'TELUGU', 'INDIAN', 'SSC', 'R151280000028', 'HINDU', 'BC-B', 'DAY_SCHOOLER', NULL, 'ACTIVE', '2013-04-16', NULL, 81, 553, 76, 79, 81, 41, NULL, 38, NULL),
(566, '2013-04-16 00:55:21', 'pradeepb', 4, 'BALA SREE', 'FEMALE', 'MATHI', '', 'A151280000029', 'ADMITTED', '1997-03-31', '224', 'TELUGU', 'INDIAN', 'SSC', 'R151280000029', 'HINDU', 'OC', 'DAY_SCHOOLER', NULL, 'ACTIVE', '2013-04-16', NULL, 81, 565, 76, 79, 81, 41, NULL, 38, NULL),
(578, '2013-04-16 01:00:39', 'pradeepb', 4, 'KOMALA PRIYA', 'FEMALE', 'G', '', 'A151280000030', 'ADMITTED', '1996-09-07', '260', 'TELUGU', 'INDIAN', 'SSC', 'R151280000030', 'HINDU', 'NA', 'DAY_SCHOOLER', NULL, 'ACTIVE', '2013-04-16', NULL, 81, 577, 76, 79, 81, 41, NULL, 38, NULL),
(590, '2013-04-16 01:05:08', 'pradeepb', 4, 'GAGANPREET ', 'FEMALE', 'KAUR', '', 'A151280000031', 'ADMITTED', '1996-01-18', '274', 'TELUGU', 'INDIAN', 'ICSE', 'R151280000031', 'HINDU', 'NA', 'DAY_SCHOOLER', NULL, 'ACTIVE', '2013-04-16', NULL, 81, 589, 76, 79, 81, 41, NULL, 38, NULL),
(602, '2013-04-16 01:11:12', 'pradeepb', 4, 'TREASA', 'FEMALE', 'KUNDHURU', '', 'A151280000032', 'ADMITTED', '1997-01-10', '295', 'TELUGU', 'INDIAN', 'SSC', 'R151280000032', 'CHRISTIANS', 'OC', 'DAY_SCHOOLER', NULL, 'ACTIVE', '2013-04-16', NULL, 81, 601, 76, 79, 81, 41, NULL, 38, NULL),
(614, '2013-04-16 01:17:00', 'pradeepb', 4, 'SRIKARI', 'FEMALE', 'DASARI', '', 'A151280000033', 'ADMITTED', '1996-03-28', '325', 'TELUGU', 'INDIAN', 'SSC', 'R151280000033', 'HINDU', 'BC-B', 'DAY_SCHOOLER', NULL, 'ACTIVE', '2013-04-16', NULL, 81, 613, 76, 79, 81, 41, NULL, 38, NULL),
(626, '2013-04-16 01:22:21', 'pradeepb', 4, 'NAGA MANJU VANI', 'FEMALE', 'O', '', 'A151280000034', 'ADMITTED', '1996-08-22', '335', 'TELUGU', 'INDIAN', 'SSC', 'R151280000034', 'HINDU', 'BC-A', 'DAY_SCHOOLER', NULL, 'ACTIVE', '2013-04-16', NULL, 81, 625, 76, 79, 81, 41, NULL, 38, NULL),
(638, '2013-04-16 01:26:13', 'pradeepb', 4, 'HARINI', 'FEMALE', 'M', '', 'A151280000035', 'ADMITTED', '1996-12-26', '348', 'TELUGU', 'INDIAN', 'SSC', 'R151280000035', 'HINDU', 'NA', 'DAY_SCHOOLER', NULL, 'ACTIVE', '2013-04-16', NULL, 81, 637, 76, 79, 81, 41, NULL, 38, NULL),
(650, '2013-04-16 04:51:46', 'pradeepb', 4, 'SOUNDARYA', 'FEMALE', 'S', '', 'A151280000036', 'ADMITTED', '1997-02-25', '349', 'TELUGU', 'INDIAN', 'SSC', 'R151280000036', 'HINDU', 'NA', 'DAY_SCHOOLER', NULL, 'ACTIVE', '2013-04-16', NULL, 81, 649, 76, 79, 81, 41, NULL, 38, NULL),
(662, '2013-04-16 04:59:33', 'pradeepb', 4, 'NAGA', 'FEMALE', 'R', 'SUDHEERA', 'A151280000037', 'ADMITTED', '1997-05-02', '363', 'TELUGU', 'INDIAN', 'SSC', 'R151280000037', 'HINDU', 'NA', 'DAY_SCHOOLER', NULL, 'ACTIVE', '2013-04-16', NULL, 81, 661, 76, 79, 81, 41, NULL, 38, NULL),
(836, '2013-04-18 23:39:20', 'pradeepb', 4, 'VIJAYA LAXMI', 'FEMALE', 'NAYAKUVADI', '', 'A151280000038', 'ADMITTED', '1996-08-23', '364', 'TELUGU', 'INDIAN', 'SSC', 'R151280000038', 'HINDU', 'BC-D', 'DAY_SCHOOLER', NULL, 'ACTIVE', '2013-04-18', NULL, 81, 835, 76, 79, 81, 41, NULL, 38, NULL),
(852, '2013-04-18 23:50:27', 'pradeepb', 4, 'LAKSHMI TRIVENI', 'FEMALE', 'CHANDRA', '', 'A151280000039', 'ADMITTED', '1996-10-06', '414', 'TELUGU', 'INDIAN', 'SSC', 'R151280000039', 'HINDU', 'OC', 'DAY_SCHOOLER', NULL, 'ACTIVE', '2013-04-18', NULL, 81, 851, 76, 79, 81, 41, NULL, 38, NULL),
(864, '2013-04-18 23:56:49', 'pradeepb', 4, 'SWETHA', 'FEMALE', 'MALIGE', '', 'A151280000040', 'ADMITTED', '1997-04-18', '433', 'TELUGU', 'INDIAN', 'SSC', 'R151280000040', 'HINDU', 'BC-A', 'DAY_SCHOOLER', NULL, 'ACTIVE', '2013-04-18', NULL, 81, 863, 76, 79, 81, 41, NULL, 38, NULL),
(876, '2013-04-19 00:16:04', 'pradeepb', 4, 'ANUSHA', 'FEMALE', 'R', '', 'A151280000041', 'ADMITTED', '1997-10-28', '447', 'TELUGU', 'INDIAN', 'SSC', 'R151280000041', 'HINDU', 'SC', 'DAY_SCHOOLER', NULL, 'ACTIVE', '2013-04-19', NULL, 81, 875, 76, 79, 81, 41, NULL, 38, NULL),
(888, '2013-04-19 00:28:03', 'pradeepb', 4, 'SAI PRIYA', 'FEMALE', 'KATTA', '', 'A151280000042', 'ADMITTED', '1996-09-26', '461', 'TELUGU', 'INDIAN', 'SSC', 'R151280000042', 'HINDU', 'OC', 'DAY_SCHOOLER', NULL, 'ACTIVE', '2013-04-19', NULL, 81, 887, 76, 79, 81, 41, NULL, 38, NULL),
(900, '2013-04-19 23:35:46', 'pradeepb', 4, 'SINDU', 'FEMALE', 'K', '', 'A151280000043', 'ADMITTED', '1996-12-08', '484', 'TELUGU', 'INDIAN', 'SSC', 'R151280000043', 'HINDU', 'OTHERS', 'DAY_SCHOOLER', NULL, 'ACTIVE', '2013-04-19', NULL, 81, 899, 76, 79, 81, 41, NULL, 39, NULL),
(920, '2013-04-19 23:52:32', 'pradeepb', 4, 'INDU', 'FEMALE', 'K', '', 'A151280000044', 'ADMITTED', '1996-12-08', '483', 'TELUGU', 'INDIAN', 'SSC', 'R151280000044', 'HINDU', 'OC', 'DAY_SCHOOLER', NULL, 'ACTIVE', '2013-04-19', NULL, 81, 919, 76, 79, 81, 41, NULL, 39, NULL),
(932, '2013-04-19 23:59:39', 'pradeepb', 4, 'NAVYA', 'FEMALE', 'CH', 'SHREE', 'A151280000045', 'ADMITTED', '1996-07-15', '529', 'TELUGU', 'INDIAN', 'SSC', 'R151280000045', 'HINDU', 'NA', 'DAY_SCHOOLER', NULL, 'ACTIVE', '2013-04-19', NULL, 81, 931, 76, 79, 81, 41, NULL, 38, NULL),
(944, '2013-04-20 00:14:11', 'pradeepb', 4, 'LAKSHMI', 'FEMALE', 'CH.', 'GAYATRI', 'A151280000046', 'ADMITTED', '1996-08-02', '268', 'TELUGU', 'INDIAN', 'SSC', 'R151280000046', 'HINDU', 'NL', 'DAY_SCHOOLER', NULL, 'ACTIVE', '2013-04-20', NULL, 81, 943, 76, 79, 81, 41, NULL, 38, NULL),
(985, '2013-04-20 02:20:43', 'pradeepb', 4, 'SAI BHARGAVI', 'FEMALE', 'V', '', 'A151280000047', 'ADMITTED', '1996-08-24', '34', 'TELUGU', 'INDIAN', 'SSC', 'R151280000047', 'HINDU', 'NA', 'DAY_SCHOOLER', NULL, 'ACTIVE', '2013-04-20', NULL, 81, 984, 76, 79, 81, 41, NULL, 38, NULL),
(1163, '2013-04-23 00:43:36', 'pradeepb', 4, 'SHANMITHA', 'FEMALE', 'L', '', 'A151280000048', 'ADMITTED', '1997-06-14', '35', 'TELUGU', 'INDIAN', 'SSC', 'R151280000048', 'HIDU', 'NA', 'DAY_SCHOOLER', NULL, 'ACTIVE', '2013-04-23', NULL, 81, 1162, 76, 79, 81, 41, NULL, 38, NULL),
(1176, '2013-04-23 01:02:21', 'pradeepb', 4, 'PRASANNA', 'FEMALE', 'BANDIYALA', '', 'A151280000049', 'ADMITTED', '1996-01-09', '79', 'TELUGU', 'INDIAN', 'SSC', 'R151280000049', 'HINDU', 'NA', 'DAY_SCHOOLER', NULL, 'ACTIVE', '2013-04-23', NULL, 81, 1175, 76, 79, 81, 41, NULL, 37, NULL),
(1193, '2013-04-23 02:42:23', 'pradeepb', 4, 'DURGA SHIRISHA', 'FEMALE', 'MOKA', '', 'A151280000050', 'ADMITTED', '2013-03-03', '251', 'TELUGU', 'INDIAN', 'SSC', 'R151280000050', 'HINDU', 'BC-A', 'DAY_SCHOOLER', NULL, 'ACTIVE', '2013-04-23', NULL, 81, 1192, 76, 79, 81, 41, NULL, 38, NULL),
(1206, '2013-04-23 02:48:53', 'pradeepb', 4, 'KEERTHI', 'FEMALE', 'JOGI', '', 'A151280000051', 'ADMITTED', '1996-02-29', '94', 'TELUGU', 'INDIAN', 'SSC', 'R151280000051', 'HINDU', 'BC-B', 'DAY_SCHOOLER', NULL, 'ACTIVE', '2013-04-23', NULL, 81, 1205, 76, 79, 81, 41, NULL, 38, NULL),
(1219, '2013-04-23 07:29:45', 'pradeepb', 4, 'SRI VANI', 'FEMALE', 'V', '', 'A151280000052', 'ADMITTED', '1996-03-06', '309', 'TELUGU', 'INDIAN', 'ssc', 'R151280000052', 'HINDU', 'NA', 'DAY_SCHOOLER', NULL, 'ACTIVE', '2013-04-23', NULL, 81, 1218, 76, 79, 81, 41, NULL, 38, NULL),
(1232, '2013-04-23 07:36:38', 'pradeepb', 4, 'RINITHASPURTHI', 'FEMALE', 'BITRA', '', 'A151280000053', 'ADMITTED', '1996-12-24', '144', 'NA', 'INDIAN', 'NA', 'R151280000053', 'NA', 'NA', 'DAY_SCHOOLER', NULL, 'ACTIVE', '2013-04-23', NULL, 81, 1231, 76, 79, 81, 41, NULL, 38, NULL),
(1245, '2013-04-23 08:01:26', 'pradeepb', 4, 'TABASSUM', 'FEMALE', 'HUMERA', '', 'A151280000054', 'ADMITTED', '1996-08-31', '106', 'NA', 'INDIAN', 'SSC', 'R151280000054', 'MUSLIM', 'BC-E', 'DAY_SCHOOLER', NULL, 'ACTIVE', '2013-04-23', NULL, 81, 1244, 76, 79, 81, 41, NULL, 38, NULL);

-- --------------------------------------------------------

--
-- Table structure for table `STUDENT_ACADEMIC_YEAR`
--

CREATE TABLE IF NOT EXISTS `STUDENT_ACADEMIC_YEAR` (
  `ID` bigint(20) NOT NULL,
  `AUDIT_TIMESTAMP` datetime NOT NULL,
  `AUDIT_USER_NAME` varchar(255) NOT NULL,
  `VERSION` bigint(20) NOT NULL,
  `SEQUENCE_NR` int(11) NOT NULL,
  `ACADEMIC_YEAR_ID` bigint(20) NOT NULL,
  `BATCH_ID` bigint(20) NOT NULL,
  `PREVS_STU_ACAD_YEAR_ID` bigint(20) DEFAULT NULL,
  `STUDENT_ID` bigint(20) NOT NULL,
  PRIMARY KEY (`ID`),
  UNIQUE KEY `STUDENT_ID` (`STUDENT_ID`,`ACADEMIC_YEAR_ID`),
  KEY `FK636E2D51CE79206F` (`BATCH_ID`),
  KEY `FK636E2D518AED4B8F` (`STUDENT_ID`),
  KEY `FK636E2D51121C3074` (`ACADEMIC_YEAR_ID`),
  KEY `FK636E2D516444D3C1` (`PREVS_STU_ACAD_YEAR_ID`)
) ENGINE=MyISAM DEFAULT CHARSET=latin1;

--
-- Dumping data for table `STUDENT_ACADEMIC_YEAR`
--

INSERT INTO `STUDENT_ACADEMIC_YEAR` (`ID`, `AUDIT_TIMESTAMP`, `AUDIT_USER_NAME`, `VERSION`, `SEQUENCE_NR`, `ACADEMIC_YEAR_ID`, `BATCH_ID`, `PREVS_STU_ACAD_YEAR_ID`, `STUDENT_ID`) VALUES
(233, '2013-04-15 01:36:44', 'pradeepb', 0, 1, 76, 79, NULL, 229),
(246, '2013-04-15 01:44:40', 'pradeepb', 0, 1, 76, 79, NULL, 242),
(258, '2013-04-15 01:52:33', 'pradeepb', 0, 1, 76, 79, NULL, 254),
(270, '2013-04-15 08:53:51', 'pradeepb', 0, 1, 76, 79, NULL, 266),
(282, '2013-04-15 09:00:02', 'pradeepb', 0, 1, 76, 79, NULL, 278),
(294, '2013-04-15 09:03:48', 'pradeepb', 0, 1, 76, 79, NULL, 290),
(306, '2013-04-15 09:13:52', 'pradeepb', 0, 1, 76, 79, NULL, 302),
(318, '2013-04-15 09:18:04', 'pradeepb', 0, 1, 76, 79, NULL, 314),
(330, '2013-04-15 09:24:14', 'pradeepb', 0, 1, 76, 79, NULL, 326),
(342, '2013-04-15 09:29:45', 'pradeepb', 0, 1, 76, 79, NULL, 338),
(354, '2013-04-15 22:59:23', 'pradeepb', 0, 1, 76, 79, NULL, 350),
(366, '2013-04-15 23:07:59', 'pradeepb', 0, 1, 76, 79, NULL, 362),
(378, '2013-04-15 23:13:48', 'pradeepb', 0, 1, 76, 79, NULL, 374),
(390, '2013-04-15 23:33:33', 'pradeepb', 0, 1, 76, 79, NULL, 386),
(402, '2013-04-15 23:38:19', 'pradeepb', 0, 1, 76, 79, NULL, 398),
(414, '2013-04-15 23:43:23', 'pradeepb', 0, 1, 76, 79, NULL, 410),
(426, '2013-04-15 23:47:37', 'pradeepb', 0, 1, 76, 79, NULL, 422),
(438, '2013-04-15 23:52:05', 'pradeepb', 0, 1, 76, 79, NULL, 434),
(450, '2013-04-15 23:57:11', 'pradeepb', 0, 1, 76, 79, NULL, 446),
(462, '2013-04-16 00:01:15', 'pradeepb', 0, 1, 76, 79, NULL, 458),
(474, '2013-04-16 00:06:47', 'pradeepb', 0, 1, 76, 79, NULL, 470),
(486, '2013-04-16 00:10:30', 'pradeepb', 0, 1, 76, 79, NULL, 482),
(498, '2013-04-16 00:18:02', 'pradeepb', 0, 1, 76, 79, NULL, 494),
(510, '2013-04-16 00:22:27', 'pradeepb', 0, 1, 76, 79, NULL, 506),
(522, '2013-04-16 00:26:54', 'pradeepb', 0, 1, 76, 79, NULL, 518),
(534, '2013-04-16 00:30:42', 'pradeepb', 0, 1, 76, 79, NULL, 530),
(546, '2013-04-16 00:35:52', 'pradeepb', 0, 1, 76, 79, NULL, 542),
(558, '2013-04-16 00:39:17', 'pradeepb', 0, 1, 76, 79, NULL, 554),
(570, '2013-04-16 00:55:47', 'pradeepb', 0, 1, 76, 79, NULL, 566),
(582, '2013-04-16 01:01:05', 'pradeepb', 0, 1, 76, 79, NULL, 578),
(594, '2013-04-16 01:06:08', 'pradeepb', 0, 1, 76, 79, NULL, 590),
(606, '2013-04-16 01:12:00', 'pradeepb', 0, 1, 76, 79, NULL, 602),
(618, '2013-04-16 01:17:57', 'pradeepb', 0, 1, 76, 79, NULL, 614),
(630, '2013-04-16 01:22:55', 'pradeepb', 0, 1, 76, 79, NULL, 626),
(642, '2013-04-16 01:26:41', 'pradeepb', 0, 1, 76, 79, NULL, 638),
(654, '2013-04-16 04:53:01', 'pradeepb', 0, 1, 76, 79, NULL, 650),
(666, '2013-04-16 05:00:56', 'pradeepb', 0, 1, 76, 79, NULL, 662),
(840, '2013-04-18 23:40:11', 'pradeepb', 0, 1, 76, 79, NULL, 836),
(856, '2013-04-18 23:51:34', 'pradeepb', 0, 1, 76, 79, NULL, 852),
(868, '2013-04-18 23:57:30', 'pradeepb', 0, 1, 76, 79, NULL, 864),
(880, '2013-04-19 00:16:43', 'pradeepb', 0, 1, 76, 79, NULL, 876),
(892, '2013-04-19 00:28:36', 'pradeepb', 0, 1, 76, 79, NULL, 888),
(912, '2013-04-19 23:45:38', 'pradeepb', 0, 1, 76, 79, NULL, 900),
(924, '2013-04-19 23:53:43', 'pradeepb', 0, 1, 76, 79, NULL, 920),
(936, '2013-04-20 00:05:18', 'pradeepb', 0, 1, 76, 79, NULL, 932),
(948, '2013-04-20 00:15:11', 'pradeepb', 0, 1, 76, 79, NULL, 944),
(989, '2013-04-20 02:21:17', 'pradeepb', 0, 1, 76, 79, NULL, 985),
(1167, '2013-04-23 00:44:28', 'pradeepb', 0, 1, 76, 79, NULL, 1163),
(1180, '2013-04-23 01:03:13', 'pradeepb', 0, 1, 76, 79, NULL, 1176),
(1197, '2013-04-23 02:42:56', 'pradeepb', 0, 1, 76, 79, NULL, 1193),
(1210, '2013-04-23 02:51:08', 'pradeepb', 0, 1, 76, 79, NULL, 1206),
(1223, '2013-04-23 07:30:38', 'pradeepb', 0, 1, 76, 79, NULL, 1219),
(1236, '2013-04-23 07:37:13', 'pradeepb', 0, 1, 76, 79, NULL, 1232),
(1249, '2013-04-23 08:02:16', 'pradeepb', 0, 1, 76, 79, NULL, 1245);

-- --------------------------------------------------------

--
-- Table structure for table `STUDENT_ADDITIONAL_FEE`
--

CREATE TABLE IF NOT EXISTS `STUDENT_ADDITIONAL_FEE` (
  `ID` bigint(20) NOT NULL,
  `AUDIT_TIMESTAMP` datetime NOT NULL,
  `AUDIT_USER_NAME` varchar(255) NOT NULL,
  `VERSION` bigint(20) NOT NULL,
  `AMOUNT` double NOT NULL,
  `DUE_DATE` date NOT NULL,
  `NAME` varchar(50) NOT NULL,
  `PAYMENT_FREQUENCY` varchar(50) NOT NULL,
  `SAF_TYPE` varchar(255) NOT NULL,
  `STUDENT_ACADEMIC_YEAR_ID` bigint(20) NOT NULL,
  PRIMARY KEY (`ID`),
  KEY `FK78F1BDF2AC13E29D` (`STUDENT_ACADEMIC_YEAR_ID`)
) ENGINE=MyISAM DEFAULT CHARSET=latin1;

-- --------------------------------------------------------

--
-- Table structure for table `STUDENT_ATTENDANCE`
--

CREATE TABLE IF NOT EXISTS `STUDENT_ATTENDANCE` (
  `ID` bigint(20) NOT NULL,
  `AUDIT_TIMESTAMP` datetime NOT NULL,
  `AUDIT_USER_NAME` varchar(255) NOT NULL,
  `VERSION` bigint(20) NOT NULL,
  `ABSENT_DATE` datetime DEFAULT NULL,
  `ABSENT_REASON` varchar(255) DEFAULT NULL,
  `SECTION_ID` bigint(20) NOT NULL,
  `STUDENT_ACADEMIC_YEAR_ID` bigint(20) NOT NULL,
  `ATTENDANCE_ID` bigint(20) NOT NULL,
  PRIMARY KEY (`ID`),
  UNIQUE KEY `STUDENT_ACADEMIC_YEAR_ID` (`STUDENT_ACADEMIC_YEAR_ID`,`SECTION_ID`,`ABSENT_DATE`),
  KEY `FKD89DC78DAC13E29D` (`STUDENT_ACADEMIC_YEAR_ID`),
  KEY `FKD89DC78DC7C9134F` (`SECTION_ID`),
  KEY `FKD89DC78DB0E8BD45` (`ATTENDANCE_ID`)
) ENGINE=MyISAM DEFAULT CHARSET=latin1;

-- --------------------------------------------------------

--
-- Table structure for table `STUDENT_EXAM_SUBJECT`
--

CREATE TABLE IF NOT EXISTS `STUDENT_EXAM_SUBJECT` (
  `ID` bigint(20) NOT NULL,
  `AUDIT_TIMESTAMP` datetime NOT NULL,
  `AUDIT_USER_NAME` varchar(255) NOT NULL,
  `VERSION` bigint(20) NOT NULL,
  `SCORED_MARKS` double DEFAULT NULL,
  `STUDENT_EXAM_STATUS` varchar(255) NOT NULL,
  `SECTION_EXAM_SUBJECT_ID` bigint(20) NOT NULL,
  `STUDENT_ACADEMIC_YEAR_ID` bigint(20) NOT NULL,
  PRIMARY KEY (`ID`),
  KEY `FK3C4008901897B1CC` (`SECTION_EXAM_SUBJECT_ID`),
  KEY `FK3C400890AC13E29D` (`STUDENT_ACADEMIC_YEAR_ID`)
) ENGINE=MyISAM DEFAULT CHARSET=latin1;

-- --------------------------------------------------------

--
-- Table structure for table `STUDENT_FEE`
--

CREATE TABLE IF NOT EXISTS `STUDENT_FEE` (
  `ID` bigint(20) NOT NULL,
  `AUDIT_TIMESTAMP` datetime NOT NULL,
  `AUDIT_USER_NAME` varchar(255) NOT NULL,
  `VERSION` bigint(20) NOT NULL,
  `FEE_CLASSFN` varchar(50) NOT NULL,
  `BRANCH_LEVEL_FEE_ID` bigint(20) DEFAULT NULL,
  `KLASS_LEVEL_FEE_ID` bigint(20) DEFAULT NULL,
  `STUDENT_ACADEMIC_YEAR_ID` bigint(20) NOT NULL,
  `STUDENT_LEVEL_FEE_ID` bigint(20) DEFAULT NULL,
  PRIMARY KEY (`ID`),
  KEY `FKCBBC7421DB1563D` (`STUDENT_LEVEL_FEE_ID`),
  KEY `FKCBBC742AC13E29D` (`STUDENT_ACADEMIC_YEAR_ID`),
  KEY `FKCBBC742271B2423` (`BRANCH_LEVEL_FEE_ID`),
  KEY `FKCBBC7421CE2B09D` (`KLASS_LEVEL_FEE_ID`)
) ENGINE=MyISAM DEFAULT CHARSET=latin1;

--
-- Dumping data for table `STUDENT_FEE`
--

INSERT INTO `STUDENT_FEE` (`ID`, `AUDIT_TIMESTAMP`, `AUDIT_USER_NAME`, `VERSION`, `FEE_CLASSFN`, `BRANCH_LEVEL_FEE_ID`, `KLASS_LEVEL_FEE_ID`, `STUDENT_ACADEMIC_YEAR_ID`, `STUDENT_LEVEL_FEE_ID`) VALUES
(237, '2013-04-15 01:37:21', 'pradeepb', 0, 'BRANCH_LEVEL', 192, NULL, 233, NULL),
(238, '2013-04-15 01:37:22', 'pradeepb', 0, 'KLASS_LEVEL', NULL, 91, 233, NULL),
(249, '2013-04-15 01:45:10', 'pradeepb', 0, 'BRANCH_LEVEL', 192, NULL, 246, NULL),
(250, '2013-04-15 01:45:11', 'pradeepb', 0, 'KLASS_LEVEL', NULL, 91, 246, NULL),
(261, '2013-04-15 01:52:53', 'pradeepb', 0, 'BRANCH_LEVEL', 192, NULL, 258, NULL),
(262, '2013-04-15 01:52:53', 'pradeepb', 0, 'KLASS_LEVEL', NULL, 91, 258, NULL),
(273, '2013-04-15 08:54:10', 'pradeepb', 0, 'BRANCH_LEVEL', 192, NULL, 270, NULL),
(274, '2013-04-15 08:54:11', 'pradeepb', 0, 'KLASS_LEVEL', NULL, 91, 270, NULL),
(285, '2013-04-15 09:00:16', 'pradeepb', 0, 'BRANCH_LEVEL', 192, NULL, 282, NULL),
(286, '2013-04-15 09:00:17', 'pradeepb', 0, 'KLASS_LEVEL', NULL, 91, 282, NULL),
(297, '2013-04-15 09:04:12', 'pradeepb', 0, 'BRANCH_LEVEL', 192, NULL, 294, NULL),
(298, '2013-04-15 09:04:12', 'pradeepb', 0, 'KLASS_LEVEL', NULL, 91, 294, NULL),
(309, '2013-04-15 09:14:03', 'pradeepb', 0, 'BRANCH_LEVEL', 192, NULL, 306, NULL),
(310, '2013-04-15 09:14:04', 'pradeepb', 0, 'KLASS_LEVEL', NULL, 91, 306, NULL),
(321, '2013-04-15 09:18:16', 'pradeepb', 0, 'BRANCH_LEVEL', 192, NULL, 318, NULL),
(322, '2013-04-15 09:18:16', 'pradeepb', 0, 'KLASS_LEVEL', NULL, 91, 318, NULL),
(333, '2013-04-15 09:24:26', 'pradeepb', 0, 'BRANCH_LEVEL', 192, NULL, 330, NULL),
(334, '2013-04-15 09:24:26', 'pradeepb', 0, 'KLASS_LEVEL', NULL, 91, 330, NULL),
(345, '2013-04-15 09:29:58', 'pradeepb', 0, 'BRANCH_LEVEL', 192, NULL, 342, NULL),
(346, '2013-04-15 09:29:58', 'pradeepb', 0, 'KLASS_LEVEL', NULL, 91, 342, NULL),
(357, '2013-04-15 22:59:38', 'pradeepb', 0, 'BRANCH_LEVEL', 192, NULL, 354, NULL),
(358, '2013-04-15 22:59:39', 'pradeepb', 0, 'KLASS_LEVEL', NULL, 91, 354, NULL),
(369, '2013-04-15 23:08:12', 'pradeepb', 0, 'BRANCH_LEVEL', 192, NULL, 366, NULL),
(370, '2013-04-15 23:08:12', 'pradeepb', 0, 'KLASS_LEVEL', NULL, 91, 366, NULL),
(381, '2013-04-15 23:15:19', 'pradeepb', 0, 'BRANCH_LEVEL', 192, NULL, 378, NULL),
(382, '2013-04-15 23:15:19', 'pradeepb', 0, 'KLASS_LEVEL', NULL, 91, 378, NULL),
(393, '2013-04-15 23:34:14', 'pradeepb', 0, 'BRANCH_LEVEL', 192, NULL, 390, NULL),
(394, '2013-04-15 23:34:14', 'pradeepb', 0, 'KLASS_LEVEL', NULL, 91, 390, NULL),
(405, '2013-04-15 23:38:35', 'pradeepb', 0, 'BRANCH_LEVEL', 192, NULL, 402, NULL),
(406, '2013-04-15 23:38:35', 'pradeepb', 0, 'KLASS_LEVEL', NULL, 91, 402, NULL),
(417, '2013-04-15 23:43:40', 'pradeepb', 0, 'BRANCH_LEVEL', 192, NULL, 414, NULL),
(418, '2013-04-15 23:43:40', 'pradeepb', 0, 'KLASS_LEVEL', NULL, 91, 414, NULL),
(429, '2013-04-15 23:47:52', 'pradeepb', 0, 'BRANCH_LEVEL', 192, NULL, 426, NULL),
(430, '2013-04-15 23:47:52', 'pradeepb', 0, 'KLASS_LEVEL', NULL, 91, 426, NULL),
(441, '2013-04-15 23:52:17', 'pradeepb', 0, 'BRANCH_LEVEL', 192, NULL, 438, NULL),
(442, '2013-04-15 23:52:17', 'pradeepb', 0, 'KLASS_LEVEL', NULL, 91, 438, NULL),
(453, '2013-04-15 23:57:22', 'pradeepb', 0, 'BRANCH_LEVEL', 192, NULL, 450, NULL),
(454, '2013-04-15 23:57:22', 'pradeepb', 0, 'KLASS_LEVEL', NULL, 91, 450, NULL),
(465, '2013-04-16 00:01:25', 'pradeepb', 0, 'BRANCH_LEVEL', 192, NULL, 462, NULL),
(466, '2013-04-16 00:01:25', 'pradeepb', 0, 'KLASS_LEVEL', NULL, 91, 462, NULL),
(477, '2013-04-16 00:06:58', 'pradeepb', 0, 'BRANCH_LEVEL', 192, NULL, 474, NULL),
(478, '2013-04-16 00:06:58', 'pradeepb', 0, 'KLASS_LEVEL', NULL, 91, 474, NULL),
(489, '2013-04-16 00:10:39', 'pradeepb', 0, 'BRANCH_LEVEL', 192, NULL, 486, NULL),
(490, '2013-04-16 00:10:39', 'pradeepb', 0, 'KLASS_LEVEL', NULL, 91, 486, NULL),
(501, '2013-04-16 00:18:13', 'pradeepb', 0, 'BRANCH_LEVEL', 192, NULL, 498, NULL),
(502, '2013-04-16 00:18:13', 'pradeepb', 0, 'KLASS_LEVEL', NULL, 91, 498, NULL),
(513, '2013-04-16 00:22:43', 'pradeepb', 0, 'BRANCH_LEVEL', 192, NULL, 510, NULL),
(514, '2013-04-16 00:22:43', 'pradeepb', 0, 'KLASS_LEVEL', NULL, 91, 510, NULL),
(525, '2013-04-16 00:27:07', 'pradeepb', 0, 'BRANCH_LEVEL', 192, NULL, 522, NULL),
(526, '2013-04-16 00:27:08', 'pradeepb', 0, 'KLASS_LEVEL', NULL, 91, 522, NULL),
(537, '2013-04-16 00:31:03', 'pradeepb', 0, 'BRANCH_LEVEL', 192, NULL, 534, NULL),
(538, '2013-04-16 00:31:03', 'pradeepb', 0, 'KLASS_LEVEL', NULL, 91, 534, NULL),
(549, '2013-04-16 00:36:06', 'pradeepb', 0, 'BRANCH_LEVEL', 192, NULL, 546, NULL),
(550, '2013-04-16 00:36:06', 'pradeepb', 0, 'KLASS_LEVEL', NULL, 91, 546, NULL),
(561, '2013-04-16 00:39:27', 'pradeepb', 0, 'BRANCH_LEVEL', 192, NULL, 558, NULL),
(562, '2013-04-16 00:39:27', 'pradeepb', 0, 'KLASS_LEVEL', NULL, 91, 558, NULL),
(573, '2013-04-16 00:56:04', 'pradeepb', 0, 'BRANCH_LEVEL', 192, NULL, 570, NULL),
(574, '2013-04-16 00:56:04', 'pradeepb', 0, 'KLASS_LEVEL', NULL, 91, 570, NULL),
(585, '2013-04-16 01:01:16', 'pradeepb', 0, 'BRANCH_LEVEL', 192, NULL, 582, NULL),
(586, '2013-04-16 01:01:16', 'pradeepb', 0, 'KLASS_LEVEL', NULL, 91, 582, NULL),
(597, '2013-04-16 01:06:23', 'pradeepb', 0, 'BRANCH_LEVEL', 192, NULL, 594, NULL),
(598, '2013-04-16 01:06:23', 'pradeepb', 0, 'KLASS_LEVEL', NULL, 91, 594, NULL),
(609, '2013-04-16 01:12:10', 'pradeepb', 0, 'BRANCH_LEVEL', 192, NULL, 606, NULL),
(610, '2013-04-16 01:12:10', 'pradeepb', 0, 'KLASS_LEVEL', NULL, 91, 606, NULL),
(621, '2013-04-16 01:18:07', 'pradeepb', 0, 'BRANCH_LEVEL', 192, NULL, 618, NULL),
(622, '2013-04-16 01:18:07', 'pradeepb', 0, 'KLASS_LEVEL', NULL, 91, 618, NULL),
(633, '2013-04-16 01:23:11', 'pradeepb', 0, 'BRANCH_LEVEL', 192, NULL, 630, NULL),
(634, '2013-04-16 01:23:11', 'pradeepb', 0, 'KLASS_LEVEL', NULL, 91, 630, NULL),
(645, '2013-04-16 01:26:54', 'pradeepb', 0, 'BRANCH_LEVEL', 192, NULL, 642, NULL),
(646, '2013-04-16 01:26:54', 'pradeepb', 0, 'KLASS_LEVEL', NULL, 91, 642, NULL),
(657, '2013-04-16 04:53:26', 'pradeepb', 0, 'BRANCH_LEVEL', 192, NULL, 654, NULL),
(658, '2013-04-16 04:53:26', 'pradeepb', 0, 'KLASS_LEVEL', NULL, 91, 654, NULL),
(669, '2013-04-16 05:01:19', 'pradeepb', 0, 'BRANCH_LEVEL', 192, NULL, 666, NULL),
(670, '2013-04-16 05:01:19', 'pradeepb', 0, 'KLASS_LEVEL', NULL, 91, 666, NULL),
(843, '2013-04-18 23:40:31', 'pradeepb', 0, 'BRANCH_LEVEL', 192, NULL, 840, NULL),
(844, '2013-04-18 23:40:32', 'pradeepb', 0, 'KLASS_LEVEL', NULL, 91, 840, NULL),
(859, '2013-04-18 23:52:02', 'pradeepb', 0, 'BRANCH_LEVEL', 192, NULL, 856, NULL),
(860, '2013-04-18 23:52:03', 'pradeepb', 0, 'KLASS_LEVEL', NULL, 91, 856, NULL),
(871, '2013-04-18 23:57:50', 'pradeepb', 0, 'BRANCH_LEVEL', 192, NULL, 868, NULL),
(872, '2013-04-18 23:57:50', 'pradeepb', 0, 'KLASS_LEVEL', NULL, 91, 868, NULL),
(883, '2013-04-19 00:16:57', 'pradeepb', 0, 'BRANCH_LEVEL', 192, NULL, 880, NULL),
(884, '2013-04-19 00:16:57', 'pradeepb', 0, 'KLASS_LEVEL', NULL, 91, 880, NULL),
(895, '2013-04-19 00:28:52', 'pradeepb', 0, 'BRANCH_LEVEL', 192, NULL, 892, NULL),
(896, '2013-04-19 00:28:52', 'pradeepb', 0, 'KLASS_LEVEL', NULL, 91, 892, NULL),
(915, '2013-04-19 23:46:58', 'pradeepb', 0, 'BRANCH_LEVEL', 192, NULL, 912, NULL),
(916, '2013-04-19 23:46:58', 'pradeepb', 0, 'KLASS_LEVEL', NULL, 91, 912, NULL),
(927, '2013-04-19 23:55:03', 'pradeepb', 0, 'BRANCH_LEVEL', 192, NULL, 924, NULL),
(928, '2013-04-19 23:55:04', 'pradeepb', 0, 'KLASS_LEVEL', NULL, 91, 924, NULL),
(939, '2013-04-20 00:05:42', 'pradeepb', 0, 'BRANCH_LEVEL', 192, NULL, 936, NULL),
(940, '2013-04-20 00:05:43', 'pradeepb', 0, 'KLASS_LEVEL', NULL, 91, 936, NULL),
(951, '2013-04-20 00:15:57', 'pradeepb', 0, 'BRANCH_LEVEL', 192, NULL, 948, NULL),
(952, '2013-04-20 00:15:57', 'pradeepb', 0, 'KLASS_LEVEL', NULL, 91, 948, NULL),
(992, '2013-04-20 02:21:31', 'pradeepb', 0, 'BRANCH_LEVEL', 192, NULL, 989, NULL),
(993, '2013-04-20 02:21:31', 'pradeepb', 0, 'BRANCH_LEVEL', 958, NULL, 989, NULL),
(994, '2013-04-20 02:21:31', 'pradeepb', 0, 'KLASS_LEVEL', NULL, 91, 989, NULL),
(1001, '2013-04-21 03:22:12', 'pradeepb', 0, 'BRANCH_LEVEL', 999, NULL, 233, NULL),
(1002, '2013-04-21 03:22:12', 'pradeepb', 0, 'BRANCH_LEVEL', 999, NULL, 246, NULL),
(1003, '2013-04-21 03:22:12', 'pradeepb', 0, 'BRANCH_LEVEL', 999, NULL, 258, NULL),
(1004, '2013-04-21 03:22:12', 'pradeepb', 0, 'BRANCH_LEVEL', 999, NULL, 270, NULL),
(1005, '2013-04-21 03:22:12', 'pradeepb', 0, 'BRANCH_LEVEL', 999, NULL, 282, NULL),
(1006, '2013-04-21 03:22:13', 'pradeepb', 0, 'BRANCH_LEVEL', 999, NULL, 294, NULL),
(1007, '2013-04-21 03:22:13', 'pradeepb', 0, 'BRANCH_LEVEL', 999, NULL, 306, NULL),
(1008, '2013-04-21 03:22:13', 'pradeepb', 0, 'BRANCH_LEVEL', 999, NULL, 318, NULL),
(1009, '2013-04-21 03:22:13', 'pradeepb', 0, 'BRANCH_LEVEL', 999, NULL, 330, NULL),
(1010, '2013-04-21 03:22:13', 'pradeepb', 0, 'BRANCH_LEVEL', 999, NULL, 342, NULL),
(1011, '2013-04-21 03:22:13', 'pradeepb', 0, 'BRANCH_LEVEL', 999, NULL, 354, NULL),
(1012, '2013-04-21 03:22:13', 'pradeepb', 0, 'BRANCH_LEVEL', 999, NULL, 366, NULL),
(1013, '2013-04-21 03:22:13', 'pradeepb', 0, 'BRANCH_LEVEL', 999, NULL, 378, NULL),
(1014, '2013-04-21 03:22:13', 'pradeepb', 0, 'BRANCH_LEVEL', 999, NULL, 390, NULL),
(1015, '2013-04-21 03:22:13', 'pradeepb', 0, 'BRANCH_LEVEL', 999, NULL, 402, NULL),
(1016, '2013-04-21 03:22:13', 'pradeepb', 0, 'BRANCH_LEVEL', 999, NULL, 414, NULL),
(1017, '2013-04-21 03:22:13', 'pradeepb', 0, 'BRANCH_LEVEL', 999, NULL, 426, NULL),
(1018, '2013-04-21 03:22:13', 'pradeepb', 0, 'BRANCH_LEVEL', 999, NULL, 438, NULL),
(1019, '2013-04-21 03:22:13', 'pradeepb', 0, 'BRANCH_LEVEL', 999, NULL, 450, NULL),
(1020, '2013-04-21 03:22:13', 'pradeepb', 0, 'BRANCH_LEVEL', 999, NULL, 462, NULL),
(1021, '2013-04-21 03:22:13', 'pradeepb', 0, 'BRANCH_LEVEL', 999, NULL, 474, NULL),
(1022, '2013-04-21 03:22:13', 'pradeepb', 0, 'BRANCH_LEVEL', 999, NULL, 486, NULL),
(1023, '2013-04-21 03:22:13', 'pradeepb', 0, 'BRANCH_LEVEL', 999, NULL, 498, NULL),
(1024, '2013-04-21 03:22:14', 'pradeepb', 0, 'BRANCH_LEVEL', 999, NULL, 510, NULL),
(1025, '2013-04-21 03:22:14', 'pradeepb', 0, 'BRANCH_LEVEL', 999, NULL, 522, NULL),
(1026, '2013-04-21 03:22:14', 'pradeepb', 0, 'BRANCH_LEVEL', 999, NULL, 534, NULL),
(1027, '2013-04-21 03:22:14', 'pradeepb', 0, 'BRANCH_LEVEL', 999, NULL, 546, NULL),
(1028, '2013-04-21 03:22:14', 'pradeepb', 0, 'BRANCH_LEVEL', 999, NULL, 558, NULL),
(1029, '2013-04-21 03:22:14', 'pradeepb', 0, 'BRANCH_LEVEL', 999, NULL, 570, NULL),
(1030, '2013-04-21 03:22:14', 'pradeepb', 0, 'BRANCH_LEVEL', 999, NULL, 582, NULL),
(1031, '2013-04-21 03:22:14', 'pradeepb', 0, 'BRANCH_LEVEL', 999, NULL, 594, NULL),
(1032, '2013-04-21 03:22:14', 'pradeepb', 0, 'BRANCH_LEVEL', 999, NULL, 606, NULL),
(1033, '2013-04-21 03:22:14', 'pradeepb', 0, 'BRANCH_LEVEL', 999, NULL, 618, NULL),
(1034, '2013-04-21 03:22:14', 'pradeepb', 0, 'BRANCH_LEVEL', 999, NULL, 630, NULL),
(1035, '2013-04-21 03:22:14', 'pradeepb', 0, 'BRANCH_LEVEL', 999, NULL, 642, NULL),
(1036, '2013-04-21 03:22:14', 'pradeepb', 0, 'BRANCH_LEVEL', 999, NULL, 654, NULL),
(1037, '2013-04-21 03:22:14', 'pradeepb', 0, 'BRANCH_LEVEL', 999, NULL, 666, NULL),
(1038, '2013-04-21 03:22:15', 'pradeepb', 0, 'BRANCH_LEVEL', 999, NULL, 840, NULL),
(1039, '2013-04-21 03:22:15', 'pradeepb', 0, 'BRANCH_LEVEL', 999, NULL, 856, NULL),
(1040, '2013-04-21 03:22:15', 'pradeepb', 0, 'BRANCH_LEVEL', 999, NULL, 868, NULL),
(1041, '2013-04-21 03:22:15', 'pradeepb', 0, 'BRANCH_LEVEL', 999, NULL, 880, NULL),
(1042, '2013-04-21 03:22:15', 'pradeepb', 0, 'BRANCH_LEVEL', 999, NULL, 892, NULL),
(1043, '2013-04-21 03:22:15', 'pradeepb', 0, 'BRANCH_LEVEL', 999, NULL, 912, NULL),
(1044, '2013-04-21 03:22:15', 'pradeepb', 0, 'BRANCH_LEVEL', 999, NULL, 924, NULL),
(1045, '2013-04-21 03:22:15', 'pradeepb', 0, 'BRANCH_LEVEL', 999, NULL, 936, NULL),
(1046, '2013-04-21 03:22:15', 'pradeepb', 0, 'BRANCH_LEVEL', 999, NULL, 948, NULL),
(1047, '2013-04-21 03:22:15', 'pradeepb', 0, 'BRANCH_LEVEL', 999, NULL, 989, NULL),
(1170, '2013-04-23 00:44:53', 'pradeepb', 0, 'BRANCH_LEVEL', 192, NULL, 1167, NULL),
(1171, '2013-04-23 00:44:53', 'pradeepb', 0, 'BRANCH_LEVEL', 999, NULL, 1167, NULL),
(1172, '2013-04-23 00:44:54', 'pradeepb', 0, 'KLASS_LEVEL', NULL, 91, 1167, NULL),
(1183, '2013-04-23 01:03:33', 'pradeepb', 0, 'BRANCH_LEVEL', 192, NULL, 1180, NULL),
(1184, '2013-04-23 01:03:33', 'pradeepb', 0, 'BRANCH_LEVEL', 999, NULL, 1180, NULL),
(1185, '2013-04-23 01:03:34', 'pradeepb', 0, 'KLASS_LEVEL', NULL, 91, 1180, NULL),
(1200, '2013-04-23 02:43:09', 'pradeepb', 0, 'BRANCH_LEVEL', 192, NULL, 1197, NULL),
(1201, '2013-04-23 02:43:09', 'pradeepb', 0, 'BRANCH_LEVEL', 999, NULL, 1197, NULL),
(1202, '2013-04-23 02:43:10', 'pradeepb', 0, 'KLASS_LEVEL', NULL, 91, 1197, NULL),
(1213, '2013-04-23 02:51:27', 'pradeepb', 0, 'BRANCH_LEVEL', 192, NULL, 1210, NULL),
(1214, '2013-04-23 02:51:27', 'pradeepb', 0, 'BRANCH_LEVEL', 999, NULL, 1210, NULL),
(1215, '2013-04-23 02:51:28', 'pradeepb', 0, 'KLASS_LEVEL', NULL, 91, 1210, NULL),
(1226, '2013-04-23 07:30:49', 'pradeepb', 0, 'BRANCH_LEVEL', 192, NULL, 1223, NULL),
(1227, '2013-04-23 07:30:49', 'pradeepb', 0, 'BRANCH_LEVEL', 999, NULL, 1223, NULL),
(1228, '2013-04-23 07:30:50', 'pradeepb', 0, 'KLASS_LEVEL', NULL, 91, 1223, NULL),
(1239, '2013-04-23 07:37:25', 'pradeepb', 0, 'BRANCH_LEVEL', 192, NULL, 1236, NULL),
(1240, '2013-04-23 07:37:25', 'pradeepb', 0, 'BRANCH_LEVEL', 999, NULL, 1236, NULL),
(1241, '2013-04-23 07:37:25', 'pradeepb', 0, 'KLASS_LEVEL', NULL, 91, 1236, NULL),
(1252, '2013-04-23 08:02:28', 'pradeepb', 0, 'BRANCH_LEVEL', 192, NULL, 1249, NULL),
(1253, '2013-04-23 08:02:28', 'pradeepb', 0, 'BRANCH_LEVEL', 999, NULL, 1249, NULL),
(1254, '2013-04-23 08:02:29', 'pradeepb', 0, 'KLASS_LEVEL', NULL, 91, 1249, NULL);

-- --------------------------------------------------------

--
-- Table structure for table `STUDENT_FEE_TXN`
--

CREATE TABLE IF NOT EXISTS `STUDENT_FEE_TXN` (
  `ID` bigint(20) NOT NULL,
  `AUDIT_TIMESTAMP` datetime NOT NULL,
  `AUDIT_USER_NAME` varchar(255) NOT NULL,
  `VERSION` bigint(20) NOT NULL,
  `AMOUNT` double NOT NULL,
  `BANK_BRANCH` varchar(255) DEFAULT NULL,
  `BANK_NAME` varchar(255) DEFAULT NULL,
  `CHEQUE_NR` varchar(255) DEFAULT NULL,
  `EXT_TRANSACTION_DATE` datetime DEFAULT NULL,
  `EXT_TRANSACTION_NR` varchar(255) DEFAULT NULL,
  `PAYMENT_METHOD` varchar(255) DEFAULT NULL,
  `SFT_STATUS` varchar(255) NOT NULL,
  `SFT_TYPE` varchar(255) NOT NULL,
  `TRANSACTION_DATE` date NOT NULL,
  `TRANSACTION_NR` varchar(255) NOT NULL,
  `STUDENT_ACADEMIC_YEAR_ID` bigint(20) NOT NULL,
  `COMMENTS` longtext,
  PRIMARY KEY (`ID`),
  KEY `FK2F4ECBCDAC13E29D` (`STUDENT_ACADEMIC_YEAR_ID`)
) ENGINE=MyISAM DEFAULT CHARSET=latin1;

--
-- Dumping data for table `STUDENT_FEE_TXN`
--

INSERT INTO `STUDENT_FEE_TXN` (`ID`, `AUDIT_TIMESTAMP`, `AUDIT_USER_NAME`, `VERSION`, `AMOUNT`, `BANK_BRANCH`, `BANK_NAME`, `CHEQUE_NR`, `EXT_TRANSACTION_DATE`, `EXT_TRANSACTION_NR`, `PAYMENT_METHOD`, `SFT_STATUS`, `SFT_TYPE`, `TRANSACTION_DATE`, `TRANSACTION_NR`, `STUDENT_ACADEMIC_YEAR_ID`, `COMMENTS`) VALUES
(1143, '2013-04-21 04:19:06', 'pradeepb', 0, 10000, NULL, NULL, NULL, NULL, NULL, NULL, 'DEDUCTION_PROCESSED', 'DEDUCT', '2013-04-21', 'TXFD210420131', 233, NULL),
(1148, '2013-04-21 04:20:59', 'pradeepb', 0, 100, NULL, NULL, NULL, '2012-05-27 00:00:00', '291', 'CASH', 'PAYMENT_PROCESSED', 'PAYMENT', '2013-04-21', 'TXFP210420131', 233, NULL),
(1150, '2013-04-21 04:23:27', 'pradeepb', 0, 4000, NULL, NULL, NULL, '2012-07-03 00:00:00', '1796', 'CASH', 'PAYMENT_PROCESSED', 'PAYMENT', '2013-04-21', 'TXFP210420132', 233, NULL),
(1152, '2013-04-21 04:27:52', 'pradeepb', 0, 2000, NULL, NULL, NULL, '2012-05-27 00:00:00', '291', 'CASH', 'PAYMENT_PROCESSED', 'PAYMENT', '2013-04-21', 'TXFP210420133', 233, NULL),
(1154, '2013-04-21 04:31:09', 'pradeepb', 0, 5000, NULL, NULL, NULL, '2012-10-11 00:00:00', '349', 'CASH', 'PAYMENT_PROCESSED', 'PAYMENT', '2013-04-21', 'TXFP210420134', 233, NULL),
(1156, '2013-04-21 04:33:10', 'pradeepb', 1, 5000, NULL, NULL, NULL, '2012-12-11 00:00:00', '796', 'CASH', 'TRANSACTOIN_CANCELLED', 'PAYMENT', '2013-04-21', 'TXFP210420135', 233, NULL),
(1159, '2013-04-21 04:38:38', 'pradeepb', 0, 5000, NULL, NULL, NULL, '2012-12-11 00:00:00', '796', 'CASH', 'PAYMENT_PROCESSED', 'PAYMENT', '2013-04-21', 'TXFP210420136', 233, NULL),
(1258, '2013-04-27 03:06:15', 'pradeepb', 0, 4000, NULL, NULL, NULL, '2012-07-06 00:00:00', '646', 'CASH', 'PAYMENT_PROCESSED', 'PAYMENT', '2013-04-27', 'TXFP270420131', 606, NULL),
(1261, '2013-04-27 03:09:00', 'pradeepb', 0, 9000, NULL, NULL, NULL, NULL, NULL, NULL, 'DEDUCTION_PROCESSED', 'DEDUCT', '2013-04-27', 'TXFD270420131', 606, NULL),
(1265, '2013-04-27 03:09:52', 'pradeepb', 1, 50, NULL, NULL, NULL, NULL, NULL, 'CASH', 'TRANSACTOIN_CANCELLED', 'PAYMENT', '2013-04-27', 'TXFP270420132', 606, NULL),
(1267, '2013-04-27 03:11:17', 'pradeepb', 0, 100, NULL, NULL, NULL, '2012-06-05 00:00:00', '1821', 'CASH', 'PAYMENT_PROCESSED', 'PAYMENT', '2013-04-27', 'TXFP270420133', 606, NULL),
(1269, '2013-04-27 03:12:39', 'pradeepb', 0, 2000, NULL, NULL, NULL, '2012-06-05 00:00:00', '1821', 'CASH', 'PAYMENT_PROCESSED', 'PAYMENT', '2013-04-27', 'TXFP270420134', 606, NULL),
(1271, '2013-04-27 03:13:36', 'pradeepb', 0, 5000, NULL, NULL, NULL, '2012-07-09 00:00:00', '2112', 'CASH', 'PAYMENT_PROCESSED', 'PAYMENT', '2013-04-27', 'TXFP270420135', 606, NULL),
(1273, '2013-04-27 03:14:49', 'pradeepb', 0, 6000, NULL, NULL, NULL, '2012-11-09 00:00:00', '530', 'CASH', 'PAYMENT_PROCESSED', 'PAYMENT', '2013-04-27', 'TXFP270420136', 606, NULL),
(1276, '2013-04-27 03:15:58', 'pradeepb', 0, 6000, NULL, NULL, NULL, '2012-12-12 00:00:00', '828', 'CASH', 'PAYMENT_PROCESSED', 'PAYMENT', '2013-04-27', 'TXFP270420137', 606, NULL),
(1279, '2013-04-27 03:18:20', 'pradeepb', 0, 4000, NULL, NULL, NULL, '2012-07-09 00:00:00', '2004', 'CASH', 'PAYMENT_PROCESSED', 'PAYMENT', '2013-04-27', 'TXFP270420138', 618, NULL),
(1281, '2013-04-27 03:21:24', 'pradeepb', 0, 100, NULL, NULL, NULL, '2012-06-06 00:00:00', '1835', 'CASH', 'PAYMENT_PROCESSED', 'PAYMENT', '2013-04-27', 'TXFP270420139', 618, NULL),
(1283, '2013-04-27 03:23:09', 'pradeepb', 0, 11000, NULL, NULL, NULL, NULL, NULL, NULL, 'DEDUCTION_PROCESSED', 'DEDUCT', '2013-04-27', 'TXFD270420132', 618, NULL),
(1287, '2013-04-27 03:24:43', 'pradeepb', 0, 1000, NULL, NULL, NULL, '2012-06-06 00:00:00', '1835', 'CASH', 'PAYMENT_PROCESSED', 'PAYMENT', '2013-04-27', 'TXFP2704201310', 618, NULL),
(1289, '2013-04-27 03:25:32', 'pradeepb', 0, 5000, NULL, NULL, NULL, '2012-07-09 00:00:00', '2107', 'CASH', 'PAYMENT_PROCESSED', 'PAYMENT', '2013-04-27', 'TXFP2704201311', 618, NULL),
(1291, '2013-04-27 03:26:26', 'pradeepb', 0, 5000, NULL, NULL, NULL, '2012-11-10 00:00:00', '542', 'CASH', 'PAYMENT_PROCESSED', 'PAYMENT', '2013-04-27', 'TXFP2704201312', 618, NULL),
(1294, '2013-04-27 03:27:24', 'pradeepb', 0, 6000, NULL, NULL, NULL, '2012-12-12 00:00:00', '842', 'CASH', 'PAYMENT_PROCESSED', 'PAYMENT', '2013-04-27', 'TXFP2704201313', 618, NULL),
(1297, '2013-04-27 03:29:47', 'pradeepb', 0, 600, NULL, NULL, NULL, '2012-06-06 00:00:00', '1759', 'CASH', 'PAYMENT_PROCESSED', 'PAYMENT', '2013-04-27', 'TXFP2704201314', 630, NULL),
(1300, '2013-04-27 03:31:02', 'pradeepb', 0, 16000, NULL, NULL, NULL, NULL, NULL, NULL, 'DEDUCTION_PROCESSED', 'DEDUCT', '2013-04-27', 'TXFD270420133', 630, NULL),
(1304, '2013-04-27 03:31:53', 'pradeepb', 0, 3000, NULL, NULL, NULL, '2012-11-07 00:00:00', '491', 'CASH', 'PAYMENT_PROCESSED', 'PAYMENT', '2013-04-27', 'TXFP2704201315', 630, NULL),
(1306, '2013-04-27 03:32:58', 'pradeepb', 0, 7000, NULL, NULL, NULL, '2012-12-20 00:00:00', '888', 'CASH', 'PAYMENT_PROCESSED', 'PAYMENT', '2013-04-27', 'TXFP2704201316', 630, NULL),
(1310, '2013-04-27 03:35:19', 'pradeepb', 0, 14000, NULL, NULL, NULL, NULL, NULL, NULL, 'DEDUCTION_PROCESSED', 'DEDUCT', '2013-04-27', 'TXFD270420134', 840, NULL),
(1314, '2013-04-27 03:38:07', 'pradeepb', 0, 2100, NULL, NULL, NULL, '2012-06-08 00:00:00', '1908', 'CASH', 'PAYMENT_PROCESSED', 'PAYMENT', '2013-04-27', 'TXFP2704201317', 840, NULL),
(1317, '2013-04-27 03:39:17', 'pradeepb', 0, 8000, NULL, NULL, NULL, '2012-07-09 00:00:00', '2110', 'CASH', 'PAYMENT_PROCESSED', 'PAYMENT', '2013-04-27', 'TXFP2704201318', 840, NULL),
(1320, '2013-04-27 03:39:54', 'pradeepb', 0, 4000, NULL, NULL, NULL, '2012-10-17 00:00:00', '373', 'CASH', 'PAYMENT_PROCESSED', 'PAYMENT', '2013-04-27', 'TXFP2704201319', 840, NULL),
(1323, '2013-04-27 03:42:44', 'pradeepb', 0, 12000, NULL, NULL, NULL, NULL, NULL, NULL, 'DEDUCTION_PROCESSED', 'DEDUCT', '2013-04-27', 'TXFD270420135', 654, NULL),
(1327, '2013-04-27 03:44:35', 'pradeepb', 0, 1100, NULL, NULL, NULL, '2012-06-08 00:00:00', '142', 'CASH', 'PAYMENT_PROCESSED', 'PAYMENT', '2013-04-27', 'TXFP2704201320', 654, NULL),
(1330, '2013-04-27 03:45:34', 'pradeepb', 0, 6000, NULL, NULL, NULL, '2012-10-05 00:00:00', '292', 'CASH', 'PAYMENT_PROCESSED', 'PAYMENT', '2013-04-27', 'TXFP2704201321', 654, NULL),
(1332, '2013-04-27 03:46:12', 'pradeepb', 0, 3000, NULL, NULL, NULL, '2012-12-12 00:00:00', '823', 'CASH', 'PAYMENT_PROCESSED', 'PAYMENT', '2013-04-27', 'TXFP2704201322', 654, NULL),
(1334, '2013-04-27 03:49:08', 'pradeepb', 0, 14000, NULL, NULL, NULL, NULL, NULL, NULL, 'DEDUCTION_PROCESSED', 'DEDUCT', '2013-04-27', 'TXFD270420136', 666, NULL),
(1338, '2013-04-27 03:49:57', 'pradeepb', 0, 1100, NULL, NULL, NULL, '2012-06-08 00:00:00', '1766', 'CASH', 'PAYMENT_PROCESSED', 'PAYMENT', '2013-04-27', 'TXFP2704201323', 666, NULL),
(1341, '2013-04-27 03:50:54', 'pradeepb', 0, 4000, NULL, NULL, NULL, '2012-07-16 00:00:00', '2037', 'CASH', 'PAYMENT_PROCESSED', 'PAYMENT', '2013-04-27', 'TXFP2704201324', 666, NULL),
(1343, '2013-04-27 03:52:06', 'pradeepb', 0, 6000, NULL, NULL, NULL, '2012-07-23 00:00:00', '076', 'CASH', 'PAYMENT_PROCESSED', 'PAYMENT', '2013-04-27', 'TXFP2704201325', 666, NULL),
(1345, '2013-04-27 03:52:59', 'pradeepb', 0, 5000, NULL, NULL, NULL, '2012-12-12 00:00:00', '826', 'CASH', 'PAYMENT_PROCESSED', 'PAYMENT', '2013-04-27', 'TXFP2704201326', 666, NULL),
(1348, '2013-04-27 03:53:43', 'pradeepb', 0, 2000, NULL, NULL, NULL, '2013-02-24 00:00:00', '1304', 'CASH', 'PAYMENT_PROCESSED', 'PAYMENT', '2013-04-27', 'TXFP2704201327', 666, NULL),
(1350, '2013-04-27 03:56:38', 'pradeepb', 0, 12000, NULL, NULL, NULL, NULL, NULL, NULL, 'DEDUCTION_PROCESSED', 'DEDUCT', '2013-04-27', 'TXFD270420137', 856, NULL),
(1354, '2013-04-27 03:59:38', 'pradeepb', 0, 2100, NULL, NULL, NULL, '2012-06-11 00:00:00', '1935', 'CASH', 'PAYMENT_PROCESSED', 'PAYMENT', '2013-04-27', 'TXFP2704201328', 856, NULL),
(1357, '2013-04-27 04:00:41', 'pradeepb', 0, 3000, NULL, NULL, NULL, '2012-10-03 00:00:00', '269', 'CASH', 'PAYMENT_PROCESSED', 'PAYMENT', '2013-04-27', 'TXFP2704201329', 856, NULL),
(1359, '2013-04-27 04:02:00', 'pradeepb', 0, 4000, NULL, NULL, NULL, '2012-12-12 00:00:00', '820', 'CASH', 'PAYMENT_PROCESSED', 'PAYMENT', '2013-04-27', 'TXFP2704201330', 856, NULL),
(1362, '2013-04-27 04:02:51', 'pradeepb', 0, 2000, NULL, NULL, NULL, '2013-01-09 00:00:00', '997', 'CASH', 'PAYMENT_PROCESSED', 'PAYMENT', '2013-04-27', 'TXFP2704201331', 856, NULL),
(1372, '2013-04-28 01:15:14', 'pradeepb', 0, 11000, NULL, NULL, NULL, NULL, NULL, NULL, 'DEDUCTION_PROCESSED', 'DEDUCT', '2013-04-28', 'TXFD280420131', 868, NULL),
(1377, '2013-04-28 01:19:01', 'pradeepb', 0, 2100, NULL, NULL, NULL, '2012-06-12 00:00:00', '1871', 'CASH', 'PAYMENT_PROCESSED', 'PAYMENT', '2013-04-28', 'TXFP280420131', 868, NULL),
(1380, '2013-04-28 01:20:09', 'pradeepb', 0, 5000, NULL, NULL, NULL, '2012-11-10 00:00:00', '608', 'CASH', 'PAYMENT_PROCESSED', 'PAYMENT', '2013-04-28', 'TXFP280420132', 868, NULL),
(1382, '2013-04-28 01:21:23', 'pradeepb', 0, 4000, NULL, NULL, NULL, '2013-01-30 00:00:00', '1138', 'CASH', 'PAYMENT_PROCESSED', 'PAYMENT', '2013-04-28', 'TXFP280420133', 868, NULL),
(1385, '2013-04-28 01:28:18', 'pradeepb', 0, 7000, NULL, NULL, NULL, NULL, NULL, NULL, 'DEDUCTION_PROCESSED', 'DEDUCT', '2013-04-28', 'TXFD280420132', 880, NULL),
(1389, '2013-04-28 01:30:28', 'pradeepb', 0, 2100, NULL, NULL, NULL, '2012-06-13 00:00:00', '1939', 'CASH', 'PAYMENT_PROCESSED', 'PAYMENT', '2013-04-28', 'TXFP280420134', 880, NULL),
(1392, '2013-04-28 01:31:40', 'pradeepb', 0, 4000, NULL, NULL, NULL, '2012-07-10 00:00:00', '2123', 'CASH', 'PAYMENT_PROCESSED', 'PAYMENT', '2013-04-28', 'TXFP280420135', 880, NULL),
(1394, '2013-04-28 01:33:05', 'pradeepb', 0, 7000, NULL, NULL, NULL, '2012-10-18 00:00:00', '384', 'CASH', 'PAYMENT_PROCESSED', 'PAYMENT', '2013-04-28', 'TXFP280420136', 880, NULL),
(1397, '2013-04-28 01:54:16', 'pradeepb', 0, 8000, NULL, NULL, NULL, NULL, NULL, NULL, 'DEDUCTION_PROCESSED', 'DEDUCT', '2013-04-28', 'TXFD280420133', 892, NULL),
(1401, '2013-04-28 01:55:31', 'pradeepb', 0, 1100, NULL, NULL, NULL, '2012-06-14 00:00:00', '2392', 'CASH', 'PAYMENT_PROCESSED', 'PAYMENT', '2013-04-28', 'TXFP280420137', 892, NULL),
(1404, '2013-04-28 01:56:25', 'pradeepb', 0, 10000, NULL, NULL, NULL, '2012-08-06 00:00:00', '114', 'CASH', 'PAYMENT_PROCESSED', 'PAYMENT', '2013-04-28', 'TXFP280420138', 892, NULL),
(1407, '2013-04-28 01:58:28', 'pradeepb', 0, 10000, NULL, NULL, NULL, NULL, NULL, NULL, 'DEDUCTION_PROCESSED', 'DEDUCT', '2013-04-28', 'TXFD280420134', 912, NULL),
(1411, '2013-04-28 02:00:17', 'pradeepb', 0, 8100, NULL, NULL, NULL, '2012-06-19 00:00:00', '153', 'CASH', 'PAYMENT_PROCESSED', 'PAYMENT', '2013-04-28', 'TXFP280420139', 912, NULL),
(1414, '2013-04-28 02:25:47', 'pradeepb', 0, 10000, NULL, NULL, NULL, '2012-12-12 00:00:00', '824', 'CASH', 'PAYMENT_PROCESSED', 'PAYMENT', '2013-04-28', 'TXFP2804201310', 912, NULL),
(1418, '2013-04-28 02:29:20', 'pradeepb', 0, 10000, NULL, NULL, NULL, NULL, NULL, NULL, 'DEDUCTION_PROCESSED', 'DEDUCT', '2013-04-28', 'TXFD280420135', 924, NULL),
(1422, '2013-04-28 02:31:08', 'pradeepb', 0, 8100, NULL, NULL, NULL, '2012-06-19 00:00:00', '154', 'CASH', 'PAYMENT_PROCESSED', 'PAYMENT', '2013-04-28', 'TXFP2804201311', 924, NULL),
(1425, '2013-04-28 02:32:31', 'pradeepb', 0, 10000, NULL, NULL, NULL, '2012-12-12 00:00:00', '825', 'CASH', 'PAYMENT_PROCESSED', 'PAYMENT', '2013-04-28', 'TXFP2804201312', 924, NULL),
(1429, '2013-04-28 02:37:55', 'pradeepb', 0, 13000, NULL, NULL, NULL, NULL, NULL, NULL, 'DEDUCTION_PROCESSED', 'DEDUCT', '2013-04-28', 'TXFD280420136', 936, NULL),
(1433, '2013-04-28 02:38:52', 'pradeepb', 0, 7100, NULL, NULL, NULL, '2012-07-06 00:00:00', '777', 'CASH', 'PAYMENT_PROCESSED', 'PAYMENT', '2013-04-28', 'TXFP2804201313', 936, NULL),
(1436, '2013-04-28 02:40:56', 'pradeepb', 0, 3000, NULL, NULL, NULL, '2012-11-09 00:00:00', '3000', 'CASH', 'PAYMENT_PROCESSED', 'PAYMENT', '2013-04-28', 'TXFP2804201314', 936, NULL),
(1440, '2013-04-29 01:25:08', 'pradeepb', 0, 13000, NULL, NULL, NULL, NULL, NULL, NULL, 'DEDUCTION_PROCESSED', 'DEDUCT', '2013-04-29', 'TXFD290420131', 294, NULL),
(1445, '2013-04-29 01:33:33', 'pradeepb', 0, 4000, NULL, NULL, NULL, '2012-07-11 00:00:00', '2022', 'CASH', 'PAYMENT_PROCESSED', 'PAYMENT', '2013-04-29', 'TXFP290420131', 294, NULL),
(1447, '2013-04-29 01:35:28', 'pradeepb', 0, 2100, NULL, NULL, NULL, '2012-03-20 00:00:00', '101', 'CASH', 'PAYMENT_PROCESSED', 'PAYMENT', '2013-04-29', 'TXFP290420132', 294, NULL),
(1450, '2013-04-29 01:48:42', 'pradeepb', 0, 6000, NULL, NULL, NULL, '2012-07-12 00:00:00', '2148', 'CASH', 'PAYMENT_PROCESSED', 'PAYMENT', '2013-04-29', 'TXFP290420133', 294, NULL),
(1453, '2013-04-29 01:55:16', 'pradeepb', 0, 3000, NULL, NULL, NULL, '2012-12-22 00:00:00', '902', 'CASH', 'PAYMENT_PROCESSED', 'PAYMENT', '2013-04-29', 'TXFP290420134', 294, NULL),
(1455, '2013-04-29 01:56:21', 'pradeepb', 0, 4000, NULL, NULL, NULL, '2013-01-07 00:00:00', '982', 'CASH', 'PAYMENT_PROCESSED', 'PAYMENT', '2013-04-29', 'TXFP290420135', 294, NULL),
(1458, '2013-04-29 01:59:58', 'pradeepb', 0, 10000, NULL, NULL, NULL, NULL, NULL, NULL, 'DEDUCTION_PROCESSED', 'DEDUCT', '2013-04-29', 'TXFD290420132', 948, NULL),
(1462, '2013-04-29 02:32:33', 'pradeepb', 0, 1100, NULL, NULL, NULL, '2012-06-03 00:00:00', '130', 'CASH', 'PAYMENT_PROCESSED', 'PAYMENT', '2013-04-29', 'TXFP290420136', 948, NULL),
(1465, '2013-04-29 02:33:46', 'pradeepb', 0, 6000, NULL, NULL, NULL, '2012-10-15 00:00:00', '364', 'CASH', 'PAYMENT_PROCESSED', 'PAYMENT', '2013-04-29', 'TXFP290420137', 948, NULL),
(1467, '2013-04-29 02:47:11', 'pradeepb', 0, 4000, NULL, NULL, NULL, '2012-12-13 00:00:00', '847', 'CASH', 'PAYMENT_PROCESSED', 'PAYMENT', '2013-04-29', 'TXFP290420138', 948, NULL),
(1470, '2013-04-29 02:49:48', 'pradeepb', 0, 10000, NULL, NULL, NULL, NULL, NULL, NULL, 'DEDUCTION_PROCESSED', 'DEDUCT', '2013-04-29', 'TXFD290420133', 1167, NULL),
(1474, '2013-04-29 02:52:48', 'pradeepb', 0, 1000, NULL, NULL, NULL, '2012-04-24 00:00:00', 'NA', 'CASH', 'PAYMENT_PROCESSED', 'PAYMENT', '2013-04-29', 'TXFP290420139', 1167, NULL),
(1477, '2013-04-29 02:53:44', 'pradeepb', 0, 5000, NULL, NULL, NULL, '2012-12-26 00:00:00', '932', 'CASH', 'PAYMENT_PROCESSED', 'PAYMENT', '2013-04-29', 'TXFP2904201310', 1167, NULL),
(1479, '2013-04-29 06:52:13', 'pradeepb', 0, 4100, NULL, NULL, NULL, '2013-03-01 00:00:00', '1346', 'CASH', 'PAYMENT_PROCESSED', 'PAYMENT', '2013-04-29', 'TXFP2904201311', 1167, NULL),
(1482, '2013-04-29 06:55:00', 'pradeepb', 0, 14000, NULL, NULL, NULL, NULL, NULL, NULL, 'DEDUCTION_PROCESSED', 'DEDUCT', '2013-04-29', 'TXFD290420134', 1180, NULL),
(1486, '2013-04-29 06:56:58', 'pradeepb', 0, 1100, NULL, NULL, NULL, '2013-05-14 00:00:00', '241', 'CASH', 'PAYMENT_PROCESSED', 'PAYMENT', '2013-04-29', 'TXFP2904201312', 1180, NULL),
(1489, '2013-04-29 06:57:51', 'pradeepb', 0, 5000, NULL, NULL, NULL, '2012-12-13 00:00:00', '851', 'CASH', 'PAYMENT_PROCESSED', 'PAYMENT', '2013-04-29', 'TXFP2904201313', 1180, NULL),
(1491, '2013-04-29 06:59:40', 'pradeepb', 0, 10000, NULL, NULL, NULL, NULL, NULL, NULL, 'DEDUCTION_PROCESSED', 'DEDUCT', '2013-04-29', 'TXFD290420135', 1210, NULL),
(1495, '2013-04-29 07:00:41', 'pradeepb', 0, 2100, NULL, NULL, NULL, '2012-05-17 00:00:00', '246', 'CASH', 'PAYMENT_PROCESSED', 'PAYMENT', '2013-04-29', 'TXFP2904201314', 1210, NULL),
(1498, '2013-04-29 07:02:47', 'pradeepb', 0, 8500, NULL, NULL, NULL, '2012-12-22 00:00:00', '897', 'CASH', 'PAYMENT_PROCESSED', 'PAYMENT', '2013-04-29', 'TXFP2904201315', 1210, NULL),
(1501, '2013-04-29 07:07:00', 'pradeepb', 0, 3000, NULL, NULL, NULL, NULL, NULL, NULL, 'DEDUCTION_PROCESSED', 'DEDUCT', '2013-04-29', 'TXFD290420136', 1197, NULL),
(1505, '2013-04-29 07:08:36', 'pradeepb', 0, 2100, NULL, NULL, NULL, '2012-06-02 00:00:00', '77695', 'CASH', 'PAYMENT_PROCESSED', 'PAYMENT', '2013-04-29', 'TXFP2904201316', 1197, NULL),
(1508, '2013-04-29 07:10:00', 'pradeepb', 0, 6000, NULL, NULL, NULL, '2012-07-09 00:00:00', '2111', 'CASH', 'PAYMENT_PROCESSED', 'PAYMENT', '2013-04-29', 'TXFP2904201317', 1197, NULL),
(1510, '2013-04-29 07:11:14', 'pradeepb', 0, 5000, NULL, NULL, NULL, '2012-11-09 00:00:00', '524', 'CASH', 'PAYMENT_PROCESSED', 'PAYMENT', '2013-04-29', 'TXFP2904201318', 1197, NULL),
(1513, '2013-04-29 07:12:56', 'pradeepb', 0, 7000, NULL, NULL, NULL, '2012-12-26 00:00:00', '925', 'CASH', 'PAYMENT_PROCESSED', 'PAYMENT', '2013-04-29', 'TXFP2904201319', 1197, NULL),
(1516, '2013-04-29 07:17:44', 'pradeepb', 0, 11000, NULL, NULL, NULL, NULL, NULL, NULL, 'DEDUCTION_PROCESSED', 'DEDUCT', '2013-04-29', 'TXFD290420137', 1223, NULL),
(1520, '2013-04-29 07:18:42', 'pradeepb', 0, 1100, NULL, NULL, NULL, '2012-06-06 00:00:00', '1750', 'CASH', 'PAYMENT_PROCESSED', 'PAYMENT', '2013-04-29', 'TXFP2904201320', 1223, NULL),
(1523, '2013-04-29 07:20:59', 'pradeepb', 0, 4000, NULL, NULL, NULL, '2012-07-10 00:00:00', '2014', 'CASH', 'PAYMENT_PROCESSED', 'PAYMENT', '2013-04-29', 'TXFP2904201321', 1223, NULL),
(1525, '2013-04-29 07:21:50', 'pradeepb', 0, 6000, NULL, NULL, NULL, '2012-09-28 00:00:00', '263', 'CASH', 'PAYMENT_PROCESSED', 'PAYMENT', '2013-04-29', 'TXFP2904201322', 1223, NULL),
(1527, '2013-04-29 07:23:01', 'pradeepb', 0, 4000, NULL, NULL, NULL, '2012-12-10 00:00:00', '794', 'CASH', 'PAYMENT_PROCESSED', 'PAYMENT', '2013-04-29', 'TXFP2904201323', 1223, NULL),
(1530, '2013-04-29 07:49:28', 'pradeepb', 0, 8000, NULL, NULL, NULL, NULL, NULL, NULL, 'DEDUCTION_PROCESSED', 'DEDUCT', '2013-04-29', 'TXFD290420138', 1236, NULL),
(1534, '2013-04-29 07:50:27', 'pradeepb', 0, 2100, NULL, NULL, NULL, '2012-05-26 00:00:00', '286', 'CASH', 'PAYMENT_PROCESSED', 'PAYMENT', '2013-04-29', 'TXFP2904201324', 1236, NULL),
(1537, '2013-04-29 07:52:40', 'pradeepb', 0, 10000, NULL, NULL, NULL, '2012-11-10 00:00:00', '607', 'CASH', 'PAYMENT_PROCESSED', 'PAYMENT', '2013-04-29', 'TXFP2904201325', 1236, NULL),
(1541, '2013-04-30 00:38:11', 'pradeepb', 0, 8000, NULL, NULL, NULL, NULL, NULL, NULL, 'DEDUCTION_PROCESSED', 'DEDUCT', '2013-04-30', 'TXFD300420131', 1249, NULL),
(1546, '2013-04-30 00:39:05', 'pradeepb', 0, 2100, NULL, NULL, NULL, '2012-02-21 00:00:00', '77653', 'CASH', 'PAYMENT_PROCESSED', 'PAYMENT', '2013-04-30', 'TXFP300420131', 1249, NULL),
(1549, '2013-04-30 00:48:20', 'pradeepb', 0, 4000, NULL, NULL, NULL, '2012-07-09 00:00:00', '2005', 'CASH', 'PAYMENT_PROCESSED', 'PAYMENT', '2013-04-30', 'TXFP300420132', 1249, NULL),
(1551, '2013-04-30 00:49:20', 'pradeepb', 0, 5000, NULL, NULL, NULL, '2012-10-18 00:00:00', '382', 'CASH', 'PAYMENT_PROCESSED', 'PAYMENT', '2013-04-30', 'TXFP300420133', 1249, NULL),
(1553, '2013-04-30 00:49:59', 'pradeepb', 0, 5000, NULL, NULL, NULL, '2012-12-12 00:00:00', '819', 'CASH', 'PAYMENT_PROCESSED', 'PAYMENT', '2013-04-30', 'TXFP300420134', 1249, NULL),
(1556, '2013-04-30 00:50:37', 'pradeepb', 0, 3000, NULL, NULL, NULL, '2013-01-30 00:00:00', '1141', 'CASH', 'PAYMENT_PROCESSED', 'PAYMENT', '2013-04-30', 'TXFP300420135', 1249, NULL),
(1558, '2013-04-30 00:53:47', 'pradeepb', 0, 6000, NULL, NULL, NULL, NULL, NULL, NULL, 'DEDUCTION_PROCESSED', 'DEDUCT', '2013-04-30', 'TXFD300420132', 246, NULL),
(1562, '2013-04-30 00:54:41', 'pradeepb', 0, 2100, NULL, NULL, NULL, '2012-04-26 00:00:00', '216', 'CASH', 'PAYMENT_PROCESSED', 'PAYMENT', '2013-04-30', 'TXFP300420136', 246, NULL),
(1565, '2013-04-30 00:57:22', 'pradeepb', 0, 20000, NULL, NULL, NULL, '2012-06-14 00:00:00', '2407', 'CASH', 'PAYMENT_PROCESSED', 'PAYMENT', '2013-04-30', 'TXFP300420137', 246, NULL),
(1569, '2013-04-30 00:59:12', 'pradeepb', 0, 8000, NULL, NULL, NULL, NULL, NULL, NULL, 'DEDUCTION_PROCESSED', 'DEDUCT', '2013-04-30', 'TXFD300420133', 258, NULL),
(1573, '2013-04-30 01:00:47', 'pradeepb', 0, 2100, NULL, NULL, NULL, '2012-05-15 00:00:00', 'NA', 'CASH', 'PAYMENT_PROCESSED', 'PAYMENT', '2013-04-30', 'TXFP300420138', 258, NULL),
(1576, '2013-04-30 01:02:01', 'pradeepb', 0, 5000, NULL, NULL, NULL, '2012-10-08 00:00:00', '323', 'CASH', 'PAYMENT_PROCESSED', 'PAYMENT', '2013-04-30', 'TXFP300420139', 258, NULL),
(1578, '2013-04-30 01:02:48', 'pradeepb', 0, 5000, NULL, NULL, NULL, '2012-12-12 00:00:00', '822', 'CASH', 'PAYMENT_PROCESSED', 'PAYMENT', '2013-04-30', 'TXFP3004201310', 258, NULL),
(1581, '2013-04-30 01:04:13', 'pradeepb', 0, 8000, NULL, NULL, NULL, NULL, NULL, NULL, 'DEDUCTION_PROCESSED', 'DEDUCT', '2013-04-30', 'TXFD300420134', 282, NULL),
(1585, '2013-04-30 01:05:46', 'pradeepb', 0, 2100, NULL, NULL, NULL, '2012-06-07 00:00:00', '77688', 'CASH', 'PAYMENT_PROCESSED', 'PAYMENT', '2013-04-30', 'TXFP3004201311', 282, NULL),
(1588, '2013-04-30 01:08:15', 'pradeepb', 0, 8000, NULL, NULL, NULL, '2012-06-18 00:00:00', '2448', 'CASH', 'PAYMENT_PROCESSED', 'PAYMENT', '2013-04-30', 'TXFP3004201312', 282, NULL),
(1590, '2013-04-30 01:09:08', 'pradeepb', 0, 5000, NULL, NULL, NULL, '2012-11-09 00:00:00', '529', 'CASH', 'PAYMENT_PROCESSED', 'PAYMENT', '2013-04-30', 'TXFP3004201313', 282, NULL),
(1592, '2013-04-30 01:13:50', 'pradeepb', 0, 13000, NULL, NULL, NULL, NULL, NULL, NULL, 'DEDUCTION_PROCESSED', 'DEDUCT', '2013-04-30', 'TXFD300420135', 306, NULL),
(1596, '2013-04-30 01:15:36', 'pradeepb', 0, 100, NULL, NULL, NULL, '2013-01-30 00:00:00', '1140', 'CASH', 'PAYMENT_PROCESSED', 'PAYMENT', '2013-04-30', 'TXFP3004201314', 306, NULL),
(1598, '2013-04-30 01:16:33', 'pradeepb', 0, 4000, NULL, NULL, NULL, '2012-07-12 00:00:00', '2023', 'CASH', 'PAYMENT_PROCESSED', 'PAYMENT', '2013-04-30', 'TXFP3004201315', 306, NULL),
(1600, '2013-04-30 01:19:01', 'pradeepb', 0, 13000, NULL, NULL, NULL, '2012-07-12 00:00:00', '2138', 'CASH', 'PAYMENT_PROCESSED', 'PAYMENT', '2013-04-30', 'TXFP3004201316', 306, NULL),
(1604, '2013-04-30 01:20:19', 'pradeepb', 0, 10000, NULL, NULL, NULL, NULL, NULL, NULL, 'DEDUCTION_PROCESSED', 'DEDUCT', '2013-04-30', 'TXFD300420136', 558, NULL),
(1608, '2013-04-30 01:21:10', 'pradeepb', 0, 1100, NULL, NULL, NULL, '2012-06-01 00:00:00', '121', 'CASH', 'PAYMENT_PROCESSED', 'PAYMENT', '2013-04-30', 'TXFP3004201317', 558, NULL),
(1611, '2013-04-30 01:22:41', 'pradeepb', 0, 4000, NULL, NULL, NULL, '2012-09-10 00:00:00', '205', 'CASH', 'PAYMENT_PROCESSED', 'PAYMENT', '2013-04-30', 'TXFP3004201318', 558, NULL),
(1613, '2013-04-30 01:23:27', 'pradeepb', 0, 4000, NULL, NULL, NULL, '2012-11-09 00:00:00', '536', 'CASH', 'PAYMENT_PROCESSED', 'PAYMENT', '2013-04-30', 'TXFP3004201319', 558, NULL),
(1615, '2013-04-30 01:24:10', 'pradeepb', 0, 4000, NULL, NULL, NULL, '2012-12-11 00:00:00', '797', 'CASH', 'PAYMENT_PROCESSED', 'PAYMENT', '2013-04-30', 'TXFP3004201320', 558, NULL),
(1617, '2013-04-30 01:28:44', 'pradeepb', 0, 13000, NULL, NULL, NULL, NULL, NULL, NULL, 'DEDUCTION_PROCESSED', 'DEDUCT', '2013-04-30', 'TXFD300420137', 342, NULL),
(1621, '2013-04-30 01:31:25', 'pradeepb', 0, 1100, NULL, NULL, NULL, '2012-04-23 00:00:00', '407', 'CASH', 'PAYMENT_PROCESSED', 'PAYMENT', '2013-04-30', 'TXFP3004201321', 342, NULL),
(1624, '2013-04-30 01:32:56', 'pradeepb', 0, 4000, NULL, NULL, NULL, '2012-12-08 00:00:00', '777', 'CASH', 'PAYMENT_PROCESSED', 'PAYMENT', '2013-04-30', 'TXFP3004201322', 342, NULL),
(1626, '2013-04-30 01:34:53', 'pradeepb', 0, 12000, NULL, NULL, NULL, NULL, NULL, NULL, 'DEDUCTION_PROCESSED', 'DEDUCT', '2013-04-30', 'TXFD300420138', 354, NULL),
(1630, '2013-04-30 01:35:37', 'pradeepb', 0, 1100, NULL, NULL, NULL, '2012-04-28 00:00:00', '410', 'CASH', 'PAYMENT_PROCESSED', 'PAYMENT', '2013-04-30', 'TXFP3004201323', 354, NULL),
(1633, '2013-04-30 01:36:32', 'pradeepb', 0, 4000, NULL, NULL, NULL, '2012-11-11 00:00:00', '623', 'CASH', 'PAYMENT_PROCESSED', 'PAYMENT', '2013-04-30', 'TXFP3004201324', 354, NULL),
(1635, '2013-04-30 01:37:09', 'pradeepb', 0, 4000, NULL, NULL, NULL, '2012-12-11 00:00:00', '798', 'CASH', 'PAYMENT_PROCESSED', 'PAYMENT', '2013-04-30', 'TXFP3004201325', 354, NULL),
(1638, '2013-04-30 01:38:29', 'pradeepb', 0, 10000, NULL, NULL, NULL, NULL, NULL, NULL, 'DEDUCTION_PROCESSED', 'DEDUCT', '2013-04-30', 'TXFD300420139', 366, NULL),
(1642, '2013-04-30 01:39:29', 'pradeepb', 0, 1100, NULL, NULL, NULL, '2012-05-02 00:00:00', 'NA', 'CASH', 'PAYMENT_PROCESSED', 'PAYMENT', '2013-04-30', 'TXFP3004201326', 366, NULL),
(1645, '2013-04-30 01:40:05', 'pradeepb', 0, 4000, NULL, NULL, NULL, '2012-07-07 00:00:00', '658', 'CASH', 'PAYMENT_PROCESSED', 'PAYMENT', '2013-04-30', 'TXFP3004201327', 366, NULL),
(1647, '2013-04-30 01:41:09', 'pradeepb', 0, 6000, NULL, NULL, NULL, '2012-09-28 00:00:00', '262', 'CASH', 'PAYMENT_PROCESSED', 'PAYMENT', '2013-04-30', 'TXFP3004201328', 366, NULL),
(1649, '2013-04-30 01:42:32', 'pradeepb', 0, 7000, NULL, NULL, NULL, '2012-12-06 00:00:00', '761', 'CASH', 'PAYMENT_PROCESSED', 'PAYMENT', '2013-04-30', 'TXFP3004201329', 366, NULL),
(1653, '2013-04-30 02:15:50', 'pradeepb', 0, 13000, NULL, NULL, NULL, NULL, NULL, NULL, 'DEDUCTION_PROCESSED', 'DEDUCT', '2013-04-30', 'TXFD3004201310', 390, NULL),
(1657, '2013-04-30 02:16:57', 'pradeepb', 0, 100, NULL, NULL, NULL, '2013-02-02 00:00:00', '1168', 'CASH', 'PAYMENT_PROCESSED', 'PAYMENT', '2013-04-30', 'TXFP3004201330', 390, NULL),
(1659, '2013-04-30 02:18:05', 'pradeepb', 0, 4000, NULL, NULL, NULL, '2012-07-09 00:00:00', '2113', 'CASH', 'PAYMENT_PROCESSED', 'PAYMENT', '2013-04-30', 'TXFP3004201331', 390, NULL),
(1661, '2013-04-30 02:19:00', 'pradeepb', 0, 2500, NULL, NULL, NULL, '2012-10-04 00:00:00', '283', 'CASH', 'PAYMENT_PROCESSED', 'PAYMENT', '2013-04-30', 'TXFP3004201332', 390, NULL),
(1663, '2013-04-30 02:19:43', 'pradeepb', 0, 2000, NULL, NULL, NULL, '2012-10-29 00:00:00', '408', 'CASH', 'PAYMENT_PROCESSED', 'PAYMENT', '2013-04-30', 'TXFP3004201333', 390, NULL),
(1666, '2013-04-30 02:20:40', 'pradeepb', 0, 5500, NULL, NULL, NULL, '2013-01-03 00:00:00', '964', 'CASH', 'PAYMENT_PROCESSED', 'PAYMENT', '2013-04-30', 'TXFP3004201334', 390, NULL),
(1669, '2013-04-30 02:22:11', 'pradeepb', 0, 14000, NULL, NULL, NULL, NULL, NULL, NULL, 'DEDUCTION_PROCESSED', 'DEDUCT', '2013-04-30', 'TXFD3004201311', 642, NULL),
(1673, '2013-04-30 02:23:15', 'pradeepb', 0, 5100, NULL, NULL, NULL, '2012-06-07 00:00:00', '1613', 'CASH', 'PAYMENT_PROCESSED', 'PAYMENT', '2013-04-30', 'TXFP3004201335', 642, NULL),
(1676, '2013-04-30 02:38:55', 'pradeepb', 0, 12000, NULL, NULL, NULL, NULL, NULL, NULL, 'DEDUCTION_PROCESSED', 'DEDUCT', '2013-04-30', 'TXFD3004201312', 270, NULL),
(1680, '2013-04-30 02:39:52', 'pradeepb', 0, 2100, NULL, NULL, NULL, '2012-04-04 00:00:00', '102', 'CASH', 'PAYMENT_PROCESSED', 'PAYMENT', '2013-04-30', 'TXFP3004201336', 270, NULL),
(1683, '2013-04-30 02:40:29', 'pradeepb', 0, 5000, NULL, NULL, NULL, '2012-10-06 00:00:00', '305', 'CASH', 'PAYMENT_PROCESSED', 'PAYMENT', '2013-04-30', 'TXFP3004201337', 270, NULL),
(1685, '2013-04-30 02:41:00', 'pradeepb', 0, 4000, NULL, NULL, NULL, '2012-12-10 00:00:00', '791', 'CASH', 'PAYMENT_PROCESSED', 'PAYMENT', '2013-04-30', 'TXFP3004201338', 270, NULL),
(1688, '2013-04-30 02:42:52', 'pradeepb', 0, 13000, NULL, NULL, NULL, NULL, NULL, NULL, 'DEDUCTION_PROCESSED', 'DEDUCT', '2013-04-30', 'TXFD3004201313', 438, NULL),
(1692, '2013-04-30 02:47:22', 'pradeepb', 0, 100, NULL, NULL, NULL, '2012-05-26 00:00:00', '508', 'CASH', 'PAYMENT_PROCESSED', 'PAYMENT', '2013-04-30', 'TXFP3004201339', 438, NULL),
(1694, '2013-04-30 02:48:07', 'pradeepb', 1, 4000, NULL, NULL, NULL, '2012-07-18 00:00:00', '2038', 'CASH', 'TRANSACTOIN_CANCELLED', 'PAYMENT', '2013-04-30', 'TXFP3004201340', 438, NULL),
(1696, '2013-04-30 02:49:59', 'pradeepb', 1, 2000, NULL, NULL, NULL, '2012-08-06 00:00:00', '119', 'CASH', 'TRANSACTOIN_CANCELLED', 'PAYMENT', '2013-04-30', 'TXFP3004201341', 438, NULL),
(1698, '2013-04-30 02:50:47', 'pradeepb', 1, 2000, NULL, NULL, NULL, '2012-08-07 00:00:00', '125', 'CASH', 'TRANSACTOIN_CANCELLED', 'PAYMENT', '2013-04-30', 'TXFP3004201342', 438, NULL),
(1700, '2013-04-30 02:51:20', 'pradeepb', 1, 2000, NULL, NULL, NULL, '2012-09-28 00:00:00', '259', 'CASH', 'TRANSACTOIN_CANCELLED', 'PAYMENT', '2013-04-30', 'TXFP3004201343', 438, NULL),
(1702, '2013-04-30 02:52:21', 'pradeepb', 1, 4000, NULL, NULL, NULL, '2012-10-04 00:00:00', '285', 'CASH', 'TRANSACTOIN_CANCELLED', 'PAYMENT', '2013-04-30', 'TXFP3004201344', 438, NULL),
(1705, '2013-04-30 02:53:03', 'pradeepb', 1, 4000, NULL, NULL, NULL, '2012-11-10 00:00:00', '620', 'CASH', 'TRANSACTOIN_CANCELLED', 'PAYMENT', '2013-04-30', 'TXFP3004201345', 438, NULL),
(1708, '2013-04-30 03:21:25', 'pradeepb', 0, 4000, NULL, NULL, NULL, '2012-10-04 00:00:00', '285', 'CASH', 'PAYMENT_PROCESSED', 'PAYMENT', '2013-04-30', 'TXFP3004201346', 342, NULL),
(1711, '2013-04-30 03:25:09', 'pradeepb', 0, 4000, NULL, NULL, NULL, '2012-07-18 00:00:00', '2038', 'CASH', 'PAYMENT_PROCESSED', 'PAYMENT', '2013-04-30', 'TXFP3004201347', 438, NULL),
(1713, '2013-04-30 03:26:04', 'pradeepb', 0, 2000, NULL, NULL, NULL, '2012-08-06 00:00:00', '119', 'CASH', 'PAYMENT_PROCESSED', 'PAYMENT', '2013-04-30', 'TXFP3004201348', 438, NULL),
(1715, '2013-04-30 03:26:55', 'pradeepb', 0, 2000, NULL, NULL, NULL, '2012-08-07 00:00:00', '125', 'CASH', 'PAYMENT_PROCESSED', 'PAYMENT', '2013-04-30', 'TXFP3004201349', 438, NULL),
(1717, '2013-04-30 03:27:31', 'pradeepb', 0, 2000, NULL, NULL, NULL, '2012-09-28 00:00:00', '259', 'CASH', 'PAYMENT_PROCESSED', 'PAYMENT', '2013-04-30', 'TXFP3004201350', 438, NULL),
(1719, '2013-04-30 03:28:10', 'pradeepb', 0, 4000, NULL, NULL, NULL, '2012-11-10 00:00:00', '620', 'CASH', 'PAYMENT_PROCESSED', 'PAYMENT', '2013-04-30', 'TXFP3004201351', 438, NULL),
(1722, '2013-04-30 03:30:06', 'pradeepb', 0, 4000, NULL, NULL, NULL, '2012-08-06 00:00:00', '119', 'CASH', 'PAYMENT_PROCESSED', 'PAYMENT', '2013-04-30', 'TXFP3004201352', 438, NULL),
(1725, '2013-04-30 03:42:26', 'pradeepb', 0, 11000, NULL, NULL, NULL, NULL, NULL, NULL, 'DEDUCTION_PROCESSED', 'DEDUCT', '2013-04-30', 'TXFD3004201314', 450, NULL),
(1729, '2013-04-30 03:46:01', 'pradeepb', 0, 1100, NULL, NULL, NULL, '2012-05-25 00:00:00', 'NA', 'CASH', 'PAYMENT_PROCESSED', 'PAYMENT', '2013-04-30', 'TXFP3004201353', 450, NULL),
(1732, '2013-04-30 03:46:58', 'pradeepb', 0, 1000, NULL, NULL, NULL, '2012-09-28 00:00:00', '264', 'CASH', 'PAYMENT_PROCESSED', 'PAYMENT', '2013-04-30', 'TXFP3004201354', 450, NULL),
(1734, '2013-04-30 03:47:31', 'pradeepb', 0, 6000, NULL, NULL, NULL, '2012-10-28 00:00:00', '397', 'CASH', 'PAYMENT_PROCESSED', 'PAYMENT', '2013-04-30', 'TXFP3004201355', 450, NULL),
(1736, '2013-04-30 03:48:14', 'pradeepb', 0, 3000, NULL, NULL, NULL, '2012-12-11 00:00:00', '814', 'CASH', 'PAYMENT_PROCESSED', 'PAYMENT', '2013-04-30', 'TXFP3004201356', 450, NULL),
(1739, '2013-04-30 07:19:15', 'pradeepb', 0, 14000, NULL, NULL, NULL, NULL, NULL, NULL, 'DEDUCTION_PROCESSED', 'DEDUCT', '2013-04-30', 'TXFD3004201315', 330, NULL),
(1743, '2013-04-30 07:21:39', 'pradeepb', 0, 1100, NULL, NULL, NULL, '2012-04-19 00:00:00', '405', 'CASH', 'PAYMENT_PROCESSED', 'PAYMENT', '2013-04-30', 'TXFP3004201357', 330, NULL),
(1746, '2013-04-30 07:22:58', 'pradeepb', 0, 1000, NULL, NULL, NULL, '2012-10-03 00:00:00', '272', 'CASH', 'PAYMENT_PROCESSED', 'PAYMENT', '2013-04-30', 'TXFP3004201358', 330, NULL),
(1748, '2013-04-30 07:23:42', 'pradeepb', 0, 7000, NULL, NULL, NULL, '2012-10-10 00:00:00', '343', 'CASH', 'PAYMENT_PROCESSED', 'PAYMENT', '2013-04-30', 'TXFP3004201359', 330, NULL),
(1751, '2013-04-30 07:30:12', 'pradeepb', 0, 11000, NULL, NULL, NULL, NULL, NULL, NULL, 'DEDUCTION_PROCESSED', 'DEDUCT', '2013-04-30', 'TXFD3004201316', 462, NULL),
(1755, '2013-04-30 07:31:02', 'pradeepb', 0, 2100, NULL, NULL, NULL, '2012-05-31 00:00:00', '1721', 'CASH', 'PAYMENT_PROCESSED', 'PAYMENT', '2013-04-30', 'TXFP3004201360', 462, NULL),
(1758, '2013-04-30 07:32:21', 'pradeepb', 0, 4000, NULL, NULL, NULL, '2012-07-10 00:00:00', '2017', 'CASH', 'PAYMENT_PROCESSED', 'PAYMENT', '2013-04-30', 'TXFP3004201361', 462, NULL),
(1760, '2013-04-30 07:33:28', 'pradeepb', 0, 5000, NULL, NULL, NULL, '2012-07-10 00:00:00', '2122', 'CASH', 'PAYMENT_PROCESSED', 'PAYMENT', '2013-04-30', 'TXFP3004201362', 462, NULL),
(1762, '2013-04-30 07:34:56', 'pradeepb', 0, 5000, NULL, NULL, NULL, '2012-10-18 00:00:00', '386', 'CASH', 'PAYMENT_PROCESSED', 'PAYMENT', '2013-04-30', 'TXFP3004201363', 462, NULL),
(1765, '2013-04-30 07:35:47', 'pradeepb', 0, 5000, NULL, NULL, NULL, '2012-12-24 00:00:00', '921', 'CASH', 'PAYMENT_PROCESSED', 'PAYMENT', '2013-04-30', 'TXFP3004201364', 462, NULL);

-- --------------------------------------------------------

--
-- Table structure for table `STUDENT_FEE_TXN_DETAILS`
--

CREATE TABLE IF NOT EXISTS `STUDENT_FEE_TXN_DETAILS` (
  `ID` bigint(20) NOT NULL,
  `AUDIT_TIMESTAMP` datetime NOT NULL,
  `AUDIT_USER_NAME` varchar(255) NOT NULL,
  `VERSION` bigint(20) NOT NULL,
  `AMOUNT` double NOT NULL,
  `BRANCH_LEVEL_FEE_CATALOG_ID` bigint(20) DEFAULT NULL,
  `KLASS_LEVEL_FEE_CATALOG_ID` bigint(20) DEFAULT NULL,
  `STUDENT_FEE_ID` bigint(20) NOT NULL,
  `STUDENT_FEE_TXN_ID` bigint(20) NOT NULL,
  `STUDENT_LEVEL_FEE_CATALOG_ID` bigint(20) DEFAULT NULL,
  PRIMARY KEY (`ID`),
  KEY `FK1454D3B06391273E` (`KLASS_LEVEL_FEE_CATALOG_ID`),
  KEY `FK1454D3B0AF9F8FAD` (`STUDENT_FEE_TXN_ID`),
  KEY `FK1454D3B0345E3288` (`STUDENT_LEVEL_FEE_CATALOG_ID`),
  KEY `FK1454D3B0FE0F49B6` (`STUDENT_FEE_ID`),
  KEY `FK1454D3B0D2777EF4` (`BRANCH_LEVEL_FEE_CATALOG_ID`)
) ENGINE=MyISAM DEFAULT CHARSET=latin1;

--
-- Dumping data for table `STUDENT_FEE_TXN_DETAILS`
--

INSERT INTO `STUDENT_FEE_TXN_DETAILS` (`ID`, `AUDIT_TIMESTAMP`, `AUDIT_USER_NAME`, `VERSION`, `AMOUNT`, `BRANCH_LEVEL_FEE_CATALOG_ID`, `KLASS_LEVEL_FEE_CATALOG_ID`, `STUDENT_FEE_ID`, `STUDENT_FEE_TXN_ID`, `STUDENT_LEVEL_FEE_CATALOG_ID`) VALUES
(1144, '2013-04-21 04:19:06', 'pradeepb', 0, 5000, NULL, 972, 238, 1143, NULL),
(1145, '2013-04-21 04:19:06', 'pradeepb', 0, 2500, NULL, 973, 238, 1143, NULL),
(1146, '2013-04-21 04:19:06', 'pradeepb', 0, 2500, NULL, 974, 238, 1143, NULL),
(1149, '2013-04-21 04:20:59', 'pradeepb', 0, 100, 1000, NULL, 1001, 1148, NULL),
(1151, '2013-04-21 04:23:27', 'pradeepb', 0, 4000, 971, NULL, 237, 1150, NULL),
(1153, '2013-04-21 04:27:52', 'pradeepb', 0, 2000, NULL, 972, 238, 1152, NULL),
(1155, '2013-04-21 04:31:09', 'pradeepb', 0, 5000, NULL, 972, 238, 1154, NULL),
(1157, '2013-04-21 04:33:10', 'pradeepb', 0, 2000, NULL, 972, 238, 1156, NULL),
(1158, '2013-04-21 04:33:10', 'pradeepb', 0, 3000, NULL, 973, 238, 1156, NULL),
(1160, '2013-04-21 04:38:38', 'pradeepb', 0, 2000, NULL, 972, 238, 1159, NULL),
(1161, '2013-04-21 04:38:38', 'pradeepb', 0, 3000, NULL, 973, 238, 1159, NULL),
(1259, '2013-04-27 03:06:15', 'pradeepb', 0, 4000, 971, NULL, 609, 1258, NULL),
(1262, '2013-04-27 03:09:00', 'pradeepb', 0, 4000, NULL, 972, 610, 1261, NULL),
(1263, '2013-04-27 03:09:00', 'pradeepb', 0, 2000, NULL, 973, 610, 1261, NULL),
(1264, '2013-04-27 03:09:00', 'pradeepb', 0, 3000, NULL, 974, 610, 1261, NULL),
(1266, '2013-04-27 03:09:52', 'pradeepb', 0, 50, 1000, NULL, 1032, 1265, NULL),
(1268, '2013-04-27 03:11:17', 'pradeepb', 0, 100, 1000, NULL, 1032, 1267, NULL),
(1270, '2013-04-27 03:12:39', 'pradeepb', 0, 2000, NULL, 972, 610, 1269, NULL),
(1272, '2013-04-27 03:13:36', 'pradeepb', 0, 5000, NULL, 972, 610, 1271, NULL),
(1274, '2013-04-27 03:14:49', 'pradeepb', 0, 3000, NULL, 972, 610, 1273, NULL),
(1275, '2013-04-27 03:14:49', 'pradeepb', 0, 3000, NULL, 973, 610, 1273, NULL),
(1277, '2013-04-27 03:15:58', 'pradeepb', 0, 2000, NULL, 973, 610, 1276, NULL),
(1278, '2013-04-27 03:15:58', 'pradeepb', 0, 4000, NULL, 974, 610, 1276, NULL),
(1280, '2013-04-27 03:18:20', 'pradeepb', 0, 4000, 971, NULL, 621, 1279, NULL),
(1282, '2013-04-27 03:21:24', 'pradeepb', 0, 100, 1000, NULL, 1033, 1281, NULL),
(1284, '2013-04-27 03:23:09', 'pradeepb', 0, 5000, NULL, 972, 622, 1283, NULL),
(1285, '2013-04-27 03:23:09', 'pradeepb', 0, 3000, NULL, 973, 622, 1283, NULL),
(1286, '2013-04-27 03:23:09', 'pradeepb', 0, 3000, NULL, 974, 622, 1283, NULL),
(1288, '2013-04-27 03:24:43', 'pradeepb', 0, 1000, NULL, 972, 622, 1287, NULL),
(1290, '2013-04-27 03:25:32', 'pradeepb', 0, 5000, NULL, 972, 622, 1289, NULL),
(1292, '2013-04-27 03:26:26', 'pradeepb', 0, 3000, NULL, 972, 622, 1291, NULL),
(1293, '2013-04-27 03:26:26', 'pradeepb', 0, 2000, NULL, 973, 622, 1291, NULL),
(1295, '2013-04-27 03:27:24', 'pradeepb', 0, 2000, NULL, 973, 622, 1294, NULL),
(1296, '2013-04-27 03:27:24', 'pradeepb', 0, 4000, NULL, 974, 622, 1294, NULL),
(1298, '2013-04-27 03:29:47', 'pradeepb', 0, 100, 1000, NULL, 1034, 1297, NULL),
(1299, '2013-04-27 03:29:47', 'pradeepb', 0, 500, NULL, 972, 634, 1297, NULL),
(1301, '2013-04-27 03:31:02', 'pradeepb', 0, 8000, NULL, 972, 634, 1300, NULL),
(1302, '2013-04-27 03:31:02', 'pradeepb', 0, 4000, NULL, 973, 634, 1300, NULL),
(1303, '2013-04-27 03:31:02', 'pradeepb', 0, 4000, NULL, 974, 634, 1300, NULL),
(1305, '2013-04-27 03:31:53', 'pradeepb', 0, 3000, NULL, 972, 634, 1304, NULL),
(1307, '2013-04-27 03:32:58', 'pradeepb', 0, 2500, NULL, 972, 634, 1306, NULL),
(1308, '2013-04-27 03:32:58', 'pradeepb', 0, 3000, NULL, 973, 634, 1306, NULL),
(1309, '2013-04-27 03:32:58', 'pradeepb', 0, 1500, NULL, 974, 634, 1306, NULL),
(1311, '2013-04-27 03:35:19', 'pradeepb', 0, 7000, NULL, 972, 844, 1310, NULL),
(1312, '2013-04-27 03:35:19', 'pradeepb', 0, 3000, NULL, 973, 844, 1310, NULL),
(1313, '2013-04-27 03:35:19', 'pradeepb', 0, 4000, NULL, 974, 844, 1310, NULL),
(1315, '2013-04-27 03:38:07', 'pradeepb', 0, 100, 1000, NULL, 1038, 1314, NULL),
(1316, '2013-04-27 03:38:07', 'pradeepb', 0, 2000, 971, NULL, 843, 1314, NULL),
(1318, '2013-04-27 03:39:17', 'pradeepb', 0, 7000, NULL, 972, 844, 1317, NULL),
(1319, '2013-04-27 03:39:17', 'pradeepb', 0, 1000, NULL, 973, 844, 1317, NULL),
(1321, '2013-04-27 03:39:54', 'pradeepb', 0, 3000, NULL, 973, 844, 1320, NULL),
(1322, '2013-04-27 03:39:54', 'pradeepb', 0, 1000, NULL, 974, 844, 1320, NULL),
(1324, '2013-04-27 03:42:44', 'pradeepb', 0, 6000, NULL, 972, 658, 1323, NULL),
(1325, '2013-04-27 03:42:44', 'pradeepb', 0, 3000, NULL, 973, 658, 1323, NULL),
(1326, '2013-04-27 03:42:44', 'pradeepb', 0, 3000, NULL, 974, 658, 1323, NULL),
(1328, '2013-04-27 03:44:35', 'pradeepb', 0, 1000, NULL, 972, 658, 1327, NULL),
(1329, '2013-04-27 03:44:35', 'pradeepb', 0, 100, 1000, NULL, 1036, 1327, NULL),
(1331, '2013-04-27 03:45:34', 'pradeepb', 0, 6000, NULL, 972, 658, 1330, NULL),
(1333, '2013-04-27 03:46:12', 'pradeepb', 0, 3000, NULL, 973, 658, 1332, NULL),
(1335, '2013-04-27 03:49:08', 'pradeepb', 0, 7000, NULL, 972, 670, 1334, NULL),
(1336, '2013-04-27 03:49:08', 'pradeepb', 0, 3000, NULL, 973, 670, 1334, NULL),
(1337, '2013-04-27 03:49:08', 'pradeepb', 0, 4000, NULL, 974, 670, 1334, NULL),
(1339, '2013-04-27 03:49:57', 'pradeepb', 0, 1000, NULL, 972, 670, 1338, NULL),
(1340, '2013-04-27 03:49:57', 'pradeepb', 0, 100, 1000, NULL, 1037, 1338, NULL),
(1342, '2013-04-27 03:50:54', 'pradeepb', 0, 4000, 971, NULL, 669, 1341, NULL),
(1344, '2013-04-27 03:52:06', 'pradeepb', 0, 6000, NULL, 972, 670, 1343, NULL),
(1346, '2013-04-27 03:52:59', 'pradeepb', 0, 4000, NULL, 973, 670, 1345, NULL),
(1347, '2013-04-27 03:52:59', 'pradeepb', 0, 1000, NULL, 974, 670, 1345, NULL),
(1349, '2013-04-27 03:53:43', 'pradeepb', 0, 2000, NULL, 974, 670, 1348, NULL),
(1351, '2013-04-27 03:56:38', 'pradeepb', 0, 6000, NULL, 972, 860, 1350, NULL),
(1352, '2013-04-27 03:56:38', 'pradeepb', 0, 4000, NULL, 973, 860, 1350, NULL),
(1353, '2013-04-27 03:56:38', 'pradeepb', 0, 2000, NULL, 974, 860, 1350, NULL),
(1355, '2013-04-27 03:59:38', 'pradeepb', 0, 100, 1000, NULL, 1039, 1354, NULL),
(1356, '2013-04-27 03:59:38', 'pradeepb', 0, 2000, NULL, 972, 860, 1354, NULL),
(1358, '2013-04-27 04:00:41', 'pradeepb', 0, 3000, NULL, 972, 860, 1357, NULL),
(1360, '2013-04-27 04:02:00', 'pradeepb', 0, 3000, NULL, 972, 860, 1359, NULL),
(1361, '2013-04-27 04:02:00', 'pradeepb', 0, 1000, NULL, 973, 860, 1359, NULL),
(1363, '2013-04-27 04:02:51', 'pradeepb', 0, 2000, NULL, 973, 860, 1362, NULL),
(1373, '2013-04-28 01:15:14', 'pradeepb', 0, 5500, NULL, 972, 872, 1372, NULL),
(1374, '2013-04-28 01:15:14', 'pradeepb', 0, 3000, NULL, 973, 872, 1372, NULL),
(1375, '2013-04-28 01:15:14', 'pradeepb', 0, 2500, NULL, 974, 872, 1372, NULL),
(1378, '2013-04-28 01:19:01', 'pradeepb', 0, 100, 1000, NULL, 1040, 1377, NULL),
(1379, '2013-04-28 01:19:01', 'pradeepb', 0, 2000, NULL, 972, 872, 1377, NULL),
(1381, '2013-04-28 01:20:09', 'pradeepb', 0, 5000, NULL, 972, 872, 1380, NULL),
(1383, '2013-04-28 01:21:23', 'pradeepb', 0, 1500, NULL, 972, 872, 1382, NULL),
(1384, '2013-04-28 01:21:23', 'pradeepb', 0, 2500, NULL, 973, 872, 1382, NULL),
(1386, '2013-04-28 01:28:18', 'pradeepb', 0, 3500, NULL, 972, 884, 1385, NULL),
(1387, '2013-04-28 01:28:18', 'pradeepb', 0, 1500, NULL, 973, 884, 1385, NULL),
(1388, '2013-04-28 01:28:18', 'pradeepb', 0, 2000, NULL, 974, 884, 1385, NULL),
(1390, '2013-04-28 01:30:28', 'pradeepb', 0, 100, 1000, NULL, 1041, 1389, NULL),
(1391, '2013-04-28 01:30:28', 'pradeepb', 0, 2000, NULL, 972, 884, 1389, NULL),
(1393, '2013-04-28 01:31:40', 'pradeepb', 0, 4000, NULL, 972, 884, 1392, NULL),
(1395, '2013-04-28 01:33:05', 'pradeepb', 0, 4500, NULL, 972, 884, 1394, NULL),
(1396, '2013-04-28 01:33:05', 'pradeepb', 0, 2500, NULL, 973, 884, 1394, NULL),
(1398, '2013-04-28 01:54:16', 'pradeepb', 0, 4000, NULL, 972, 896, 1397, NULL),
(1399, '2013-04-28 01:54:16', 'pradeepb', 0, 2000, NULL, 973, 896, 1397, NULL),
(1400, '2013-04-28 01:54:16', 'pradeepb', 0, 2000, NULL, 974, 896, 1397, NULL),
(1402, '2013-04-28 01:55:31', 'pradeepb', 0, 100, 1000, NULL, 1042, 1401, NULL),
(1403, '2013-04-28 01:55:31', 'pradeepb', 0, 1000, NULL, 972, 896, 1401, NULL),
(1405, '2013-04-28 01:56:25', 'pradeepb', 0, 9000, NULL, 972, 896, 1404, NULL),
(1406, '2013-04-28 01:56:25', 'pradeepb', 0, 1000, NULL, 973, 896, 1404, NULL),
(1408, '2013-04-28 01:58:28', 'pradeepb', 0, 5000, NULL, 972, 916, 1407, NULL),
(1409, '2013-04-28 01:58:28', 'pradeepb', 0, 2500, NULL, 973, 916, 1407, NULL),
(1410, '2013-04-28 01:58:28', 'pradeepb', 0, 2500, NULL, 974, 916, 1407, NULL),
(1412, '2013-04-28 02:00:17', 'pradeepb', 0, 8000, NULL, 972, 916, 1411, NULL),
(1413, '2013-04-28 02:00:17', 'pradeepb', 0, 100, 1000, NULL, 1043, 1411, NULL),
(1415, '2013-04-28 02:25:47', 'pradeepb', 0, 1000, NULL, 972, 916, 1414, NULL),
(1416, '2013-04-28 02:25:47', 'pradeepb', 0, 4500, NULL, 973, 916, 1414, NULL),
(1417, '2013-04-28 02:25:47', 'pradeepb', 0, 4500, NULL, 974, 916, 1414, NULL),
(1419, '2013-04-28 02:29:20', 'pradeepb', 0, 5000, NULL, 972, 928, 1418, NULL),
(1420, '2013-04-28 02:29:20', 'pradeepb', 0, 2500, NULL, 973, 928, 1418, NULL),
(1421, '2013-04-28 02:29:20', 'pradeepb', 0, 2500, NULL, 974, 928, 1418, NULL),
(1423, '2013-04-28 02:31:08', 'pradeepb', 0, 8000, NULL, 972, 928, 1422, NULL),
(1424, '2013-04-28 02:31:08', 'pradeepb', 0, 100, 1000, NULL, 1044, 1422, NULL),
(1426, '2013-04-28 02:32:31', 'pradeepb', 0, 1000, NULL, 972, 928, 1425, NULL),
(1427, '2013-04-28 02:32:31', 'pradeepb', 0, 4500, NULL, 973, 928, 1425, NULL),
(1428, '2013-04-28 02:32:31', 'pradeepb', 0, 4500, NULL, 974, 928, 1425, NULL),
(1430, '2013-04-28 02:37:55', 'pradeepb', 0, 6500, NULL, 972, 940, 1429, NULL),
(1431, '2013-04-28 02:37:55', 'pradeepb', 0, 2500, NULL, 973, 940, 1429, NULL),
(1432, '2013-04-28 02:37:55', 'pradeepb', 0, 4000, NULL, 974, 940, 1429, NULL),
(1434, '2013-04-28 02:38:52', 'pradeepb', 0, 7000, NULL, 972, 940, 1433, NULL),
(1435, '2013-04-28 02:38:52', 'pradeepb', 0, 100, 1000, NULL, 1045, 1433, NULL),
(1437, '2013-04-28 02:40:56', 'pradeepb', 0, 500, NULL, 972, 940, 1436, NULL),
(1438, '2013-04-28 02:40:56', 'pradeepb', 0, 2500, NULL, 973, 940, 1436, NULL),
(1441, '2013-04-29 01:25:08', 'pradeepb', 0, 6500, NULL, 972, 298, 1440, NULL),
(1442, '2013-04-29 01:25:08', 'pradeepb', 0, 3000, NULL, 973, 298, 1440, NULL),
(1443, '2013-04-29 01:25:08', 'pradeepb', 0, 3500, NULL, 974, 298, 1440, NULL),
(1446, '2013-04-29 01:33:33', 'pradeepb', 0, 4000, 971, NULL, 297, 1445, NULL),
(1448, '2013-04-29 01:35:28', 'pradeepb', 0, 2000, NULL, 972, 298, 1447, NULL),
(1449, '2013-04-29 01:35:28', 'pradeepb', 0, 100, 1000, NULL, 1006, 1447, NULL),
(1451, '2013-04-29 01:48:42', 'pradeepb', 0, 5500, NULL, 972, 298, 1450, NULL),
(1452, '2013-04-29 01:48:42', 'pradeepb', 0, 500, NULL, 973, 298, 1450, NULL),
(1454, '2013-04-29 01:55:16', 'pradeepb', 0, 3000, NULL, 973, 298, 1453, NULL),
(1456, '2013-04-29 01:56:21', 'pradeepb', 0, 500, NULL, 973, 298, 1455, NULL),
(1457, '2013-04-29 01:56:21', 'pradeepb', 0, 3500, NULL, 974, 298, 1455, NULL),
(1459, '2013-04-29 01:59:58', 'pradeepb', 0, 5000, NULL, 972, 952, 1458, NULL),
(1460, '2013-04-29 01:59:58', 'pradeepb', 0, 2500, NULL, 973, 952, 1458, NULL),
(1461, '2013-04-29 01:59:58', 'pradeepb', 0, 2500, NULL, 974, 952, 1458, NULL),
(1463, '2013-04-29 02:32:33', 'pradeepb', 0, 1000, NULL, 972, 952, 1462, NULL),
(1464, '2013-04-29 02:32:33', 'pradeepb', 0, 100, 1000, NULL, 1046, 1462, NULL),
(1466, '2013-04-29 02:33:46', 'pradeepb', 0, 6000, NULL, 972, 952, 1465, NULL),
(1468, '2013-04-29 02:47:11', 'pradeepb', 0, 2000, NULL, 972, 952, 1467, NULL),
(1469, '2013-04-29 02:47:11', 'pradeepb', 0, 2000, NULL, 973, 952, 1467, NULL),
(1471, '2013-04-29 02:49:48', 'pradeepb', 0, 5000, NULL, 972, 1172, 1470, NULL),
(1472, '2013-04-29 02:49:48', 'pradeepb', 0, 2500, NULL, 973, 1172, 1470, NULL),
(1473, '2013-04-29 02:49:48', 'pradeepb', 0, 2500, NULL, 974, 1172, 1470, NULL),
(1475, '2013-04-29 02:52:48', 'pradeepb', 0, 100, 1000, NULL, 1171, 1474, NULL),
(1476, '2013-04-29 02:52:48', 'pradeepb', 0, 900, NULL, 972, 1172, 1474, NULL),
(1478, '2013-04-29 02:53:44', 'pradeepb', 0, 5000, NULL, 972, 1172, 1477, NULL),
(1480, '2013-04-29 06:52:13', 'pradeepb', 0, 3100, NULL, 972, 1172, 1479, NULL),
(1481, '2013-04-29 06:52:13', 'pradeepb', 0, 1000, NULL, 973, 1172, 1479, NULL),
(1483, '2013-04-29 06:55:00', 'pradeepb', 0, 7000, NULL, 972, 1185, 1482, NULL),
(1484, '2013-04-29 06:55:00', 'pradeepb', 0, 3500, NULL, 973, 1185, 1482, NULL),
(1485, '2013-04-29 06:55:00', 'pradeepb', 0, 3500, NULL, 974, 1185, 1482, NULL),
(1487, '2013-04-29 06:56:58', 'pradeepb', 0, 100, 1000, NULL, 1184, 1486, NULL),
(1488, '2013-04-29 06:56:58', 'pradeepb', 0, 1000, NULL, 972, 1185, 1486, NULL),
(1490, '2013-04-29 06:57:51', 'pradeepb', 0, 5000, NULL, 972, 1185, 1489, NULL),
(1492, '2013-04-29 06:59:40', 'pradeepb', 0, 5000, NULL, 972, 1215, 1491, NULL),
(1493, '2013-04-29 06:59:40', 'pradeepb', 0, 2500, NULL, 973, 1215, 1491, NULL),
(1494, '2013-04-29 06:59:40', 'pradeepb', 0, 2500, NULL, 974, 1215, 1491, NULL),
(1496, '2013-04-29 07:00:41', 'pradeepb', 0, 100, 1000, NULL, 1214, 1495, NULL),
(1497, '2013-04-29 07:00:41', 'pradeepb', 0, 2000, NULL, 972, 1215, 1495, NULL),
(1499, '2013-04-29 07:02:47', 'pradeepb', 0, 7000, NULL, 972, 1215, 1498, NULL),
(1500, '2013-04-29 07:02:47', 'pradeepb', 0, 1500, NULL, 973, 1215, 1498, NULL),
(1502, '2013-04-29 07:07:00', 'pradeepb', 0, 1500, NULL, 972, 1202, 1501, NULL),
(1503, '2013-04-29 07:07:00', 'pradeepb', 0, 500, NULL, 973, 1202, 1501, NULL),
(1504, '2013-04-29 07:07:00', 'pradeepb', 0, 1000, NULL, 974, 1202, 1501, NULL),
(1506, '2013-04-29 07:08:36', 'pradeepb', 0, 100, 1000, NULL, 1201, 1505, NULL),
(1507, '2013-04-29 07:08:36', 'pradeepb', 0, 2000, NULL, 972, 1202, 1505, NULL),
(1509, '2013-04-29 07:10:00', 'pradeepb', 0, 6000, NULL, 972, 1202, 1508, NULL),
(1511, '2013-04-29 07:11:14', 'pradeepb', 0, 4500, NULL, 972, 1202, 1510, NULL),
(1512, '2013-04-29 07:11:14', 'pradeepb', 0, 500, NULL, 973, 1202, 1510, NULL),
(1514, '2013-04-29 07:12:56', 'pradeepb', 0, 6000, NULL, 973, 1202, 1513, NULL),
(1515, '2013-04-29 07:12:56', 'pradeepb', 0, 1000, NULL, 974, 1202, 1513, NULL),
(1517, '2013-04-29 07:17:44', 'pradeepb', 0, 5500, NULL, 972, 1228, 1516, NULL),
(1518, '2013-04-29 07:17:44', 'pradeepb', 0, 2500, NULL, 973, 1228, 1516, NULL),
(1519, '2013-04-29 07:17:44', 'pradeepb', 0, 3000, NULL, 974, 1228, 1516, NULL),
(1521, '2013-04-29 07:18:42', 'pradeepb', 0, 100, 1000, NULL, 1227, 1520, NULL),
(1522, '2013-04-29 07:18:42', 'pradeepb', 0, 1000, NULL, 972, 1228, 1520, NULL),
(1524, '2013-04-29 07:20:59', 'pradeepb', 0, 4000, 971, NULL, 1226, 1523, NULL),
(1526, '2013-04-29 07:21:50', 'pradeepb', 0, 6000, NULL, 972, 1228, 1525, NULL),
(1528, '2013-04-29 07:23:01', 'pradeepb', 0, 1500, NULL, 972, 1228, 1527, NULL),
(1529, '2013-04-29 07:23:01', 'pradeepb', 0, 2500, NULL, 973, 1228, 1527, NULL),
(1531, '2013-04-29 07:49:28', 'pradeepb', 0, 4000, NULL, 972, 1241, 1530, NULL),
(1532, '2013-04-29 07:49:28', 'pradeepb', 0, 2000, NULL, 973, 1241, 1530, NULL),
(1533, '2013-04-29 07:49:28', 'pradeepb', 0, 2000, NULL, 974, 1241, 1530, NULL),
(1535, '2013-04-29 07:50:27', 'pradeepb', 0, 100, 1000, NULL, 1240, 1534, NULL),
(1536, '2013-04-29 07:50:27', 'pradeepb', 0, 2000, NULL, 972, 1241, 1534, NULL),
(1538, '2013-04-29 07:52:40', 'pradeepb', 0, 8000, NULL, 972, 1241, 1537, NULL),
(1539, '2013-04-29 07:52:40', 'pradeepb', 0, 2000, NULL, 973, 1241, 1537, NULL),
(1542, '2013-04-30 00:38:11', 'pradeepb', 0, 4000, NULL, 972, 1254, 1541, NULL),
(1543, '2013-04-30 00:38:11', 'pradeepb', 0, 2000, NULL, 973, 1254, 1541, NULL),
(1544, '2013-04-30 00:38:11', 'pradeepb', 0, 2000, NULL, 974, 1254, 1541, NULL),
(1547, '2013-04-30 00:39:05', 'pradeepb', 0, 100, 1000, NULL, 1253, 1546, NULL),
(1548, '2013-04-30 00:39:05', 'pradeepb', 0, 2000, NULL, 972, 1254, 1546, NULL),
(1550, '2013-04-30 00:48:20', 'pradeepb', 0, 4000, 971, NULL, 1252, 1549, NULL),
(1552, '2013-04-30 00:49:20', 'pradeepb', 0, 5000, NULL, 972, 1254, 1551, NULL),
(1554, '2013-04-30 00:49:59', 'pradeepb', 0, 3000, NULL, 972, 1254, 1553, NULL),
(1555, '2013-04-30 00:49:59', 'pradeepb', 0, 2000, NULL, 973, 1254, 1553, NULL),
(1557, '2013-04-30 00:50:37', 'pradeepb', 0, 3000, NULL, 973, 1254, 1556, NULL),
(1559, '2013-04-30 00:53:47', 'pradeepb', 0, 3000, NULL, 972, 250, 1558, NULL),
(1560, '2013-04-30 00:53:47', 'pradeepb', 0, 1000, NULL, 973, 250, 1558, NULL),
(1561, '2013-04-30 00:53:47', 'pradeepb', 0, 2000, NULL, 974, 250, 1558, NULL),
(1563, '2013-04-30 00:54:41', 'pradeepb', 0, 2000, NULL, 972, 250, 1562, NULL),
(1564, '2013-04-30 00:54:41', 'pradeepb', 0, 100, 1000, NULL, 1002, 1562, NULL),
(1566, '2013-04-30 00:57:22', 'pradeepb', 0, 9000, NULL, 972, 250, 1565, NULL),
(1567, '2013-04-30 00:57:22', 'pradeepb', 0, 6000, NULL, 973, 250, 1565, NULL),
(1568, '2013-04-30 00:57:22', 'pradeepb', 0, 5000, NULL, 974, 250, 1565, NULL),
(1570, '2013-04-30 00:59:12', 'pradeepb', 0, 4000, NULL, 972, 262, 1569, NULL),
(1571, '2013-04-30 00:59:12', 'pradeepb', 0, 2000, NULL, 973, 262, 1569, NULL),
(1572, '2013-04-30 00:59:12', 'pradeepb', 0, 2000, NULL, 974, 262, 1569, NULL),
(1574, '2013-04-30 01:00:47', 'pradeepb', 0, 2000, NULL, 972, 262, 1573, NULL),
(1575, '2013-04-30 01:00:47', 'pradeepb', 0, 100, 1000, NULL, 1003, 1573, NULL),
(1577, '2013-04-30 01:02:01', 'pradeepb', 0, 5000, NULL, 972, 262, 1576, NULL),
(1579, '2013-04-30 01:02:48', 'pradeepb', 0, 3000, NULL, 972, 262, 1578, NULL),
(1580, '2013-04-30 01:02:48', 'pradeepb', 0, 2000, NULL, 973, 262, 1578, NULL),
(1582, '2013-04-30 01:04:13', 'pradeepb', 0, 4000, NULL, 972, 286, 1581, NULL),
(1583, '2013-04-30 01:04:13', 'pradeepb', 0, 2000, NULL, 973, 286, 1581, NULL),
(1584, '2013-04-30 01:04:13', 'pradeepb', 0, 2000, NULL, 974, 286, 1581, NULL),
(1586, '2013-04-30 01:05:47', 'pradeepb', 0, 2000, NULL, 972, 286, 1585, NULL),
(1587, '2013-04-30 01:05:47', 'pradeepb', 0, 100, 1000, NULL, 1005, 1585, NULL),
(1589, '2013-04-30 01:08:15', 'pradeepb', 0, 8000, NULL, 972, 286, 1588, NULL),
(1591, '2013-04-30 01:09:09', 'pradeepb', 0, 5000, NULL, 973, 286, 1590, NULL),
(1593, '2013-04-30 01:13:50', 'pradeepb', 0, 6500, NULL, 972, 310, 1592, NULL),
(1594, '2013-04-30 01:13:50', 'pradeepb', 0, 2500, NULL, 973, 310, 1592, NULL),
(1595, '2013-04-30 01:13:50', 'pradeepb', 0, 4000, NULL, 974, 310, 1592, NULL),
(1597, '2013-04-30 01:15:36', 'pradeepb', 0, 100, 1000, NULL, 1007, 1596, NULL),
(1599, '2013-04-30 01:16:33', 'pradeepb', 0, 4000, 971, NULL, 309, 1598, NULL),
(1601, '2013-04-30 01:19:01', 'pradeepb', 0, 7500, NULL, 972, 310, 1600, NULL),
(1602, '2013-04-30 01:19:01', 'pradeepb', 0, 4500, NULL, 973, 310, 1600, NULL),
(1603, '2013-04-30 01:19:01', 'pradeepb', 0, 1000, NULL, 974, 310, 1600, NULL),
(1605, '2013-04-30 01:20:19', 'pradeepb', 0, 5000, NULL, 972, 562, 1604, NULL),
(1606, '2013-04-30 01:20:19', 'pradeepb', 0, 2500, NULL, 973, 562, 1604, NULL),
(1607, '2013-04-30 01:20:19', 'pradeepb', 0, 2500, NULL, 974, 562, 1604, NULL),
(1609, '2013-04-30 01:21:10', 'pradeepb', 0, 1000, NULL, 972, 562, 1608, NULL),
(1610, '2013-04-30 01:21:10', 'pradeepb', 0, 100, 1000, NULL, 1028, 1608, NULL),
(1612, '2013-04-30 01:22:41', 'pradeepb', 0, 4000, NULL, 972, 562, 1611, NULL),
(1614, '2013-04-30 01:23:27', 'pradeepb', 0, 4000, NULL, 972, 562, 1613, NULL),
(1616, '2013-04-30 01:24:10', 'pradeepb', 0, 4000, NULL, 973, 562, 1615, NULL),
(1618, '2013-04-30 01:28:44', 'pradeepb', 0, 6500, NULL, 972, 346, 1617, NULL),
(1619, '2013-04-30 01:28:44', 'pradeepb', 0, 2500, NULL, 973, 346, 1617, NULL),
(1620, '2013-04-30 01:28:44', 'pradeepb', 0, 4000, NULL, 974, 346, 1617, NULL),
(1622, '2013-04-30 01:31:25', 'pradeepb', 0, 1000, NULL, 972, 346, 1621, NULL),
(1623, '2013-04-30 01:31:25', 'pradeepb', 0, 100, 1000, NULL, 1010, 1621, NULL),
(1625, '2013-04-30 01:32:56', 'pradeepb', 0, 4000, NULL, 972, 346, 1624, NULL),
(1627, '2013-04-30 01:34:53', 'pradeepb', 0, 6000, NULL, 972, 358, 1626, NULL),
(1628, '2013-04-30 01:34:53', 'pradeepb', 0, 3000, NULL, 973, 358, 1626, NULL),
(1629, '2013-04-30 01:34:53', 'pradeepb', 0, 3000, NULL, 974, 358, 1626, NULL),
(1631, '2013-04-30 01:35:37', 'pradeepb', 0, 1000, NULL, 972, 358, 1630, NULL),
(1632, '2013-04-30 01:35:37', 'pradeepb', 0, 100, 1000, NULL, 1011, 1630, NULL),
(1634, '2013-04-30 01:36:32', 'pradeepb', 0, 4000, NULL, 972, 358, 1633, NULL),
(1636, '2013-04-30 01:37:09', 'pradeepb', 0, 3000, NULL, 972, 358, 1635, NULL),
(1637, '2013-04-30 01:37:09', 'pradeepb', 0, 1000, NULL, 973, 358, 1635, NULL),
(1639, '2013-04-30 01:38:30', 'pradeepb', 0, 5000, NULL, 972, 370, 1638, NULL),
(1640, '2013-04-30 01:38:30', 'pradeepb', 0, 2500, NULL, 973, 370, 1638, NULL),
(1641, '2013-04-30 01:38:30', 'pradeepb', 0, 2500, NULL, 974, 370, 1638, NULL),
(1643, '2013-04-30 01:39:29', 'pradeepb', 0, 1000, NULL, 972, 370, 1642, NULL),
(1644, '2013-04-30 01:39:29', 'pradeepb', 0, 100, 1000, NULL, 1012, 1642, NULL),
(1646, '2013-04-30 01:40:05', 'pradeepb', 0, 4000, 971, NULL, 369, 1645, NULL),
(1648, '2013-04-30 01:41:09', 'pradeepb', 0, 6000, NULL, 972, 370, 1647, NULL),
(1650, '2013-04-30 01:42:32', 'pradeepb', 0, 2000, NULL, 972, 370, 1649, NULL),
(1651, '2013-04-30 01:42:32', 'pradeepb', 0, 4500, NULL, 973, 370, 1649, NULL),
(1652, '2013-04-30 01:42:32', 'pradeepb', 0, 500, NULL, 974, 370, 1649, NULL),
(1654, '2013-04-30 02:15:50', 'pradeepb', 0, 6500, NULL, 972, 394, 1653, NULL),
(1655, '2013-04-30 02:15:50', 'pradeepb', 0, 3000, NULL, 973, 394, 1653, NULL),
(1656, '2013-04-30 02:15:50', 'pradeepb', 0, 3500, NULL, 974, 394, 1653, NULL),
(1658, '2013-04-30 02:16:57', 'pradeepb', 0, 100, 1000, NULL, 1014, 1657, NULL),
(1660, '2013-04-30 02:18:05', 'pradeepb', 0, 4000, NULL, 972, 394, 1659, NULL),
(1662, '2013-04-30 02:19:00', 'pradeepb', 0, 2500, NULL, 972, 394, 1661, NULL),
(1664, '2013-04-30 02:19:43', 'pradeepb', 0, 1000, NULL, 972, 394, 1663, NULL),
(1665, '2013-04-30 02:19:43', 'pradeepb', 0, 1000, NULL, 973, 394, 1663, NULL),
(1667, '2013-04-30 02:20:40', 'pradeepb', 0, 3000, NULL, 973, 394, 1666, NULL),
(1668, '2013-04-30 02:20:40', 'pradeepb', 0, 2500, NULL, 974, 394, 1666, NULL),
(1670, '2013-04-30 02:22:11', 'pradeepb', 0, 7000, NULL, 972, 646, 1669, NULL),
(1671, '2013-04-30 02:22:11', 'pradeepb', 0, 3500, NULL, 973, 646, 1669, NULL),
(1672, '2013-04-30 02:22:11', 'pradeepb', 0, 3500, NULL, 974, 646, 1669, NULL),
(1674, '2013-04-30 02:23:15', 'pradeepb', 0, 5000, NULL, 972, 646, 1673, NULL),
(1675, '2013-04-30 02:23:15', 'pradeepb', 0, 100, 1000, NULL, 1035, 1673, NULL),
(1677, '2013-04-30 02:38:55', 'pradeepb', 0, 6000, NULL, 972, 274, 1676, NULL),
(1678, '2013-04-30 02:38:55', 'pradeepb', 0, 3000, NULL, 973, 274, 1676, NULL),
(1679, '2013-04-30 02:38:55', 'pradeepb', 0, 3000, NULL, 974, 274, 1676, NULL),
(1681, '2013-04-30 02:39:52', 'pradeepb', 0, 2000, NULL, 972, 274, 1680, NULL),
(1682, '2013-04-30 02:39:52', 'pradeepb', 0, 100, 1000, NULL, 1004, 1680, NULL),
(1684, '2013-04-30 02:40:29', 'pradeepb', 0, 5000, NULL, 972, 274, 1683, NULL),
(1686, '2013-04-30 02:41:00', 'pradeepb', 0, 1000, NULL, 972, 274, 1685, NULL),
(1687, '2013-04-30 02:41:00', 'pradeepb', 0, 3000, NULL, 973, 274, 1685, NULL),
(1689, '2013-04-30 02:42:52', 'pradeepb', 0, 6500, NULL, 972, 442, 1688, NULL),
(1690, '2013-04-30 02:42:52', 'pradeepb', 0, 3000, NULL, 973, 442, 1688, NULL),
(1691, '2013-04-30 02:42:52', 'pradeepb', 0, 3500, NULL, 974, 442, 1688, NULL),
(1693, '2013-04-30 02:47:22', 'pradeepb', 0, 100, 1000, NULL, 1018, 1692, NULL),
(1695, '2013-04-30 02:48:07', 'pradeepb', 0, 4000, 971, NULL, 441, 1694, NULL),
(1697, '2013-04-30 02:49:59', 'pradeepb', 0, 2000, NULL, 972, 442, 1696, NULL),
(1699, '2013-04-30 02:50:47', 'pradeepb', 0, 2000, NULL, 972, 442, 1698, NULL),
(1701, '2013-04-30 02:51:20', 'pradeepb', 0, 2000, NULL, 972, 442, 1700, NULL),
(1703, '2013-04-30 02:52:22', 'pradeepb', 0, 1500, NULL, 972, 442, 1702, NULL),
(1704, '2013-04-30 02:52:22', 'pradeepb', 0, 2500, NULL, 973, 442, 1702, NULL),
(1706, '2013-04-30 02:53:03', 'pradeepb', 0, 1500, NULL, 973, 442, 1705, NULL),
(1707, '2013-04-30 02:53:03', 'pradeepb', 0, 2500, NULL, 974, 442, 1705, NULL),
(1709, '2013-04-30 03:21:25', 'pradeepb', 0, 2500, NULL, 972, 346, 1708, NULL),
(1710, '2013-04-30 03:21:25', 'pradeepb', 0, 1500, NULL, 973, 346, 1708, NULL),
(1712, '2013-04-30 03:25:09', 'pradeepb', 0, 4000, 971, NULL, 441, 1711, NULL),
(1714, '2013-04-30 03:26:04', 'pradeepb', 0, 2000, NULL, 972, 442, 1713, NULL),
(1716, '2013-04-30 03:26:55', 'pradeepb', 0, 2000, NULL, 972, 442, 1715, NULL),
(1718, '2013-04-30 03:27:31', 'pradeepb', 0, 2000, NULL, 972, 442, 1717, NULL),
(1720, '2013-04-30 03:28:10', 'pradeepb', 0, 1500, NULL, 972, 442, 1719, NULL),
(1721, '2013-04-30 03:28:10', 'pradeepb', 0, 2500, NULL, 973, 442, 1719, NULL),
(1723, '2013-04-30 03:30:06', 'pradeepb', 0, 1500, NULL, 973, 442, 1722, NULL),
(1724, '2013-04-30 03:30:06', 'pradeepb', 0, 2500, NULL, 974, 442, 1722, NULL),
(1726, '2013-04-30 03:42:26', 'pradeepb', 0, 5500, NULL, 972, 454, 1725, NULL),
(1727, '2013-04-30 03:42:26', 'pradeepb', 0, 2500, NULL, 973, 454, 1725, NULL),
(1728, '2013-04-30 03:42:26', 'pradeepb', 0, 3000, NULL, 974, 454, 1725, NULL),
(1730, '2013-04-30 03:46:01', 'pradeepb', 0, 100, 1000, NULL, 1019, 1729, NULL),
(1731, '2013-04-30 03:46:01', 'pradeepb', 0, 1000, NULL, 972, 454, 1729, NULL),
(1733, '2013-04-30 03:46:58', 'pradeepb', 0, 1000, NULL, 972, 454, 1732, NULL),
(1735, '2013-04-30 03:47:31', 'pradeepb', 0, 6000, NULL, 972, 454, 1734, NULL),
(1737, '2013-04-30 03:48:14', 'pradeepb', 0, 500, NULL, 972, 454, 1736, NULL),
(1738, '2013-04-30 03:48:14', 'pradeepb', 0, 2500, NULL, 973, 454, 1736, NULL),
(1740, '2013-04-30 07:19:15', 'pradeepb', 0, 7000, NULL, 972, 334, 1739, NULL),
(1741, '2013-04-30 07:19:15', 'pradeepb', 0, 3500, NULL, 973, 334, 1739, NULL),
(1742, '2013-04-30 07:19:15', 'pradeepb', 0, 3500, NULL, 974, 334, 1739, NULL),
(1744, '2013-04-30 07:21:39', 'pradeepb', 0, 1000, NULL, 972, 334, 1743, NULL),
(1745, '2013-04-30 07:21:39', 'pradeepb', 0, 100, 1000, NULL, 1009, 1743, NULL),
(1747, '2013-04-30 07:22:58', 'pradeepb', 0, 1000, NULL, 972, 334, 1746, NULL),
(1749, '2013-04-30 07:23:42', 'pradeepb', 0, 5000, NULL, 972, 334, 1748, NULL),
(1750, '2013-04-30 07:23:42', 'pradeepb', 0, 2000, NULL, 973, 334, 1748, NULL),
(1752, '2013-04-30 07:30:12', 'pradeepb', 0, 5500, NULL, 972, 466, 1751, NULL),
(1753, '2013-04-30 07:30:12', 'pradeepb', 0, 2500, NULL, 973, 466, 1751, NULL),
(1754, '2013-04-30 07:30:12', 'pradeepb', 0, 3000, NULL, 974, 466, 1751, NULL),
(1756, '2013-04-30 07:31:02', 'pradeepb', 0, 2000, NULL, 972, 466, 1755, NULL),
(1757, '2013-04-30 07:31:02', 'pradeepb', 0, 100, 1000, NULL, 1020, 1755, NULL),
(1759, '2013-04-30 07:32:21', 'pradeepb', 0, 4000, 971, NULL, 465, 1758, NULL),
(1761, '2013-04-30 07:33:28', 'pradeepb', 0, 5000, NULL, 972, 466, 1760, NULL),
(1763, '2013-04-30 07:34:56', 'pradeepb', 0, 1500, NULL, 972, 466, 1762, NULL),
(1764, '2013-04-30 07:34:56', 'pradeepb', 0, 3500, NULL, 973, 466, 1762, NULL),
(1766, '2013-04-30 07:35:47', 'pradeepb', 0, 1000, NULL, 973, 466, 1765, NULL),
(1767, '2013-04-30 07:35:47', 'pradeepb', 0, 4000, NULL, 974, 466, 1765, NULL);

-- --------------------------------------------------------

--
-- Table structure for table `STUDENT_LEVEL_FEE`
--

CREATE TABLE IF NOT EXISTS `STUDENT_LEVEL_FEE` (
  `ID` bigint(20) NOT NULL,
  `AUDIT_TIMESTAMP` datetime NOT NULL,
  `AUDIT_USER_NAME` varchar(255) NOT NULL,
  `VERSION` bigint(20) NOT NULL,
  `AMOUNT` double NOT NULL,
  `PAYMENT_FREQUENCY` varchar(50) NOT NULL,
  `BUILD_BLOCK_ID` bigint(20) NOT NULL,
  `STUDENT_ACADEMIC_YEAR_ID` bigint(20) NOT NULL,
  PRIMARY KEY (`ID`),
  KEY `FK66E3F2E7E3074AEC` (`BUILD_BLOCK_ID`),
  KEY `FK66E3F2E7AC13E29D` (`STUDENT_ACADEMIC_YEAR_ID`)
) ENGINE=MyISAM DEFAULT CHARSET=latin1;

-- --------------------------------------------------------

--
-- Table structure for table `STUDENT_LEVEL_FEE_CATALOG`
--

CREATE TABLE IF NOT EXISTS `STUDENT_LEVEL_FEE_CATALOG` (
  `ID` bigint(20) NOT NULL,
  `AUDIT_TIMESTAMP` datetime NOT NULL,
  `AUDIT_USER_NAME` varchar(255) NOT NULL,
  `VERSION` bigint(20) NOT NULL,
  `AMOUNT` double NOT NULL,
  `DUE_DATE` datetime NOT NULL,
  `BRANCH_LEVEL_FEE_ID` bigint(20) NOT NULL,
  PRIMARY KEY (`ID`),
  KEY `FK270CAEA1D59DB236` (`BRANCH_LEVEL_FEE_ID`)
) ENGINE=MyISAM DEFAULT CHARSET=latin1;

-- --------------------------------------------------------

--
-- Table structure for table `STUDENT_RELATION`
--

CREATE TABLE IF NOT EXISTS `STUDENT_RELATION` (
  `relations_ID` bigint(20) NOT NULL,
  `students_ID` bigint(20) NOT NULL,
  PRIMARY KEY (`relations_ID`,`students_ID`),
  KEY `FKA363BBA054D96F12` (`students_ID`),
  KEY `FKA363BBA0A5E8FD4A` (`relations_ID`)
) ENGINE=MyISAM DEFAULT CHARSET=latin1;

--
-- Dumping data for table `STUDENT_RELATION`
--

INSERT INTO `STUDENT_RELATION` (`relations_ID`, `students_ID`) VALUES
(230, 229),
(243, 242),
(255, 254),
(267, 266),
(279, 278),
(291, 290),
(303, 302),
(315, 314),
(327, 326),
(339, 338),
(351, 350),
(363, 362),
(375, 374),
(387, 386),
(399, 398),
(411, 410),
(423, 422),
(435, 434),
(447, 446),
(459, 458),
(471, 470),
(483, 482),
(495, 494),
(507, 506),
(519, 518),
(531, 530),
(543, 542),
(555, 554),
(567, 566),
(579, 578),
(591, 590),
(603, 602),
(615, 614),
(627, 626),
(639, 638),
(651, 650),
(663, 662),
(837, 836),
(853, 852),
(865, 864),
(877, 876),
(889, 888),
(901, 900),
(921, 920),
(933, 932),
(945, 944),
(986, 985),
(1164, 1163),
(1177, 1176),
(1194, 1193),
(1207, 1206),
(1220, 1219),
(1233, 1232),
(1246, 1245);

-- --------------------------------------------------------

--
-- Table structure for table `STUDENT_SECTION`
--

CREATE TABLE IF NOT EXISTS `STUDENT_SECTION` (
  `ID` bigint(20) NOT NULL,
  `AUDIT_TIMESTAMP` datetime NOT NULL,
  `AUDIT_USER_NAME` varchar(255) NOT NULL,
  `VERSION` bigint(20) NOT NULL,
  `ACTION_DATE` date NOT NULL,
  `SEQUENCE_NR` int(11) NOT NULL,
  `STUDENT_SECTION_STATUS` varchar(255) NOT NULL,
  `PREVS_STU_SEC_ID` bigint(20) DEFAULT NULL,
  `SECTION_ID` bigint(20) NOT NULL,
  `STUDENT_ACADEMIC_YEAR_ID` bigint(20) NOT NULL,
  PRIMARY KEY (`ID`),
  UNIQUE KEY `STUDENT_ACADEMIC_YEAR_ID` (`STUDENT_ACADEMIC_YEAR_ID`,`SECTION_ID`),
  KEY `FKDEDE74A1AC13E29D` (`STUDENT_ACADEMIC_YEAR_ID`),
  KEY `FKDEDE74A1C7C9134F` (`SECTION_ID`),
  KEY `FKDEDE74A136337008` (`PREVS_STU_SEC_ID`)
) ENGINE=MyISAM DEFAULT CHARSET=latin1;

--
-- Dumping data for table `STUDENT_SECTION`
--

INSERT INTO `STUDENT_SECTION` (`ID`, `AUDIT_TIMESTAMP`, `AUDIT_USER_NAME`, `VERSION`, `ACTION_DATE`, `SEQUENCE_NR`, `STUDENT_SECTION_STATUS`, `PREVS_STU_SEC_ID`, `SECTION_ID`, `STUDENT_ACADEMIC_YEAR_ID`) VALUES
(236, '2013-04-15 01:37:21', 'pradeepb', 0, '2013-04-15', 1, 'ACTIVE', NULL, 146, 233),
(248, '2013-04-15 01:45:10', 'pradeepb', 0, '2013-04-15', 1, 'ACTIVE', NULL, 146, 246),
(260, '2013-04-15 01:52:52', 'pradeepb', 0, '2013-04-15', 1, 'ACTIVE', NULL, 146, 258),
(272, '2013-04-15 08:54:10', 'pradeepb', 0, '2013-04-15', 1, 'ACTIVE', NULL, 146, 270),
(284, '2013-04-15 09:00:16', 'pradeepb', 0, '2013-04-15', 1, 'ACTIVE', NULL, 146, 282),
(296, '2013-04-15 09:04:12', 'pradeepb', 0, '2013-04-15', 1, 'ACTIVE', NULL, 146, 294),
(308, '2013-04-15 09:14:03', 'pradeepb', 0, '2013-04-15', 1, 'ACTIVE', NULL, 146, 306),
(320, '2013-04-15 09:18:16', 'pradeepb', 0, '2013-04-15', 1, 'ACTIVE', NULL, 146, 318),
(332, '2013-04-15 09:24:26', 'pradeepb', 0, '2013-04-15', 1, 'ACTIVE', NULL, 146, 330),
(344, '2013-04-15 09:29:57', 'pradeepb', 0, '2013-04-15', 1, 'ACTIVE', NULL, 146, 342),
(356, '2013-04-15 22:59:38', 'pradeepb', 0, '2013-04-15', 1, 'ACTIVE', NULL, 146, 354),
(368, '2013-04-15 23:08:12', 'pradeepb', 0, '2013-04-15', 1, 'ACTIVE', NULL, 146, 366),
(380, '2013-04-15 23:15:19', 'pradeepb', 0, '2013-04-15', 1, 'ACTIVE', NULL, 146, 378),
(392, '2013-04-15 23:34:14', 'pradeepb', 0, '2013-04-15', 1, 'ACTIVE', NULL, 146, 390),
(404, '2013-04-15 23:38:35', 'pradeepb', 0, '2013-04-15', 1, 'ACTIVE', NULL, 146, 402),
(416, '2013-04-15 23:43:40', 'pradeepb', 0, '2013-04-15', 1, 'ACTIVE', NULL, 146, 414),
(428, '2013-04-15 23:47:52', 'pradeepb', 0, '2013-04-15', 1, 'ACTIVE', NULL, 146, 426),
(440, '2013-04-15 23:52:17', 'pradeepb', 0, '2013-04-15', 1, 'ACTIVE', NULL, 146, 438),
(452, '2013-04-15 23:57:22', 'pradeepb', 0, '2013-04-15', 1, 'ACTIVE', NULL, 146, 450),
(464, '2013-04-16 00:01:25', 'pradeepb', 0, '2013-04-16', 1, 'ACTIVE', NULL, 146, 462),
(476, '2013-04-16 00:06:58', 'pradeepb', 0, '2013-04-16', 1, 'ACTIVE', NULL, 146, 474),
(488, '2013-04-16 00:10:39', 'pradeepb', 0, '2013-04-16', 1, 'ACTIVE', NULL, 146, 486),
(500, '2013-04-16 00:18:13', 'pradeepb', 0, '2013-04-16', 1, 'ACTIVE', NULL, 146, 498),
(512, '2013-04-16 00:22:43', 'pradeepb', 0, '2013-04-16', 1, 'ACTIVE', NULL, 146, 510),
(524, '2013-04-16 00:27:07', 'pradeepb', 0, '2013-04-16', 1, 'ACTIVE', NULL, 146, 522),
(536, '2013-04-16 00:31:03', 'pradeepb', 0, '2013-04-16', 1, 'ACTIVE', NULL, 146, 534),
(548, '2013-04-16 00:36:06', 'pradeepb', 0, '2013-04-16', 1, 'ACTIVE', NULL, 146, 546),
(560, '2013-04-16 00:39:27', 'pradeepb', 0, '2013-04-16', 1, 'ACTIVE', NULL, 146, 558),
(572, '2013-04-16 00:56:04', 'pradeepb', 0, '2013-04-16', 1, 'ACTIVE', NULL, 146, 570),
(584, '2013-04-16 01:01:16', 'pradeepb', 0, '2013-04-16', 1, 'ACTIVE', NULL, 146, 582),
(596, '2013-04-16 01:06:23', 'pradeepb', 0, '2013-04-16', 1, 'ACTIVE', NULL, 146, 594),
(608, '2013-04-16 01:12:10', 'pradeepb', 0, '2013-04-16', 1, 'ACTIVE', NULL, 146, 606),
(620, '2013-04-16 01:18:07', 'pradeepb', 0, '2013-04-16', 1, 'ACTIVE', NULL, 146, 618),
(632, '2013-04-16 01:23:11', 'pradeepb', 0, '2013-04-16', 1, 'ACTIVE', NULL, 146, 630),
(644, '2013-04-16 01:26:54', 'pradeepb', 0, '2013-04-16', 1, 'ACTIVE', NULL, 146, 642),
(656, '2013-04-16 04:53:26', 'pradeepb', 0, '2013-04-16', 1, 'ACTIVE', NULL, 146, 654),
(668, '2013-04-16 05:01:19', 'pradeepb', 0, '2013-04-16', 1, 'ACTIVE', NULL, 146, 666),
(842, '2013-04-18 23:40:31', 'pradeepb', 0, '2013-04-18', 1, 'ACTIVE', NULL, 146, 840),
(858, '2013-04-18 23:52:02', 'pradeepb', 0, '2013-04-18', 1, 'ACTIVE', NULL, 146, 856),
(870, '2013-04-18 23:57:49', 'pradeepb', 0, '2013-04-18', 1, 'ACTIVE', NULL, 146, 868),
(882, '2013-04-19 00:16:57', 'pradeepb', 0, '2013-04-19', 1, 'ACTIVE', NULL, 146, 880),
(894, '2013-04-19 00:28:52', 'pradeepb', 0, '2013-04-19', 1, 'ACTIVE', NULL, 146, 892),
(914, '2013-04-19 23:46:57', 'pradeepb', 0, '2013-04-19', 1, 'ACTIVE', NULL, 146, 912),
(926, '2013-04-19 23:55:03', 'pradeepb', 0, '2013-04-19', 1, 'ACTIVE', NULL, 146, 924),
(938, '2013-04-20 00:05:42', 'pradeepb', 0, '2013-04-20', 1, 'ACTIVE', NULL, 146, 936),
(950, '2013-04-20 00:15:56', 'pradeepb', 0, '2013-04-20', 1, 'ACTIVE', NULL, 146, 948),
(991, '2013-04-20 02:21:31', 'pradeepb', 0, '2013-04-20', 1, 'ACTIVE', NULL, 146, 989),
(1169, '2013-04-23 00:44:53', 'pradeepb', 0, '2013-04-23', 1, 'ACTIVE', NULL, 146, 1167),
(1182, '2013-04-23 01:03:33', 'pradeepb', 0, '2013-04-23', 1, 'ACTIVE', NULL, 146, 1180),
(1199, '2013-04-23 02:43:09', 'pradeepb', 0, '2013-04-23', 1, 'ACTIVE', NULL, 146, 1197),
(1212, '2013-04-23 02:51:27', 'pradeepb', 0, '2013-04-23', 1, 'ACTIVE', NULL, 146, 1210),
(1225, '2013-04-23 07:30:49', 'pradeepb', 0, '2013-04-23', 1, 'ACTIVE', NULL, 146, 1223),
(1238, '2013-04-23 07:37:25', 'pradeepb', 0, '2013-04-23', 1, 'ACTIVE', NULL, 146, 1236),
(1251, '2013-04-23 08:02:28', 'pradeepb', 0, '2013-04-23', 1, 'ACTIVE', NULL, 146, 1249);

-- --------------------------------------------------------

--
-- Table structure for table `STUDENT_STATUS_HISTORY`
--

CREATE TABLE IF NOT EXISTS `STUDENT_STATUS_HISTORY` (
  `ID` bigint(20) NOT NULL,
  `AUDIT_TIMESTAMP` datetime NOT NULL,
  `AUDIT_USER_NAME` varchar(255) NOT NULL,
  `VERSION` bigint(20) NOT NULL,
  `ACTION` varchar(255) DEFAULT NULL,
  `ACTION_TAKEN_BY` varchar(40) DEFAULT NULL,
  `ACTION_TAKEN_TIME` datetime NOT NULL,
  `COMMENTS` longtext,
  `STUDENT_ID` bigint(20) NOT NULL,
  PRIMARY KEY (`ID`),
  KEY `FK9F20CFCB8AED4B8F` (`STUDENT_ID`)
) ENGINE=MyISAM DEFAULT CHARSET=latin1;

--
-- Dumping data for table `STUDENT_STATUS_HISTORY`
--

INSERT INTO `STUDENT_STATUS_HISTORY` (`ID`, `AUDIT_TIMESTAMP`, `AUDIT_USER_NAME`, `VERSION`, `ACTION`, `ACTION_TAKEN_BY`, `ACTION_TAKEN_TIME`, `COMMENTS`, `STUDENT_ID`) VALUES
(231, '2013-04-15 01:35:53', 'pradeepb', 0, 'Submitted', 'pradeepb', '2013-04-15 01:35:52', 'Admission Submitted', 229),
(232, '2013-04-15 01:36:30', 'pradeepb', 0, 'Reviewed', 'pradeepb', '2013-04-15 01:36:30', 'OLD ADM', 229),
(234, '2013-04-15 01:36:44', 'pradeepb', 0, 'Accepted', 'pradeepb', '2013-04-15 01:36:44', 'OLD ADM', 229),
(240, '2013-04-15 01:37:22', 'pradeepb', 0, 'Admitted', 'pradeepb', '2013-04-15 01:37:22', 'Student Admitted', 229),
(244, '2013-04-15 01:43:40', 'pradeepb', 0, 'Submitted', 'pradeepb', '2013-04-15 01:43:40', 'Admission Submitted', 242),
(245, '2013-04-15 01:44:07', 'pradeepb', 0, 'Reviewed', 'pradeepb', '2013-04-15 01:44:07', 'OLD ADM', 242),
(247, '2013-04-15 01:44:40', 'pradeepb', 0, 'Accepted', 'pradeepb', '2013-04-15 01:44:40', 'OLD ADM', 242),
(252, '2013-04-15 01:45:11', 'pradeepb', 0, 'Admitted', 'pradeepb', '2013-04-15 01:45:11', 'Student Admitted', 242),
(256, '2013-04-15 01:51:29', 'pradeepb', 0, 'Submitted', 'pradeepb', '2013-04-15 01:51:29', 'Admission Submitted', 254),
(257, '2013-04-15 01:52:01', 'pradeepb', 0, 'Reviewed', 'pradeepb', '2013-04-15 01:52:01', 'OLD ADM', 254),
(259, '2013-04-15 01:52:33', 'pradeepb', 0, 'Accepted', 'pradeepb', '2013-04-15 01:52:33', 'OLD ADM', 254),
(264, '2013-04-15 01:52:53', 'pradeepb', 0, 'Admitted', 'pradeepb', '2013-04-15 01:52:53', 'Student Admitted', 254),
(268, '2013-04-15 08:53:20', 'pradeepb', 0, 'Submitted', 'pradeepb', '2013-04-15 08:53:20', 'Admission Submitted', 266),
(269, '2013-04-15 08:53:37', 'pradeepb', 0, 'Reviewed', 'pradeepb', '2013-04-15 08:53:37', 'OLD ADM', 266),
(271, '2013-04-15 08:53:51', 'pradeepb', 0, 'Accepted', 'pradeepb', '2013-04-15 08:53:51', 'OLD ADM', 266),
(276, '2013-04-15 08:54:11', 'pradeepb', 0, 'Admitted', 'pradeepb', '2013-04-15 08:54:11', 'Student Admitted', 266),
(280, '2013-04-15 08:59:32', 'pradeepb', 0, 'Submitted', 'pradeepb', '2013-04-15 08:59:32', 'Admission Submitted', 278),
(281, '2013-04-15 08:59:46', 'pradeepb', 0, 'Reviewed', 'pradeepb', '2013-04-15 08:59:46', 'OLD ADM', 278),
(283, '2013-04-15 09:00:02', 'pradeepb', 0, 'Accepted', 'pradeepb', '2013-04-15 09:00:02', 'OLD ADM', 278),
(288, '2013-04-15 09:00:17', 'pradeepb', 0, 'Admitted', 'pradeepb', '2013-04-15 09:00:17', 'Student Admitted', 278),
(292, '2013-04-15 09:03:17', 'pradeepb', 0, 'Submitted', 'pradeepb', '2013-04-15 09:03:17', 'Admission Submitted', 290),
(293, '2013-04-15 09:03:33', 'pradeepb', 0, 'Reviewed', 'pradeepb', '2013-04-15 09:03:33', 'OLD ADM', 290),
(295, '2013-04-15 09:03:48', 'pradeepb', 0, 'Accepted', 'pradeepb', '2013-04-15 09:03:48', 'OLD ADM', 290),
(300, '2013-04-15 09:04:12', 'pradeepb', 0, 'Admitted', 'pradeepb', '2013-04-15 09:04:12', 'Student Admitted', 290),
(304, '2013-04-15 09:13:18', 'pradeepb', 0, 'Submitted', 'pradeepb', '2013-04-15 09:13:18', 'Admission Submitted', 302),
(305, '2013-04-15 09:13:38', 'pradeepb', 0, 'Reviewed', 'pradeepb', '2013-04-15 09:13:38', 'OLD ADM', 302),
(307, '2013-04-15 09:13:52', 'pradeepb', 0, 'Accepted', 'pradeepb', '2013-04-15 09:13:52', 'OLD ADM', 302),
(312, '2013-04-15 09:14:04', 'pradeepb', 0, 'Admitted', 'pradeepb', '2013-04-15 09:14:04', 'Student Admitted', 302),
(316, '2013-04-15 09:17:39', 'pradeepb', 0, 'Submitted', 'pradeepb', '2013-04-15 09:17:39', 'Admission Submitted', 314),
(317, '2013-04-15 09:17:52', 'pradeepb', 0, 'Reviewed', 'pradeepb', '2013-04-15 09:17:52', 'OLD ADM', 314),
(319, '2013-04-15 09:18:04', 'pradeepb', 0, 'Accepted', 'pradeepb', '2013-04-15 09:18:04', 'OLD ADM', 314),
(324, '2013-04-15 09:18:16', 'pradeepb', 0, 'Admitted', 'pradeepb', '2013-04-15 09:18:16', 'Student Admitted', 314),
(328, '2013-04-15 09:23:45', 'pradeepb', 0, 'Submitted', 'pradeepb', '2013-04-15 09:23:45', 'Admission Submitted', 326),
(329, '2013-04-15 09:24:03', 'pradeepb', 0, 'Reviewed', 'pradeepb', '2013-04-15 09:24:03', 'OLD ADM', 326),
(331, '2013-04-15 09:24:14', 'pradeepb', 0, 'Accepted', 'pradeepb', '2013-04-15 09:24:14', 'OLD ADM', 326),
(336, '2013-04-15 09:24:26', 'pradeepb', 0, 'Admitted', 'pradeepb', '2013-04-15 09:24:26', 'Student Admitted', 326),
(340, '2013-04-15 09:29:13', 'pradeepb', 0, 'Submitted', 'pradeepb', '2013-04-15 09:29:13', 'Admission Submitted', 338),
(341, '2013-04-15 09:29:25', 'pradeepb', 0, 'Reviewed', 'pradeepb', '2013-04-15 09:29:25', 'OLD ADM', 338),
(343, '2013-04-15 09:29:45', 'pradeepb', 0, 'Accepted', 'pradeepb', '2013-04-15 09:29:45', 'OLD ADM', 338),
(348, '2013-04-15 09:29:58', 'pradeepb', 0, 'Admitted', 'pradeepb', '2013-04-15 09:29:58', 'Student Admitted', 338),
(352, '2013-04-15 22:58:51', 'pradeepb', 0, 'Submitted', 'pradeepb', '2013-04-15 22:58:51', 'Admission Submitted', 350),
(353, '2013-04-15 22:59:12', 'pradeepb', 0, 'Reviewed', 'pradeepb', '2013-04-15 22:59:12', 'OLD ADM', 350),
(355, '2013-04-15 22:59:23', 'pradeepb', 0, 'Accepted', 'pradeepb', '2013-04-15 22:59:23', 'OLD ADM', 350),
(360, '2013-04-15 22:59:39', 'pradeepb', 0, 'Admitted', 'pradeepb', '2013-04-15 22:59:39', 'Student Admitted', 350),
(364, '2013-04-15 23:07:12', 'pradeepb', 0, 'Submitted', 'pradeepb', '2013-04-15 23:07:12', 'Admission Submitted', 362),
(365, '2013-04-15 23:07:47', 'pradeepb', 0, 'Reviewed', 'pradeepb', '2013-04-15 23:07:47', 'OLD ADM', 362),
(367, '2013-04-15 23:07:59', 'pradeepb', 0, 'Accepted', 'pradeepb', '2013-04-15 23:07:59', 'OLD ADM', 362),
(372, '2013-04-15 23:08:12', 'pradeepb', 0, 'Admitted', 'pradeepb', '2013-04-15 23:08:12', 'Student Admitted', 362),
(376, '2013-04-15 23:13:22', 'pradeepb', 0, 'Submitted', 'pradeepb', '2013-04-15 23:13:22', 'Admission Submitted', 374),
(377, '2013-04-15 23:13:37', 'pradeepb', 0, 'Reviewed', 'pradeepb', '2013-04-15 23:13:37', 'OLD ADM', 374),
(379, '2013-04-15 23:13:48', 'pradeepb', 0, 'Accepted', 'pradeepb', '2013-04-15 23:13:48', 'OLD ADM', 374),
(384, '2013-04-15 23:15:19', 'pradeepb', 0, 'Admitted', 'pradeepb', '2013-04-15 23:15:19', 'Student Admitted', 374),
(388, '2013-04-15 23:32:16', 'pradeepb', 0, 'Submitted', 'pradeepb', '2013-04-15 23:32:16', 'Admission Submitted', 386),
(389, '2013-04-15 23:32:52', 'pradeepb', 0, 'Reviewed', 'pradeepb', '2013-04-15 23:32:52', 'OLD ADM', 386),
(391, '2013-04-15 23:33:33', 'pradeepb', 0, 'Accepted', 'pradeepb', '2013-04-15 23:33:33', 'OLD ADM', 386),
(396, '2013-04-15 23:34:14', 'pradeepb', 0, 'Admitted', 'pradeepb', '2013-04-15 23:34:14', 'Student Admitted', 386),
(400, '2013-04-15 23:37:53', 'pradeepb', 0, 'Submitted', 'pradeepb', '2013-04-15 23:37:53', 'Admission Submitted', 398),
(401, '2013-04-15 23:38:10', 'pradeepb', 0, 'Reviewed', 'pradeepb', '2013-04-15 23:38:10', 'OLD ADM', 398),
(403, '2013-04-15 23:38:19', 'pradeepb', 0, 'Accepted', 'pradeepb', '2013-04-15 23:38:19', 'OLD ADM', 398),
(408, '2013-04-15 23:38:35', 'pradeepb', 0, 'Admitted', 'pradeepb', '2013-04-15 23:38:35', 'Student Admitted', 398),
(412, '2013-04-15 23:42:53', 'pradeepb', 0, 'Submitted', 'pradeepb', '2013-04-15 23:42:53', 'Admission Submitted', 410),
(413, '2013-04-15 23:43:12', 'pradeepb', 0, 'Reviewed', 'pradeepb', '2013-04-15 23:43:12', 'OLD ADM', 410),
(415, '2013-04-15 23:43:23', 'pradeepb', 0, 'Accepted', 'pradeepb', '2013-04-15 23:43:23', 'OLD ADM', 410),
(420, '2013-04-15 23:43:41', 'pradeepb', 0, 'Admitted', 'pradeepb', '2013-04-15 23:43:41', 'Student Admitted', 410),
(424, '2013-04-15 23:47:13', 'pradeepb', 0, 'Submitted', 'pradeepb', '2013-04-15 23:47:13', 'Admission Submitted', 422),
(425, '2013-04-15 23:47:27', 'pradeepb', 0, 'Reviewed', 'pradeepb', '2013-04-15 23:47:27', 'OLD ADM', 422),
(427, '2013-04-15 23:47:37', 'pradeepb', 0, 'Accepted', 'pradeepb', '2013-04-15 23:47:37', 'OLD ADM', 422),
(432, '2013-04-15 23:47:52', 'pradeepb', 0, 'Admitted', 'pradeepb', '2013-04-15 23:47:52', 'Student Admitted', 422),
(436, '2013-04-15 23:51:32', 'pradeepb', 0, 'Submitted', 'pradeepb', '2013-04-15 23:51:32', 'Admission Submitted', 434),
(437, '2013-04-15 23:51:54', 'pradeepb', 0, 'Reviewed', 'pradeepb', '2013-04-15 23:51:54', 'OLD ADM', 434),
(439, '2013-04-15 23:52:05', 'pradeepb', 0, 'Accepted', 'pradeepb', '2013-04-15 23:52:05', 'OLD ADM', 434),
(444, '2013-04-15 23:52:17', 'pradeepb', 0, 'Admitted', 'pradeepb', '2013-04-15 23:52:17', 'Student Admitted', 434),
(448, '2013-04-15 23:56:47', 'pradeepb', 0, 'Submitted', 'pradeepb', '2013-04-15 23:56:47', 'Admission Submitted', 446),
(449, '2013-04-15 23:57:02', 'pradeepb', 0, 'Reviewed', 'pradeepb', '2013-04-15 23:57:02', 'OLD ADM', 446),
(451, '2013-04-15 23:57:11', 'pradeepb', 0, 'Accepted', 'pradeepb', '2013-04-15 23:57:11', 'OLD ADM', 446),
(456, '2013-04-15 23:57:22', 'pradeepb', 0, 'Admitted', 'pradeepb', '2013-04-15 23:57:22', 'Student Admitted', 446),
(460, '2013-04-16 00:00:51', 'pradeepb', 0, 'Submitted', 'pradeepb', '2013-04-16 00:00:51', 'Admission Submitted', 458),
(461, '2013-04-16 00:01:05', 'pradeepb', 0, 'Reviewed', 'pradeepb', '2013-04-16 00:01:05', 'OLD ADM', 458),
(463, '2013-04-16 00:01:15', 'pradeepb', 0, 'Accepted', 'pradeepb', '2013-04-16 00:01:15', 'OLD ADM', 458),
(468, '2013-04-16 00:01:25', 'pradeepb', 0, 'Admitted', 'pradeepb', '2013-04-16 00:01:25', 'Student Admitted', 458),
(472, '2013-04-16 00:06:19', 'pradeepb', 0, 'Submitted', 'pradeepb', '2013-04-16 00:06:19', 'Admission Submitted', 470),
(473, '2013-04-16 00:06:35', 'pradeepb', 0, 'Reviewed', 'pradeepb', '2013-04-16 00:06:35', 'OLD ADM', 470),
(475, '2013-04-16 00:06:47', 'pradeepb', 0, 'Accepted', 'pradeepb', '2013-04-16 00:06:47', 'OLD ADM', 470),
(480, '2013-04-16 00:06:58', 'pradeepb', 0, 'Admitted', 'pradeepb', '2013-04-16 00:06:58', 'Student Admitted', 470),
(484, '2013-04-16 00:09:52', 'pradeepb', 0, 'Submitted', 'pradeepb', '2013-04-16 00:09:52', 'Admission Submitted', 482),
(485, '2013-04-16 00:10:21', 'pradeepb', 0, 'Reviewed', 'pradeepb', '2013-04-16 00:10:21', 'OLD ADM', 482),
(487, '2013-04-16 00:10:30', 'pradeepb', 0, 'Accepted', 'pradeepb', '2013-04-16 00:10:30', 'OLD ADM', 482),
(492, '2013-04-16 00:10:39', 'pradeepb', 0, 'Admitted', 'pradeepb', '2013-04-16 00:10:39', 'Student Admitted', 482),
(496, '2013-04-16 00:17:36', 'pradeepb', 0, 'Submitted', 'pradeepb', '2013-04-16 00:17:36', 'Admission Submitted', 494),
(497, '2013-04-16 00:17:53', 'pradeepb', 0, 'Reviewed', 'pradeepb', '2013-04-16 00:17:53', 'OLD ADM', 494),
(499, '2013-04-16 00:18:02', 'pradeepb', 0, 'Accepted', 'pradeepb', '2013-04-16 00:18:02', 'OLD ADM', 494),
(504, '2013-04-16 00:18:13', 'pradeepb', 0, 'Admitted', 'pradeepb', '2013-04-16 00:18:13', 'Student Admitted', 494),
(508, '2013-04-16 00:21:57', 'pradeepb', 0, 'Submitted', 'pradeepb', '2013-04-16 00:21:57', 'Admission Submitted', 506),
(509, '2013-04-16 00:22:17', 'pradeepb', 0, 'Reviewed', 'pradeepb', '2013-04-16 00:22:17', 'OLD ADM', 506),
(511, '2013-04-16 00:22:27', 'pradeepb', 0, 'Accepted', 'pradeepb', '2013-04-16 00:22:27', 'OLD ADM', 506),
(516, '2013-04-16 00:22:43', 'pradeepb', 0, 'Admitted', 'pradeepb', '2013-04-16 00:22:43', 'Student Admitted', 506),
(520, '2013-04-16 00:26:28', 'pradeepb', 0, 'Submitted', 'pradeepb', '2013-04-16 00:26:28', 'Admission Submitted', 518),
(521, '2013-04-16 00:26:44', 'pradeepb', 0, 'Reviewed', 'pradeepb', '2013-04-16 00:26:44', 'OLD ADM', 518),
(523, '2013-04-16 00:26:54', 'pradeepb', 0, 'Accepted', 'pradeepb', '2013-04-16 00:26:54', 'OLD ADM', 518),
(528, '2013-04-16 00:27:08', 'pradeepb', 0, 'Admitted', 'pradeepb', '2013-04-16 00:27:08', 'Student Admitted', 518),
(532, '2013-04-16 00:30:06', 'pradeepb', 0, 'Submitted', 'pradeepb', '2013-04-16 00:30:06', 'Admission Submitted', 530),
(533, '2013-04-16 00:30:27', 'pradeepb', 0, 'Reviewed', 'pradeepb', '2013-04-16 00:30:27', 'OLD ADM', 530),
(535, '2013-04-16 00:30:42', 'pradeepb', 0, 'Accepted', 'pradeepb', '2013-04-16 00:30:42', 'OLD ADM', 530),
(540, '2013-04-16 00:31:03', 'pradeepb', 0, 'Admitted', 'pradeepb', '2013-04-16 00:31:03', 'Student Admitted', 530),
(544, '2013-04-16 00:35:24', 'pradeepb', 0, 'Submitted', 'pradeepb', '2013-04-16 00:35:24', 'Admission Submitted', 542),
(545, '2013-04-16 00:35:44', 'pradeepb', 0, 'Reviewed', 'pradeepb', '2013-04-16 00:35:44', 'OLD ADM', 542),
(547, '2013-04-16 00:35:52', 'pradeepb', 0, 'Accepted', 'pradeepb', '2013-04-16 00:35:52', 'OLD ADM', 542),
(552, '2013-04-16 00:36:06', 'pradeepb', 0, 'Admitted', 'pradeepb', '2013-04-16 00:36:06', 'Student Admitted', 542),
(556, '2013-04-16 00:38:54', 'pradeepb', 0, 'Submitted', 'pradeepb', '2013-04-16 00:38:54', 'Admission Submitted', 554),
(557, '2013-04-16 00:39:09', 'pradeepb', 0, 'Reviewed', 'pradeepb', '2013-04-16 00:39:09', 'OLD ADM', 554),
(559, '2013-04-16 00:39:17', 'pradeepb', 0, 'Accepted', 'pradeepb', '2013-04-16 00:39:17', 'OLD ADM', 554),
(564, '2013-04-16 00:39:27', 'pradeepb', 0, 'Admitted', 'pradeepb', '2013-04-16 00:39:27', 'Student Admitted', 554),
(568, '2013-04-16 00:55:21', 'pradeepb', 0, 'Submitted', 'pradeepb', '2013-04-16 00:55:21', 'Admission Submitted', 566),
(569, '2013-04-16 00:55:39', 'pradeepb', 0, 'Reviewed', 'pradeepb', '2013-04-16 00:55:39', 'OLD ADM', 566),
(571, '2013-04-16 00:55:47', 'pradeepb', 0, 'Accepted', 'pradeepb', '2013-04-16 00:55:47', 'OLD ADM', 566),
(576, '2013-04-16 00:56:04', 'pradeepb', 0, 'Admitted', 'pradeepb', '2013-04-16 00:56:04', 'Student Admitted', 566),
(580, '2013-04-16 01:00:39', 'pradeepb', 0, 'Submitted', 'pradeepb', '2013-04-16 01:00:39', 'Admission Submitted', 578),
(581, '2013-04-16 01:00:57', 'pradeepb', 0, 'Reviewed', 'pradeepb', '2013-04-16 01:00:57', 'OLD ADM', 578),
(583, '2013-04-16 01:01:05', 'pradeepb', 0, 'Accepted', 'pradeepb', '2013-04-16 01:01:05', 'OLD ADM', 578),
(588, '2013-04-16 01:01:16', 'pradeepb', 0, 'Admitted', 'pradeepb', '2013-04-16 01:01:16', 'Student Admitted', 578),
(592, '2013-04-16 01:05:08', 'pradeepb', 0, 'Submitted', 'pradeepb', '2013-04-16 01:05:08', 'Admission Submitted', 590),
(593, '2013-04-16 01:05:50', 'pradeepb', 0, 'Reviewed', 'pradeepb', '2013-04-16 01:05:50', 'OLD ADM', 590),
(595, '2013-04-16 01:06:08', 'pradeepb', 0, 'Accepted', 'pradeepb', '2013-04-16 01:06:08', 'OLD ADM', 590),
(600, '2013-04-16 01:06:23', 'pradeepb', 0, 'Admitted', 'pradeepb', '2013-04-16 01:06:23', 'Student Admitted', 590),
(604, '2013-04-16 01:11:12', 'pradeepb', 0, 'Submitted', 'pradeepb', '2013-04-16 01:11:12', 'Admission Submitted', 602),
(605, '2013-04-16 01:11:51', 'pradeepb', 0, 'Reviewed', 'pradeepb', '2013-04-16 01:11:51', 'OLD ADM', 602),
(607, '2013-04-16 01:12:00', 'pradeepb', 0, 'Accepted', 'pradeepb', '2013-04-16 01:12:00', 'OLD ADM', 602),
(612, '2013-04-16 01:12:10', 'pradeepb', 0, 'Admitted', 'pradeepb', '2013-04-16 01:12:10', 'Student Admitted', 602),
(616, '2013-04-16 01:17:00', 'pradeepb', 0, 'Submitted', 'pradeepb', '2013-04-16 01:17:00', 'Admission Submitted', 614),
(617, '2013-04-16 01:17:34', 'pradeepb', 0, 'Reviewed', 'pradeepb', '2013-04-16 01:17:34', 'OLD ADM', 614),
(619, '2013-04-16 01:17:57', 'pradeepb', 0, 'Accepted', 'pradeepb', '2013-04-16 01:17:57', 'OLD ADM', 614),
(624, '2013-04-16 01:18:07', 'pradeepb', 0, 'Admitted', 'pradeepb', '2013-04-16 01:18:07', 'Student Admitted', 614),
(628, '2013-04-16 01:22:21', 'pradeepb', 0, 'Submitted', 'pradeepb', '2013-04-16 01:22:21', 'Admission Submitted', 626),
(629, '2013-04-16 01:22:46', 'pradeepb', 0, 'Reviewed', 'pradeepb', '2013-04-16 01:22:46', 'OLD ADM', 626),
(631, '2013-04-16 01:22:55', 'pradeepb', 0, 'Accepted', 'pradeepb', '2013-04-16 01:22:55', 'OLD ADM', 626),
(636, '2013-04-16 01:23:11', 'pradeepb', 0, 'Admitted', 'pradeepb', '2013-04-16 01:23:11', 'Student Admitted', 626),
(640, '2013-04-16 01:26:13', 'pradeepb', 0, 'Submitted', 'pradeepb', '2013-04-16 01:26:13', 'Admission Submitted', 638),
(641, '2013-04-16 01:26:33', 'pradeepb', 0, 'Reviewed', 'pradeepb', '2013-04-16 01:26:33', 'OLD ADM', 638),
(643, '2013-04-16 01:26:41', 'pradeepb', 0, 'Accepted', 'pradeepb', '2013-04-16 01:26:41', 'OLD ADM', 638),
(648, '2013-04-16 01:26:54', 'pradeepb', 0, 'Admitted', 'pradeepb', '2013-04-16 01:26:54', 'Student Admitted', 638),
(652, '2013-04-16 04:51:46', 'pradeepb', 0, 'Submitted', 'pradeepb', '2013-04-16 04:51:46', 'Admission Submitted', 650),
(653, '2013-04-16 04:52:37', 'pradeepb', 0, 'Reviewed', 'pradeepb', '2013-04-16 04:52:37', 'OLD ADM', 650),
(655, '2013-04-16 04:53:01', 'pradeepb', 0, 'Accepted', 'pradeepb', '2013-04-16 04:53:01', 'OLD ADM', 650),
(660, '2013-04-16 04:53:26', 'pradeepb', 0, 'Admitted', 'pradeepb', '2013-04-16 04:53:26', 'Student Admitted', 650),
(664, '2013-04-16 04:59:33', 'pradeepb', 0, 'Submitted', 'pradeepb', '2013-04-16 04:59:33', 'Admission Submitted', 662),
(665, '2013-04-16 05:00:43', 'pradeepb', 0, 'Reviewed', 'pradeepb', '2013-04-16 05:00:43', 'OLD ADM', 662),
(667, '2013-04-16 05:00:56', 'pradeepb', 0, 'Accepted', 'pradeepb', '2013-04-16 05:00:56', 'OLD ADM', 662),
(672, '2013-04-16 05:01:19', 'pradeepb', 0, 'Admitted', 'pradeepb', '2013-04-16 05:01:19', 'Student Admitted', 662),
(838, '2013-04-18 23:39:21', 'pradeepb', 0, 'Submitted', 'pradeepb', '2013-04-18 23:39:20', 'Admission Submitted', 836),
(839, '2013-04-18 23:39:57', 'pradeepb', 0, 'Reviewed', 'pradeepb', '2013-04-18 23:39:57', 'OLD ADM', 836),
(841, '2013-04-18 23:40:11', 'pradeepb', 0, 'Accepted', 'pradeepb', '2013-04-18 23:40:11', 'OLD ADM', 836),
(846, '2013-04-18 23:40:32', 'pradeepb', 0, 'Admitted', 'pradeepb', '2013-04-18 23:40:32', 'Student Admitted', 836),
(854, '2013-04-18 23:50:27', 'pradeepb', 0, 'Submitted', 'pradeepb', '2013-04-18 23:50:27', 'Admission Submitted', 852),
(855, '2013-04-18 23:51:16', 'pradeepb', 0, 'Reviewed', 'pradeepb', '2013-04-18 23:51:16', 'OLD ADM', 852),
(857, '2013-04-18 23:51:34', 'pradeepb', 0, 'Accepted', 'pradeepb', '2013-04-18 23:51:34', 'OLD ADM', 852),
(862, '2013-04-18 23:52:03', 'pradeepb', 0, 'Admitted', 'pradeepb', '2013-04-18 23:52:03', 'Student Admitted', 852),
(866, '2013-04-18 23:56:49', 'pradeepb', 0, 'Submitted', 'pradeepb', '2013-04-18 23:56:49', 'Admission Submitted', 864),
(867, '2013-04-18 23:57:18', 'pradeepb', 0, 'Reviewed', 'pradeepb', '2013-04-18 23:57:18', 'OLD ADM', 864),
(869, '2013-04-18 23:57:30', 'pradeepb', 0, 'Accepted', 'pradeepb', '2013-04-18 23:57:30', 'OLD ADM', 864),
(874, '2013-04-18 23:57:50', 'pradeepb', 0, 'Admitted', 'pradeepb', '2013-04-18 23:57:50', 'Student Admitted', 864),
(878, '2013-04-19 00:16:04', 'pradeepb', 0, 'Submitted', 'pradeepb', '2013-04-19 00:16:04', 'Admission Submitted', 876),
(879, '2013-04-19 00:16:30', 'pradeepb', 0, 'Reviewed', 'pradeepb', '2013-04-19 00:16:30', 'OLD ADM', 876),
(881, '2013-04-19 00:16:43', 'pradeepb', 0, 'Accepted', 'pradeepb', '2013-04-19 00:16:43', 'OLD ADM', 876),
(886, '2013-04-19 00:16:57', 'pradeepb', 0, 'Admitted', 'pradeepb', '2013-04-19 00:16:57', 'Student Admitted', 876),
(890, '2013-04-19 00:28:03', 'pradeepb', 0, 'Submitted', 'pradeepb', '2013-04-19 00:28:03', 'Admission Submitted', 888),
(891, '2013-04-19 00:28:27', 'pradeepb', 0, 'Reviewed', 'pradeepb', '2013-04-19 00:28:27', 'OLD ADM', 888),
(893, '2013-04-19 00:28:36', 'pradeepb', 0, 'Accepted', 'pradeepb', '2013-04-19 00:28:36', 'OLD ADM', 888),
(898, '2013-04-19 00:28:52', 'pradeepb', 0, 'Admitted', 'pradeepb', '2013-04-19 00:28:52', 'Student Admitted', 888),
(902, '2013-04-19 23:35:46', 'pradeepb', 0, 'Submitted', 'pradeepb', '2013-04-19 23:35:46', 'Admission Submitted', 900),
(911, '2013-04-19 23:45:09', 'pradeepb', 0, 'Reviewed', 'pradeepb', '2013-04-19 23:45:09', 'OLD ADM.', 900),
(913, '2013-04-19 23:45:38', 'pradeepb', 0, 'Accepted', 'pradeepb', '2013-04-19 23:45:38', 'OLD ADM.', 900),
(918, '2013-04-19 23:46:58', 'pradeepb', 0, 'Admitted', 'pradeepb', '2013-04-19 23:46:58', 'Student Admitted', 900),
(922, '2013-04-19 23:52:32', 'pradeepb', 0, 'Submitted', 'pradeepb', '2013-04-19 23:52:32', 'Admission Submitted', 920),
(923, '2013-04-19 23:53:24', 'pradeepb', 0, 'Reviewed', 'pradeepb', '2013-04-19 23:53:24', 'OLD ADM.', 920),
(925, '2013-04-19 23:53:43', 'pradeepb', 0, 'Accepted', 'pradeepb', '2013-04-19 23:53:43', 'OLD ADM.', 920),
(930, '2013-04-19 23:55:04', 'pradeepb', 0, 'Admitted', 'pradeepb', '2013-04-19 23:55:04', 'Student Admitted', 920),
(934, '2013-04-19 23:59:39', 'pradeepb', 0, 'Submitted', 'pradeepb', '2013-04-19 23:59:39', 'Admission Submitted', 932),
(935, '2013-04-20 00:05:04', 'pradeepb', 0, 'Reviewed', 'pradeepb', '2013-04-20 00:05:04', 'OLD ADM', 932),
(937, '2013-04-20 00:05:18', 'pradeepb', 0, 'Accepted', 'pradeepb', '2013-04-20 00:05:18', 'OLD ADM', 932),
(942, '2013-04-20 00:05:43', 'pradeepb', 0, 'Admitted', 'pradeepb', '2013-04-20 00:05:43', 'Student Admitted', 932),
(946, '2013-04-20 00:14:12', 'pradeepb', 0, 'Submitted', 'pradeepb', '2013-04-20 00:14:12', 'Admission Submitted', 944),
(947, '2013-04-20 00:14:53', 'pradeepb', 0, 'Reviewed', 'pradeepb', '2013-04-20 00:14:53', 'OLD ADM.', 944),
(949, '2013-04-20 00:15:11', 'pradeepb', 0, 'Accepted', 'pradeepb', '2013-04-20 00:15:11', 'OLD.ADM', 944),
(954, '2013-04-20 00:15:57', 'pradeepb', 0, 'Admitted', 'pradeepb', '2013-04-20 00:15:57', 'Student Admitted', 944),
(987, '2013-04-20 02:20:43', 'pradeepb', 0, 'Submitted', 'pradeepb', '2013-04-20 02:20:43', 'Admission Submitted', 985),
(988, '2013-04-20 02:21:07', 'pradeepb', 0, 'Reviewed', 'pradeepb', '2013-04-20 02:21:07', 'OLD ADM', 985),
(990, '2013-04-20 02:21:17', 'pradeepb', 0, 'Accepted', 'pradeepb', '2013-04-20 02:21:17', 'OLD ADM', 985),
(996, '2013-04-20 02:21:31', 'pradeepb', 0, 'Admitted', 'pradeepb', '2013-04-20 02:21:31', 'Student Admitted', 985),
(1165, '2013-04-23 00:43:36', 'pradeepb', 0, 'Submitted', 'pradeepb', '2013-04-23 00:43:36', 'Admission Submitted', 1163),
(1166, '2013-04-23 00:44:15', 'pradeepb', 0, 'Reviewed', 'pradeepb', '2013-04-23 00:44:15', 'OLD ADM', 1163),
(1168, '2013-04-23 00:44:28', 'pradeepb', 0, 'Accepted', 'pradeepb', '2013-04-23 00:44:28', 'OLD ADM', 1163),
(1174, '2013-04-23 00:44:54', 'pradeepb', 0, 'Admitted', 'pradeepb', '2013-04-23 00:44:54', 'Student Admitted', 1163),
(1178, '2013-04-23 01:02:21', 'pradeepb', 0, 'Submitted', 'pradeepb', '2013-04-23 01:02:21', 'Admission Submitted', 1176),
(1179, '2013-04-23 01:02:50', 'pradeepb', 0, 'Reviewed', 'pradeepb', '2013-04-23 01:02:50', 'OLD ADM', 1176),
(1181, '2013-04-23 01:03:13', 'pradeepb', 0, 'Accepted', 'pradeepb', '2013-04-23 01:03:13', 'OLD ADM', 1176),
(1187, '2013-04-23 01:03:34', 'pradeepb', 0, 'Admitted', 'pradeepb', '2013-04-23 01:03:34', 'Student Admitted', 1176),
(1195, '2013-04-23 02:42:23', 'pradeepb', 0, 'Submitted', 'pradeepb', '2013-04-23 02:42:23', 'Admission Submitted', 1193),
(1196, '2013-04-23 02:42:46', 'pradeepb', 0, 'Reviewed', 'pradeepb', '2013-04-23 02:42:46', 'OLD ADM', 1193),
(1198, '2013-04-23 02:42:56', 'pradeepb', 0, 'Accepted', 'pradeepb', '2013-04-23 02:42:56', 'OLD ADM', 1193),
(1204, '2013-04-23 02:43:10', 'pradeepb', 0, 'Admitted', 'pradeepb', '2013-04-23 02:43:10', 'Student Admitted', 1193),
(1208, '2013-04-23 02:48:53', 'pradeepb', 0, 'Submitted', 'pradeepb', '2013-04-23 02:48:53', 'Admission Submitted', 1206),
(1209, '2013-04-23 02:50:33', 'pradeepb', 0, 'Reviewed', 'pradeepb', '2013-04-23 02:50:33', 'OLD ADM', 1206),
(1211, '2013-04-23 02:51:08', 'pradeepb', 0, 'Accepted', 'pradeepb', '2013-04-23 02:51:08', 'OLD ADM', 1206),
(1217, '2013-04-23 02:51:28', 'pradeepb', 0, 'Admitted', 'pradeepb', '2013-04-23 02:51:28', 'Student Admitted', 1206),
(1221, '2013-04-23 07:29:45', 'pradeepb', 0, 'Submitted', 'pradeepb', '2013-04-23 07:29:45', 'Admission Submitted', 1219),
(1222, '2013-04-23 07:30:28', 'pradeepb', 0, 'Reviewed', 'pradeepb', '2013-04-23 07:30:28', 'OLD ADM', 1219),
(1224, '2013-04-23 07:30:38', 'pradeepb', 0, 'Accepted', 'pradeepb', '2013-04-23 07:30:38', 'OLD ADM', 1219),
(1230, '2013-04-23 07:30:50', 'pradeepb', 0, 'Admitted', 'pradeepb', '2013-04-23 07:30:50', 'Student Admitted', 1219),
(1234, '2013-04-23 07:36:38', 'pradeepb', 0, 'Submitted', 'pradeepb', '2013-04-23 07:36:38', 'Admission Submitted', 1232),
(1235, '2013-04-23 07:37:00', 'pradeepb', 0, 'Reviewed', 'pradeepb', '2013-04-23 07:37:00', 'OLD ADM', 1232),
(1237, '2013-04-23 07:37:13', 'pradeepb', 0, 'Accepted', 'pradeepb', '2013-04-23 07:37:13', 'OLD ADM', 1232),
(1243, '2013-04-23 07:37:25', 'pradeepb', 0, 'Admitted', 'pradeepb', '2013-04-23 07:37:25', 'Student Admitted', 1232),
(1247, '2013-04-23 08:01:26', 'pradeepb', 0, 'Submitted', 'pradeepb', '2013-04-23 08:01:26', 'Admission Submitted', 1245),
(1248, '2013-04-23 08:01:57', 'pradeepb', 0, 'Reviewed', 'pradeepb', '2013-04-23 08:01:57', 'OLD ADM', 1245),
(1250, '2013-04-23 08:02:16', 'pradeepb', 0, 'Accepted', 'pradeepb', '2013-04-23 08:02:16', 'OLD ADM', 1245),
(1256, '2013-04-23 08:02:29', 'pradeepb', 0, 'Admitted', 'pradeepb', '2013-04-23 08:02:29', 'Student Admitted', 1245);

-- --------------------------------------------------------

--
-- Table structure for table `STUDENT_TRANSPORTANTION`
--

CREATE TABLE IF NOT EXISTS `STUDENT_TRANSPORTANTION` (
  `ID` bigint(20) NOT NULL,
  `AUDIT_TIMESTAMP` datetime NOT NULL,
  `AUDIT_USER_NAME` varchar(255) NOT NULL,
  `VERSION` bigint(20) NOT NULL,
  `PICKUPPOINT_ID` bigint(20) NOT NULL,
  `ROUTE_ID` bigint(20) NOT NULL,
  `STUDENT_ACADEMIC_YEAR_ID` bigint(20) NOT NULL,
  `VEHICLE_ID` bigint(20) NOT NULL,
  PRIMARY KEY (`ID`),
  KEY `FK97A91EE6BDD45D1C` (`ROUTE_ID`),
  KEY `FK97A91EE6AC13E29D` (`STUDENT_ACADEMIC_YEAR_ID`),
  KEY `FK97A91EE6D36F15BC` (`VEHICLE_ID`),
  KEY `FK97A91EE6CBEDD37C` (`PICKUPPOINT_ID`)
) ENGINE=MyISAM DEFAULT CHARSET=latin1;

-- --------------------------------------------------------

--
-- Table structure for table `STUDENT_TRANSPORTATION_FEE`
--

CREATE TABLE IF NOT EXISTS `STUDENT_TRANSPORTATION_FEE` (
  `ID` bigint(20) NOT NULL,
  `AUDIT_TIMESTAMP` datetime NOT NULL,
  `AUDIT_USER_NAME` varchar(255) NOT NULL,
  `VERSION` bigint(20) NOT NULL,
  `PICKUPPOINTFEE_ID` bigint(20) NOT NULL,
  `STUDENT_TRANSPORTATION_ID` bigint(20) NOT NULL,
  PRIMARY KEY (`ID`),
  KEY `FK1D5CF6B77CD232D8` (`PICKUPPOINTFEE_ID`),
  KEY `FK1D5CF6B758DD4F46` (`STUDENT_TRANSPORTATION_ID`)
) ENGINE=MyISAM DEFAULT CHARSET=latin1;

-- --------------------------------------------------------

--
-- Table structure for table `STUDENT_TRANS_FEE_TXN`
--

CREATE TABLE IF NOT EXISTS `STUDENT_TRANS_FEE_TXN` (
  `ID` bigint(20) NOT NULL,
  `AUDIT_TIMESTAMP` datetime NOT NULL,
  `AUDIT_USER_NAME` varchar(255) NOT NULL,
  `VERSION` bigint(20) NOT NULL,
  `AMOUNT` double NOT NULL,
  `SFT_TYPE` varchar(255) NOT NULL,
  `TRANSACTION_DATE` datetime NOT NULL,
  `PICKUPPOINT_FEE_PAYMENT` bigint(20) NOT NULL,
  `STUDENT_TRANSPORTATION_FEE_ID` bigint(20) NOT NULL,
  PRIMARY KEY (`ID`),
  KEY `FKE24D9016DD6D6B55` (`STUDENT_TRANSPORTATION_FEE_ID`),
  KEY `FKE24D90165AE8CE38` (`PICKUPPOINT_FEE_PAYMENT`)
) ENGINE=MyISAM DEFAULT CHARSET=latin1;

-- --------------------------------------------------------

--
-- Table structure for table `STUDE_POCKET_MONEY_TRAN`
--

CREATE TABLE IF NOT EXISTS `STUDE_POCKET_MONEY_TRAN` (
  `ID` bigint(20) NOT NULL,
  `AUDIT_TIMESTAMP` datetime NOT NULL,
  `AUDIT_USER_NAME` varchar(255) NOT NULL,
  `VERSION` bigint(20) NOT NULL,
  `AMOUNT` double NOT NULL,
  `BANK_BRANCH` varchar(255) DEFAULT NULL,
  `BANK_NAME` varchar(255) DEFAULT NULL,
  `CHEQUE_NR` varchar(255) DEFAULT NULL,
  `FEE_PAID_DATE` date NOT NULL,
  `PAYMENT_METHOD` varchar(255) NOT NULL,
  `SFT_TYPE` varchar(255) NOT NULL,
  `TRANSACTION_DATE` date NOT NULL,
  `TRANSACTION_NR` varchar(255) NOT NULL,
  `STUDENT_SECTION_ID` bigint(20) NOT NULL,
  PRIMARY KEY (`ID`),
  KEY `FK9BE515896AB43C0E` (`STUDENT_SECTION_ID`)
) ENGINE=MyISAM DEFAULT CHARSET=latin1;

-- --------------------------------------------------------

--
-- Table structure for table `SUBJECT`
--

CREATE TABLE IF NOT EXISTS `SUBJECT` (
  `ID` bigint(20) NOT NULL,
  `AUDIT_TIMESTAMP` datetime NOT NULL,
  `AUDIT_USER_NAME` varchar(255) NOT NULL,
  `VERSION` bigint(20) NOT NULL,
  `CODE` varchar(30) NOT NULL,
  `ELECTIVE_IND` tinyint(1) DEFAULT NULL,
  `NAME` varchar(50) NOT NULL,
  `CLASS_ID` bigint(20) NOT NULL,
  PRIMARY KEY (`ID`),
  UNIQUE KEY `CODE` (`CODE`,`CLASS_ID`),
  UNIQUE KEY `NAME` (`NAME`,`CLASS_ID`),
  KEY `FKBB75E10C5D3CCBB7` (`CLASS_ID`)
) ENGINE=MyISAM DEFAULT CHARSET=latin1;

--
-- Dumping data for table `SUBJECT`
--

INSERT INTO `SUBJECT` (`ID`, `AUDIT_TIMESTAMP`, `AUDIT_USER_NAME`, `VERSION`, `CODE`, `ELECTIVE_IND`, `NAME`, `CLASS_ID`) VALUES
(82, '2013-04-14 02:48:03', 'apeironsol', 0, 'SUB_ENG', 0, 'English', 81),
(83, '2013-04-14 02:48:21', 'apeironsol', 1, 'SUB_Sanskrit', 1, 'Sanskrit', 81),
(84, '2013-04-14 02:48:41', 'apeironsol', 0, 'SUB_Maths', 0, 'Maths', 81),
(85, '2013-04-14 02:48:56', 'apeironsol', 0, 'SUB_ECONOMICS', 0, 'Economics', 81),
(86, '2013-04-14 02:49:10', 'apeironsol', 0, 'SUB_COMMERCE', 0, 'Commerce', 81),
(104, '2013-04-14 02:54:12', 'apeironsol', 0, 'SUB_MATHS', 0, 'Maths', 103),
(105, '2013-04-14 02:54:42', 'apeironsol', 0, 'SUB_ECONOMICS', 0, 'Economics', 103),
(106, '2013-04-14 02:54:50', 'apeironsol', 0, 'SUB_COMMERCE', 0, 'Commerce', 103),
(107, '2013-04-14 02:55:08', 'apeironsol', 0, 'SUB_English', 0, 'English', 103),
(108, '2013-04-14 02:55:19', 'apeironsol', 0, 'SUB_SANSKRIT', 1, 'Sanskrit', 103);

-- --------------------------------------------------------

--
-- Table structure for table `SUPPLIER`
--

CREATE TABLE IF NOT EXISTS `SUPPLIER` (
  `ID` bigint(20) NOT NULL,
  `AUDIT_TIMESTAMP` datetime NOT NULL,
  `AUDIT_USER_NAME` varchar(255) NOT NULL,
  `VERSION` bigint(20) NOT NULL,
  `NAME` varchar(50) NOT NULL,
  `ADDRESS_ID` bigint(20) NOT NULL,
  `BRANCH_ID` bigint(20) NOT NULL,
  PRIMARY KEY (`ID`),
  UNIQUE KEY `NAME` (`NAME`,`BRANCH_ID`),
  KEY `FKCB81E9CC43FEC4EF` (`ADDRESS_ID`),
  KEY `FKCB81E9CCCF26425` (`BRANCH_ID`)
) ENGINE=MyISAM DEFAULT CHARSET=latin1;

-- --------------------------------------------------------

--
-- Table structure for table `TRANSACTION`
--

CREATE TABLE IF NOT EXISTS `TRANSACTION` (
  `ID` bigint(20) NOT NULL,
  `AUDIT_TIMESTAMP` datetime NOT NULL,
  `AUDIT_USER_NAME` varchar(255) NOT NULL,
  `VERSION` bigint(20) NOT NULL,
  `AMOUNT` double NOT NULL,
  `DESCRIPTION` varchar(250) NOT NULL,
  `TRANSACTION_DATE` datetime NOT NULL,
  `TYPE` int(11) NOT NULL,
  `FINANCIAL_ACCOUNT_ID` bigint(20) NOT NULL,
  PRIMARY KEY (`ID`),
  KEY `FKFFF466BE2CBC607A` (`FINANCIAL_ACCOUNT_ID`)
) ENGINE=MyISAM DEFAULT CHARSET=latin1;

-- --------------------------------------------------------

--
-- Table structure for table `USER_ACCOUNT`
--

CREATE TABLE IF NOT EXISTS `USER_ACCOUNT` (
  `ID` bigint(20) NOT NULL,
  `AUDIT_TIMESTAMP` datetime NOT NULL,
  `AUDIT_USER_NAME` varchar(255) NOT NULL,
  `VERSION` bigint(20) NOT NULL,
  `ACC_EXPIRED` tinyint(1) NOT NULL,
  `ACC_LOCKED` tinyint(1) NOT NULL,
  `ACTIVE` tinyint(1) NOT NULL,
  `CRDTLS_EXPIRED` tinyint(1) NOT NULL,
  `PASSWORD` varchar(100) NOT NULL,
  `USER_ACCOUNT_TYPE` varchar(255) DEFAULT NULL,
  `USERNAME` varchar(40) NOT NULL,
  PRIMARY KEY (`ID`),
  UNIQUE KEY `USERNAME` (`USERNAME`)
) ENGINE=MyISAM DEFAULT CHARSET=latin1;

--
-- Dumping data for table `USER_ACCOUNT`
--

INSERT INTO `USER_ACCOUNT` (`ID`, `AUDIT_TIMESTAMP`, `AUDIT_USER_NAME`, `VERSION`, `ACC_EXPIRED`, `ACC_LOCKED`, `ACTIVE`, `CRDTLS_EXPIRED`, `PASSWORD`, `USER_ACCOUNT_TYPE`, `USERNAME`) VALUES
(1, '2013-04-14 00:59:37', 'apeironsol', 1, 0, 0, 1, 0, '/x/2nTS83P0nTK8Eio/mXB701NbgYbvw', NULL, 'apeironsol123'),
(212, '2013-04-14 03:56:55', 'anonymous', 10, 0, 0, 1, 0, 'T7CZsZ2aj78aXFhKkKolcRjdf695jLQM', 'EMPLOYEE', 'pradeepb'),
(679, '2013-04-16 09:18:50', 'anonymous', 3, 0, 0, 1, 0, 'ce+gOqJSA/wsvy0DKbBCMs0UI7EfadIE', 'EMPLOYEE', 'nagender'),
(731, '2013-04-16 09:27:12', 'anonymous', 7, 0, 0, 1, 0, 'Kz7N901WnuapLNHV5pvn8Nwkx6tPEngM', 'EMPLOYEE', 'srinivas');

-- --------------------------------------------------------

--
-- Table structure for table `USER_ACCOUNT_USER_GROUP`
--

CREATE TABLE IF NOT EXISTS `USER_ACCOUNT_USER_GROUP` (
  `userAccounts_ID` bigint(20) NOT NULL,
  `userGroups_ID` bigint(20) NOT NULL,
  KEY `FK2A676751ED78F905` (`userGroups_ID`),
  KEY `FK2A676751EC725161` (`userAccounts_ID`)
) ENGINE=MyISAM DEFAULT CHARSET=latin1;

--
-- Dumping data for table `USER_ACCOUNT_USER_GROUP`
--

INSERT INTO `USER_ACCOUNT_USER_GROUP` (`userAccounts_ID`, `userGroups_ID`) VALUES
(212, 214),
(679, 214),
(679, 681),
(731, 733),
(212, 681);

-- --------------------------------------------------------

--
-- Table structure for table `USER_GROUP`
--

CREATE TABLE IF NOT EXISTS `USER_GROUP` (
  `ID` bigint(20) NOT NULL,
  `AUDIT_TIMESTAMP` datetime NOT NULL,
  `AUDIT_USER_NAME` varchar(255) NOT NULL,
  `VERSION` bigint(20) NOT NULL,
  `NAME` varchar(255) NOT NULL,
  PRIMARY KEY (`ID`),
  UNIQUE KEY `NAME` (`NAME`)
) ENGINE=MyISAM DEFAULT CHARSET=latin1;

--
-- Dumping data for table `USER_GROUP`
--

INSERT INTO `USER_GROUP` (`ID`, `AUDIT_TIMESTAMP`, `AUDIT_USER_NAME`, `VERSION`, `NAME`) VALUES
(214, '2013-04-14 03:57:52', 'apeironsol', 2, 'Admissions'),
(681, '2013-04-16 09:20:08', 'apeironsol123', 6, 'Accounts'),
(733, '2013-04-16 09:29:44', 'apeironsol123', 2, 'Director');

-- --------------------------------------------------------

--
-- Table structure for table `USER_GROUP_AUTHORITY`
--

CREATE TABLE IF NOT EXISTS `USER_GROUP_AUTHORITY` (
  `ID` bigint(20) NOT NULL,
  `AUDIT_TIMESTAMP` datetime NOT NULL,
  `AUDIT_USER_NAME` varchar(255) NOT NULL,
  `VERSION` bigint(20) NOT NULL,
  `AUTHORITY` varchar(255) NOT NULL,
  `GROUP_ID` bigint(20) NOT NULL,
  PRIMARY KEY (`ID`),
  KEY `FKB7EB28CF665FEFE5` (`GROUP_ID`)
) ENGINE=MyISAM DEFAULT CHARSET=latin1;

--
-- Dumping data for table `USER_GROUP_AUTHORITY`
--

INSERT INTO `USER_GROUP_AUTHORITY` (`ID`, `AUDIT_TIMESTAMP`, `AUDIT_USER_NAME`, `VERSION`, `AUTHORITY`, `GROUP_ID`) VALUES
(219, '2013-04-15 00:39:53', 'apeironsol', 0, 'ACCESS_STUDENTS', 214),
(218, '2013-04-15 00:39:53', 'apeironsol', 0, 'ACCESS_BRANCH', 214),
(220, '2013-04-15 00:39:54', 'apeironsol', 0, 'ACCESS_ADMISSIONS', 214),
(221, '2013-04-15 00:39:54', 'apeironsol', 0, 'CREATE_ADMISSION', 214),
(222, '2013-04-15 00:39:54', 'apeironsol', 0, 'REVIEW_ADMISSION', 214),
(223, '2013-04-15 00:39:54', 'apeironsol', 0, 'ACCEPT_ADMISSION', 214),
(224, '2013-04-15 00:39:54', 'apeironsol', 0, 'ADMIT_ADMISSION', 214),
(225, '2013-04-15 00:39:54', 'apeironsol', 0, 'REJECT_ADMISSION', 214),
(226, '2013-04-15 00:39:54', 'apeironsol', 0, 'ROLLBACK_ADMISSION', 214),
(1135, '2013-04-21 04:17:11', 'apeironsol123', 0, 'REMOVE_INVESTMENT', 681),
(1134, '2013-04-21 04:17:11', 'apeironsol123', 0, 'CREATE_INVESTMENT', 681),
(1130, '2013-04-21 04:17:11', 'apeironsol123', 0, 'CREATE_LIABILITY', 681),
(1131, '2013-04-21 04:17:11', 'apeironsol123', 0, 'REMOVE_LIABILITY', 681),
(1132, '2013-04-21 04:17:11', 'apeironsol123', 0, 'CREATE_INCOME', 681),
(1133, '2013-04-21 04:17:11', 'apeironsol123', 0, 'REMOVE_INCOME', 681),
(1127, '2013-04-21 04:17:11', 'apeironsol123', 0, 'ACCESS_ADMISSIONS', 681),
(1128, '2013-04-21 04:17:11', 'apeironsol123', 0, 'ACCESS_STUDENTS', 681),
(1129, '2013-04-21 04:17:11', 'apeironsol123', 0, 'ACCESS_BRANCH', 681),
(1125, '2013-04-21 04:17:11', 'apeironsol123', 0, 'CREATE_PURCHASE_ORDER', 681),
(1126, '2013-04-21 04:17:11', 'apeironsol123', 0, 'UPDATE_PURCHASE_ORDER', 681),
(1124, '2013-04-21 04:17:11', 'apeironsol123', 0, 'ACCESS_FEE_DEFINITIONS', 681),
(1123, '2013-04-21 04:17:11', 'apeironsol123', 0, 'ACCESS_FINANCIALS', 681),
(1122, '2013-04-21 04:17:11', 'apeironsol123', 0, 'ACCESS_STUDENT_FEE', 681),
(1120, '2013-04-21 04:17:11', 'apeironsol123', 0, 'ACCESS_FEE_COLLECTED', 681),
(1121, '2013-04-21 04:17:11', 'apeironsol123', 0, 'ACCESS_FINANCIALS_ASSERTS_AND_LIABILITIES', 681),
(1118, '2013-04-21 04:17:11', 'apeironsol123', 0, 'ACCESS_FINANCIALS_FEE_DETAILS', 681),
(1119, '2013-04-21 04:17:11', 'apeironsol123', 0, 'ACCESS_FINANCIALS_PROCESS_FEE_TRANSACTIONS', 681),
(817, '2013-04-16 09:31:33', 'apeironsol123', 0, 'PROCESS_FEE_DEDUCTION', 733),
(816, '2013-04-16 09:31:33', 'apeironsol123', 0, 'PROCESS_FEE_REFUND', 733),
(815, '2013-04-16 09:31:33', 'apeironsol123', 0, 'PROCESS_FEE_PAYMENT', 733),
(814, '2013-04-16 09:31:33', 'apeironsol123', 0, 'REMOVE_FEE_DEFINITION', 733),
(813, '2013-04-16 09:31:33', 'apeironsol123', 0, 'CREATE_FEE_DEFINITION', 733),
(812, '2013-04-16 09:31:33', 'apeironsol123', 0, 'REMOVE_HOLIDAY', 733),
(811, '2013-04-16 09:31:33', 'apeironsol123', 0, 'CREATE_HOLIDAY', 733),
(810, '2013-04-16 09:31:33', 'apeironsol123', 0, 'REMOVE_WEEKEND', 733),
(809, '2013-04-16 09:31:33', 'apeironsol123', 0, 'CREATE_WEEKEND', 733),
(808, '2013-04-16 09:31:33', 'apeironsol123', 0, 'ROLLBACK_ADMISSION', 733),
(807, '2013-04-16 09:31:33', 'apeironsol123', 0, 'REJECT_ADMISSION', 733),
(806, '2013-04-16 09:31:33', 'apeironsol123', 0, 'ADMIT_ADMISSION', 733),
(805, '2013-04-16 09:31:33', 'apeironsol123', 0, 'ACCEPT_ADMISSION', 733),
(804, '2013-04-16 09:31:33', 'apeironsol123', 0, 'CREATE_ADMISSION', 733),
(803, '2013-04-16 09:31:33', 'apeironsol123', 0, 'REVIEW_ADMISSION', 733),
(802, '2013-04-16 09:31:33', 'apeironsol123', 0, 'REMOVE_EMPLOYEE', 733),
(801, '2013-04-16 09:31:33', 'apeironsol123', 0, 'UPDATE_EMPLOYEE', 733),
(800, '2013-04-16 09:31:33', 'apeironsol123', 0, 'CREATE_EMPLOYEE', 733),
(799, '2013-04-16 09:31:33', 'apeironsol123', 0, 'REMOVE_ATTENDANCE', 733),
(798, '2013-04-16 09:31:33', 'apeironsol123', 0, 'CREATE_ATTENDANCE', 733),
(797, '2013-04-16 09:31:33', 'apeironsol123', 0, 'REMOVE_TIMETABLE', 733),
(796, '2013-04-16 09:31:33', 'apeironsol123', 0, 'CREATE_TIMETABLE', 733),
(795, '2013-04-16 09:31:33', 'apeironsol123', 0, 'DEACTIVATE_SECTION', 733),
(794, '2013-04-16 09:31:33', 'apeironsol123', 0, 'ACTIVATE_SECTION', 733),
(793, '2013-04-16 09:31:33', 'apeironsol123', 0, 'REMOVE_SECTION', 733),
(792, '2013-04-16 09:31:33', 'apeironsol123', 0, 'CREATE_SECTION', 733),
(791, '2013-04-16 09:31:33', 'apeironsol123', 0, 'ACCESS_FEE_COLLECTED', 733),
(790, '2013-04-16 09:31:33', 'apeironsol123', 0, 'ACCESS_ADMISSIONS', 733),
(789, '2013-04-16 09:31:33', 'apeironsol123', 0, 'ACCESS_ACADEMICS', 733),
(788, '2013-04-16 09:31:33', 'apeironsol123', 0, 'ACCESS_STUDENT_FEE', 733),
(787, '2013-04-16 09:31:33', 'apeironsol123', 0, 'ACCESS_HRM_INFO', 733),
(786, '2013-04-16 09:31:33', 'apeironsol123', 0, 'ACCESS_FINANCIALS', 733),
(785, '2013-04-16 09:31:33', 'apeironsol123', 0, 'ACCESS_STUDENTS', 733),
(784, '2013-04-16 09:31:33', 'apeironsol123', 0, 'ACCESS_FEE_DEFINITIONS', 733),
(783, '2013-04-16 09:31:33', 'apeironsol123', 0, 'ACCESS_BRANCH', 733),
(782, '2013-04-16 09:31:33', 'apeironsol123', 0, 'ACCESS_SETTINGS', 733),
(781, '2013-04-16 09:31:33', 'apeironsol123', 0, 'ACCESS_BRANCHS', 733),
(818, '2013-04-16 09:31:33', 'apeironsol123', 0, 'CREATE_FEE_REFUND_REQUEST', 733),
(819, '2013-04-16 09:31:33', 'apeironsol123', 0, 'ACCEPT_FEE_REFUND_REQUEST', 733),
(820, '2013-04-16 09:31:33', 'apeironsol123', 0, 'REJECT_FEE_REFUND_REQUEST', 733),
(821, '2013-04-16 09:31:33', 'apeironsol123', 0, 'CREATE_FEE_DEDUCTION_REQUEST', 733),
(822, '2013-04-16 09:31:33', 'apeironsol123', 0, 'ACCEPT_FEE_DEDUCTION_REQUEST', 733),
(823, '2013-04-16 09:31:33', 'apeironsol123', 0, 'REJECT_FEE_DEDUCTION_REQUEST', 733),
(824, '2013-04-16 09:31:33', 'apeironsol123', 0, 'CREATE_PURCHASE_ORDER', 733),
(825, '2013-04-16 09:31:33', 'apeironsol123', 0, 'UPDATE_PURCHASE_ORDER', 733),
(826, '2013-04-16 09:31:33', 'apeironsol123', 0, 'ACCESS_BUILDING_BLOCKS', 733),
(1117, '2013-04-21 04:17:11', 'apeironsol123', 0, 'ACCESS_FINANCIALS_INCOME_EXXPENSES', 681),
(1116, '2013-04-21 04:17:11', 'apeironsol123', 0, 'ACCESS_FINANCIALS_PURCHASES', 681),
(1115, '2013-04-21 04:17:11', 'apeironsol123', 0, 'ACCESS_FINANCIALS_INVOICE_SUPPLIERS', 681),
(1114, '2013-04-21 04:17:11', 'apeironsol123', 0, 'PROCESS_FEE_PAYMENT', 681),
(1113, '2013-04-21 04:17:11', 'apeironsol123', 0, 'REMOVE_FEE_DEFINITION', 681),
(1112, '2013-04-21 04:17:11', 'apeironsol123', 0, 'CREATE_FEE_DEFINITION', 681),
(1111, '2013-04-21 04:17:11', 'apeironsol123', 0, 'PROCESS_FEE_DEDUCTION', 681),
(1110, '2013-04-21 04:17:11', 'apeironsol123', 0, 'PROCESS_FEE_REFUND', 681),
(1109, '2013-04-21 04:17:11', 'apeironsol123', 0, 'CREATE_FEE_REFUND_REQUEST', 681),
(1108, '2013-04-21 04:17:11', 'apeironsol123', 0, 'REMOVE_ASSERT', 681),
(1107, '2013-04-21 04:17:11', 'apeironsol123', 0, 'CREATE_ASSERT', 681),
(1106, '2013-04-21 04:17:11', 'apeironsol123', 0, 'CREATE_FEE_DEDUCTION_REQUEST', 681),
(1136, '2013-04-21 04:17:11', 'apeironsol123', 0, 'CREATE_EXPENSES', 681),
(1137, '2013-04-21 04:17:11', 'apeironsol123', 0, 'REMOVE_EXPENSES', 681),
(1138, '2013-04-21 04:17:11', 'apeironsol123', 0, 'ACCEPT_FEE_REFUND_REQUEST', 681),
(1139, '2013-04-21 04:17:11', 'apeironsol123', 0, 'REJECT_FEE_REFUND_REQUEST', 681),
(1140, '2013-04-21 04:17:11', 'apeironsol123', 0, 'ACCEPT_FEE_DEDUCTION_REQUEST', 681),
(1141, '2013-04-21 04:17:12', 'apeironsol123', 0, 'REJECT_FEE_DEDUCTION_REQUEST', 681);

-- --------------------------------------------------------

--
-- Table structure for table `USER_ROLE`
--

CREATE TABLE IF NOT EXISTS `USER_ROLE` (
  `ID` bigint(20) NOT NULL,
  `AUDIT_TIMESTAMP` datetime NOT NULL,
  `AUDIT_USER_NAME` varchar(255) NOT NULL,
  `VERSION` bigint(20) NOT NULL,
  `USER_ROLE` varchar(255) NOT NULL,
  `USER_ACCOUNT_ID` bigint(20) NOT NULL,
  PRIMARY KEY (`ID`),
  KEY `FKBC16F46AC9C05F59` (`USER_ACCOUNT_ID`)
) ENGINE=MyISAM DEFAULT CHARSET=latin1;

--
-- Dumping data for table `USER_ROLE`
--

INSERT INTO `USER_ROLE` (`ID`, `AUDIT_TIMESTAMP`, `AUDIT_USER_NAME`, `VERSION`, `USER_ROLE`, `USER_ACCOUNT_ID`) VALUES
(1, '2013-04-14 00:59:37', 'apeironsol', 0, 'ROLE_APEIRONSOL', 1),
(213, '2013-04-14 03:56:55', 'anonymous', 0, 'ROLE_EMPLOYEE', 212),
(680, '2013-04-16 09:18:50', 'anonymous', 0, 'ROLE_EMPLOYEE', 679),
(732, '2013-04-16 09:27:12', 'anonymous', 0, 'ROLE_EMPLOYEE', 731);

-- --------------------------------------------------------

--
-- Table structure for table `VEHICLE`
--

CREATE TABLE IF NOT EXISTS `VEHICLE` (
  `ID` bigint(20) NOT NULL,
  `AUDIT_TIMESTAMP` datetime NOT NULL,
  `AUDIT_USER_NAME` varchar(255) NOT NULL,
  `VERSION` bigint(20) NOT NULL,
  `CAPACITY` int(11) NOT NULL,
  `VEHICLE_NUMBER` varchar(20) NOT NULL,
  `TYPE` varchar(50) NOT NULL,
  `BRANCH_ID` bigint(20) NOT NULL,
  PRIMARY KEY (`ID`),
  KEY `FK3F2F1B0CCF26425` (`BRANCH_ID`)
) ENGINE=MyISAM DEFAULT CHARSET=latin1;

-- --------------------------------------------------------

--
-- Table structure for table `VEHICLE_ROUTE`
--

CREATE TABLE IF NOT EXISTS `VEHICLE_ROUTE` (
  `routes_ID` bigint(20) NOT NULL,
  `vehicles_ID` bigint(20) NOT NULL,
  PRIMARY KEY (`routes_ID`,`vehicles_ID`),
  KEY `FK49BEBF3632416441` (`vehicles_ID`),
  KEY `FK49BEBF36C78DCC7B` (`routes_ID`)
) ENGINE=MyISAM DEFAULT CHARSET=latin1;

/*!40101 SET CHARACTER_SET_CLIENT=@OLD_CHARACTER_SET_CLIENT */;
/*!40101 SET CHARACTER_SET_RESULTS=@OLD_CHARACTER_SET_RESULTS */;
/*!40101 SET COLLATION_CONNECTION=@OLD_COLLATION_CONNECTION */;
